"Sector_or_Carrier","DemandRepresentation","SupplyRepresentation","ElectricityInteraction","HydrogenInteraction","FuelInteraction","CarbonTreatment","DomesticNetwork","CrossBorderNetwork","FirstFullSCStatus","MainSource","RemainingBlocker","Materiality","Phase4Action","EvidenceClass","ImplementationState","NumericInputStatus"
"Power","A*终端父账扣除已转移子账；未来转换电由真实Link/负荷内生发生","接受的现有发电/储能/供电转换候选；非无限免费电源","向全部保留sector供电","电解耗电；已有合格H2回电","常规机组消耗实际carrier","原Power绝对轨迹；发电供任何用途均入Policy；完整报告一次","同一国内网、存量、扩张候选","AC/DC为唯一核心干预：Integrated启用接受集合；Disconnected完全停用且不可扩回","EXPLICIT","Phase3A7 RESEARCH_ELECTRICITY_BOUNDARY_FREEZE; CROSS_BORDER_INTERVENTION_CONTRACT","P4-01;P4-02;P4-06;P4-07;P4-08;P4-09","直接决定电量、投资、储存、互联与成本","实现A*与唯一电力边差异，验收Power scope及国内网保护","FROZEN_DESIGN_CONTRACT_FROM_USER_AND_CODE_TRACE","PHASE4_NOT_ASSEMBLED","NO_NEW_NUMERIC_INPUT_ACCEPTED"
"Buildings Residential","本部门独立最终电/燃料账户；证据不足thermal/cooling嵌入；cooking非显式但须记账","既有供电/分载体燃料；仅来源合格热服务才显式供热","A*内一次；合格拆分才等量转出；未来HP电不得双装","不新增直接H2终端","实际direct fuel不丢失、不混成oil","直接燃烧入FullSystem；供电发电入Power","仅合格热服务使用本国/本节点已有供热候选；不造DH存量","无跨境热/燃料物理池；电力影响间接传递","FIXED","Phase3A7 BUILDINGS_FIRST_FULLSC_BOUNDARY; user Phase3C sections 2–3","P4-01;P4-02;P4-05;P4-06;P4-08","R/S电与燃料重复会改变电力规模及成本","保持R/S分离和thermal资格；实施父子互斥，不重开用途深挖","FROZEN_DESIGN_CONTRACT_FROM_USER_AND_CODE_TRACE","PHASE4_NOT_ASSEMBLED","NO_NEW_NUMERIC_INPUT_ACCEPTED"
"Buildings Services","本部门独立最终电/燃料账户；证据不足thermal/cooling嵌入；cooking非显式但须记账","既有供电/分载体燃料；仅来源合格热服务才显式供热","A*内一次；合格拆分才等量转出；未来HP电不得双装","不新增直接H2终端","实际direct fuel不丢失、不混成oil","直接燃烧入FullSystem；供电发电入Power","仅合格热服务使用本国/本节点已有供热候选；不造DH存量","无跨境热/燃料物理池；电力影响间接传递","FIXED","Phase3A7 BUILDINGS_FIRST_FULLSC_BOUNDARY; user Phase3C sections 2–3","P4-01;P4-02;P4-05;P4-06;P4-08","R/S电与燃料重复会改变电力规模及成本","保持R/S分离和thermal资格；实施父子互斥，不重开用途深挖","FROZEN_DESIGN_CONTRACT_FROM_USER_AND_CODE_TRACE","PHASE4_NOT_ASSEMBLED","NO_NEW_NUMERIC_INPUT_ACCEPTED"
"Road","aggregate最终能耗接口＋外生EV energy-share路径；不做客货或车辆细分","显式EV固定充电；剩余ICE按实际载体固定燃料义务","新road电力账户按Phase3B2与A* exactly once；非车队默认算法","FCEV/DSM/V2G均deferred","残余燃料可由既有合法供应提供；不按车数share误作energy-share","供电入Power；尾气入FullSystem","无新车队/充电网络投资模型；两组同一曲线","无新跨境transport载体网络","EXPLICIT","Phase3B2 ROAD_ENERGY_ACCOUNTING_SPEC; ROAD_EV_ELECTRICITY_ACCOUNTING","P4-01;P4-02;P4-05;P4-06;P4-08","电量和充电时序直接影响互联/储能","实现已冻结energy-share公式并核对来源、父账、年度/时段守恒","FROZEN_DESIGN_CONTRACT_FROM_USER_AND_CODE_TRACE","PHASE4_NOT_ASSEMBLED","NO_NEW_NUMERIC_INPUT_ACCEPTED"
"Rail","电/燃料嵌入相关父账户一次；保留rail标签供核算","沿父账户供电/燃料供应","不得从A*扣除后又无rail Load","无新H2 rail","非电rail燃烧义务保留一次","rail非电燃烧入FullSystem；供电入Power","不建轨道车辆技术模型","无新增载体网络","EMBEDDED","Phase3B2 RAIL_EMBEDDED_ACCOUNTING","P4-01;P4-02;P4-06;P4-08","漏量/重复可影响总需求与排放","证明rail包含关系并禁止无接收子账扣量","FROZEN_DESIGN_CONTRACT_FROM_USER_AND_CODE_TRACE","PHASE4_NOT_ASSEMBLED","NO_NEW_NUMERIC_INPUT_ACCEPTED"
"Shipping Domestic","独立domestic最终燃料义务；按接受的原carrier与国别归属","既有化石液体＋合法FT供给；不建船/机技术选择","FT供应耗电间接耦合；不虚构直接电推进","仅经FT间接用H2；direct marine H2/NH3/MeOH deferred","义务与合成燃料供给分开，燃料账户一次","独立domestic/bunker FullSystem报告；供电仍Power","接受的港口/机场权重及年度时段分配守恒","航运/航空义务不是区域能源运输网络授权","FIXED","Phase3B2 SHIPPING_FUEL_ACCOUNTING","P4-01;P4-02;P4-04;P4-05;P4-06;P4-08","燃料量可显著驱动FT/H2/电与投资","保留四独立账；评审shipping候选并核对实际国家/节点/时段","FROZEN_DESIGN_CONTRACT_FROM_USER_AND_CODE_TRACE","PHASE4_NOT_ASSEMBLED","NO_NEW_NUMERIC_INPUT_ACCEPTED"
"Shipping International","独立international bunker最终燃料义务；按接受的原carrier与国别归属","既有化石液体＋合法FT供给；不建船/机技术选择","FT供应耗电间接耦合；不虚构直接电推进","仅经FT间接用H2；direct marine H2/NH3/MeOH deferred","义务与合成燃料供给分开，燃料账户一次","独立domestic/bunker FullSystem报告；供电仍Power","接受的港口/机场权重及年度时段分配守恒","航运/航空义务不是区域能源运输网络授权","FIXED","Phase3B2 SHIPPING_FUEL_ACCOUNTING","P4-01;P4-02;P4-04;P4-05;P4-06;P4-08","燃料量可显著驱动FT/H2/电与投资","保留四独立账；评审shipping候选并核对实际国家/节点/时段","FROZEN_DESIGN_CONTRACT_FROM_USER_AND_CODE_TRACE","PHASE4_NOT_ASSEMBLED","NO_NEW_NUMERIC_INPUT_ACCEPTED"
"Aviation Domestic","独立domestic最终燃料义务；按接受的原carrier与国别归属","既有化石液体＋合法FT供给；不建船/机技术选择","FT供应耗电间接耦合；不虚构直接电推进","仅经FT间接用H2；不新增H2飞机","义务与合成燃料供给分开，燃料账户一次","独立domestic/bunker FullSystem报告；供电仍Power","接受的港口/机场权重及年度时段分配守恒","航运/航空义务不是区域能源运输网络授权","FIXED","Phase3B2 AVIATION_FUEL_ACCOUNTING","P4-01;P4-02;P4-05;P4-06;P4-08","燃料量可显著驱动FT/H2/电与投资","保留四独立账；核对航空国别/机场/年度燃料守恒","FROZEN_DESIGN_CONTRACT_FROM_USER_AND_CODE_TRACE","PHASE4_NOT_ASSEMBLED","NO_NEW_NUMERIC_INPUT_ACCEPTED"
"Aviation International","独立international bunker最终燃料义务；按接受的原carrier与国别归属","既有化石液体＋合法FT供给；不建船/机技术选择","FT供应耗电间接耦合；不虚构直接电推进","仅经FT间接用H2；不新增H2飞机","义务与合成燃料供给分开，燃料账户一次","独立domestic/bunker FullSystem报告；供电仍Power","接受的港口/机场权重及年度时段分配守恒","航运/航空义务不是区域能源运输网络授权","FIXED","Phase3B2 AVIATION_FUEL_ACCOUNTING","P4-01;P4-02;P4-05;P4-06;P4-08","燃料量可显著驱动FT/H2/电与投资","保留四独立账；核对航空国别/机场/年度燃料守恒","FROZEN_DESIGN_CONTRACT_FROM_USER_AND_CODE_TRACE","PHASE4_NOT_ASSEMBLED","NO_NEW_NUMERIC_INPUT_ACCEPTED"
"Industry","固定分carrier最终能耗核心；有限Mode C只在合格共同服务块启用；TL不构建无来源子账","已有合法燃料/热/H2供应和捕集选项；非完整工艺优化","工业电在A*一次；服务拆分须有来源和完整父账转移","仅已接受独立H2义务或合格服务；无虚构activity","煤/油/气/生物质与非能源原料身份保真；NH3 deferred时保留原化工量","直接燃烧/过程/原料入FullSystem；不自动污染Power cap","GDP候选分配＋同国内供给候选；服务温度端须相容","所有实体carrier/过程碳pool不得跨国共享","FIXED","INDUSTRY_FIRST_FULLSC_BOUNDARY; evidence/INDUSTRY_REVIEW","P4-01;P4-03;P4-05;P4-06;P4-08","需求空表/增长/重复/煤漏量能改变投资和互联结论","集成GDP候选，接受growth，修唯一热列/煤义务/互斥，保留TL缺失标志","FROZEN_DESIGN_CONTRACT_FROM_USER_AND_CODE_TRACE","PHASE4_NOT_ASSEMBLED","NO_NEW_NUMERIC_INPUT_ACCEPTED"
"Agriculture","农业电嵌入A*；按实际carrier保留固定燃料；未知不造零","已有电/燃料供应；无农业设备服务模型","A*内一次；不重复add_agriculture电Load","无直接H2服务；FT供应可间接用H2","oil/biomass/coal不因旧函数只消费oil而遗漏","非电燃烧入FullSystem；供电入Power","沿接受的既有分配权重；无作物/机械/灌溉网","无新增物理跨国载体网络","FIXED","AGRICULTURE_FIRST_FULLSC_BOUNDARY; evidence/AGRICULTURE_OBSERVATIONS","P4-01;P4-02;P4-05;P4-06;P4-08","缓存fuel规模及FT路径有系统影响；未证明完整ASEAN规模","保留分载体量与父账；缺失/growth交共同输入门槛，勿无依据设0","FROZEN_DESIGN_CONTRACT_FROM_USER_AND_CODE_TRACE","PHASE4_NOT_ASSEMBLED","NO_NEW_NUMERIC_INPUT_ACCEPTED"
"Hydrogen","接受的industry/FT/既有回电端需求；无额外固定出口业务","节点电解及接受的已有SMR/SMR CC等；技术与成本接受后保留","电解耗电；已有回电技术返回AC","国家/节点H2 Bus；既有tank；无数据不启用地下储氢","SMR用gas；FT耗H2产生液体","按物理来源/用途分配报告与原Power信用；共享用途须验收","首版pipeline默认不建；当地tank与转换在两组相同","OFF；也不得经共同H2出口池/Store形成通道","EXPLICIT","HYDROGEN_FUEL_BOUNDARY; U prepare_sector_network.add_hydrogen; add_export","P4-01;P4-05;P4-06;P4-08","主要新增电负荷、储能、FT成本与供给路径","接通有成本且可达的本地H2链，检查实际Link方向及全部端口","FROZEN_DESIGN_CONTRACT_FROM_USER_AND_CODE_TRACE","PHASE4_NOT_ASSEMBLED","NO_NEW_NUMERIC_INPUT_ACCEPTED"
"Synthetic fuels","供给选项；不得把固定燃料义务再复制成新需求","接受的已有FT；其他gas合成只在既有接受集合内","转换耗电真实接入AC；不预装固定A*","真实H2输入产生内生需求","供给当地oil/gas义务；无新增免费成品进口","来源CO2→利用→再排闭合；利用不等于永久封存","国内/节点CO2、H2、辅助热等输入均合法可达","无合成燃料跨国pool/套利替代电网","EXPLICIT","Phase3B2 TRANSPORT_SYNTHETIC_FUEL_ACCOUNTING; HYDROGEN_FUEL_BOUNDARY","P4-01;P4-05;P4-06;P4-08","可显著改变H2/电量与投资","验证输入效率端、能源/碳守恒、成本一次及辅助热供给","FROZEN_DESIGN_CONTRACT_FROM_USER_AND_CODE_TRACE","PHASE4_NOT_ASSEMBLED","NO_NEW_NUMERIC_INPUT_ACCEPTED"
"Gas","实际燃烧/SMR/既有转换所需commodity","既有外生gas源＋接受的已有国内合成候选；不据Generator推断国内开采","发电/合成等既有耦合","SMR供H2；接受的甲烷合成可耗H2","购入量可优化；外部price/availability固定且两组一致","源/燃烧/转换不得双计；按用途区分Policy与report","当地Bus/Store；国内管道仅在共同接受集合中","物理跨国gas连接与扩张OFF；外部commodity进口仍可保留","EXTERNAL_SUPPLY","EXTERNAL_COMMODITY_SUPPLY_BOUNDARY; U add_carrier_buses/define_spatial","P4-01;P4-05;P4-06;P4-08","影响发电/SMR成本与国家投资","隔离物理池；明确外部源标签、价格、上限、碳因子与方向","FROZEN_DESIGN_CONTRACT_FROM_USER_AND_CODE_TRACE","PHASE4_NOT_ASSEMBLED","NO_NEW_NUMERIC_INPUT_ACCEPTED"
"Oil","各部门已接受分载体液体义务；原料与燃烧分开","既有化石oil外生供给＋本地FT；无新进口产品种类","FT耗电间接耦合","FT耗H2间接耦合","外部购入量优化、价/可用性外生；与FT共用供给端须追踪来源","燃烧/非能源原料/回收碳流分别报告","本地oil Bus/Store；相同供给与存储候选","无共享Earth实物油池；不可国内生产经外部源转售他国","EXTERNAL_SUPPLY","EXTERNAL_COMMODITY_SUPPLY_BOUNDARY; U add_carrier_buses/define_spatial","P4-01;P4-05;P4-06;P4-08","影响交通工业农业燃料和FT需求","外部源无回流；全carrier义务保量；库存和碳可追溯","FROZEN_DESIGN_CONTRACT_FROM_USER_AND_CODE_TRACE","PHASE4_NOT_ASSEMBLED","NO_NEW_NUMERIC_INPUT_ACCEPTED"
"Biomass","已接受工业/农业等义务＋现有转换端消耗","已接受既有资源/commodity边界；finite与infinite不可混用","既有power/heat/供给转换影响发电","既有合格供给路径可间接关联H2；不新增需求","solid biomass/biogas区分；不新增免费进口","沿接受的生物碳/CC规则，不假定全零","本国/节点库存与转换；接受潜力按来源约束","OFF；biomass_transport=false仍有Earth pool，须隔离","FIXED","FULLSC_CARRIER_INVENTORY; U define_spatial/add_biomass","P4-01;P4-05;P4-06;P4-08","潜力误复制/免费跨国共享影响成本/投资","不得把ASEAN潜力复制11次；分配来源或保留同一明确非运输资源约束","FROZEN_DESIGN_CONTRACT_FROM_USER_AND_CODE_TRACE","PHASE4_NOT_ASSEMBLED","NO_NEW_NUMERIC_INPUT_ACCEPTED"
"CO2","全系统大气记账视图；非实体商品需求","汇总实际物理排放/吸收事件","全用途发电仍入原Power政策视图","SMR/CC/合成依真实来源/用途记账","直接燃烧、过程与原料碳分明","ReportingCO2_FullSystem包含Power；不能再与Policy相加","全局atmosphere可记账，非跨国实体仓库","仅全局报告；无实体跨国CO2运输授权","REPORTING_ONLY","CARBON_SCOPE_FREEZE; Phase2 CARBON_SCOPE_TEST","P4-06;P4-08","误将全系统报告直接套Power cap会改变政策与技术选择","分离Power表达式和完整事件账，保留同一物理碳守恒","FROZEN_DESIGN_CONTRACT_FROM_USER_AND_CODE_TRACE","PHASE4_NOT_ASSEMBLED","NO_NEW_NUMERIC_INPUT_ACCEPTED"
"Heat","仅接受的共同服务或已有转换辅助热；其他thermal嵌入","仅已有合格技术，温度/效率端口可比；无统一ASEAN DH假设","合格HP/电阻等实际耗电；无重复预装","仅已有合格转换/辅助路径；无虚构H2热需求","燃烧供热真实carrier义务","直接非power入报告；CHP共享归属须守恒接受","本国/节点Bus/Store及接受候选","不建立跨国热网络","EXPLICIT","INDUSTRY_FIRST_FULLSC_BOUNDARY; Phase3A7 buildings boundary; U add_heat","P4-01;P4-02;P4-03;P4-05;P4-06;P4-08","非法热接口/孤立辅助负荷影响可行性及效率","按服务资格白名单构建；无资格仍fixed/embedded；验证辅助供给","FROZEN_DESIGN_CONTRACT_FROM_USER_AND_CODE_TRACE","PHASE4_NOT_ASSEMBLED","NO_NEW_NUMERIC_INPUT_ACCEPTED"
"Coal / lignite","保留的发电与工业/农业真实载体义务；不是新增煤情景","已有接受燃料供应类型；不新增转换技术","既有煤发电供电；非电煤不默认转电","仅在原接受技术集合内，不自动新增煤制H2","煤/褐煤不混成gas/oil；原地资源/进口身份待接受","能源义务与燃烧报告一致；工业煤不能只算CO2","当地fuel Bus/Store；有限资源同一约束","无跨国共同实物库存/自由运输","EXTERNAL_SUPPLY","U add_carrier_buses/define_spatial/add_industry; INDUSTRY_FIRST_FULLSC_BOUNDARY","P4-01;P4-03;P4-05;P4-06;P4-08","工业煤漏买燃料/资源复制会改变成本和排放","恢复固定煤义务；检查lignite非空间分支，保持存量/候选集合","FROZEN_DESIGN_CONTRACT_FROM_USER_AND_CODE_TRACE","PHASE4_NOT_ASSEMBLED","NO_NEW_NUMERIC_INPUT_ACCEPTED"
"Ammonia","独立NH3需求首版deferred；原化工gas/electricity父账保留","U有HB/cracker能力但首版不启用独立系统","原化工电仍计A*一次","不新增NH3衍生H2/航运义务","不自动增加NH3 commodity进口","原化工能耗/过程碳保持；无虚构NH3路径","独立NH3设备/储存deferred","OFF","DEFERRED","U build_industry_demand:294–344; U add_ammonia; HYDROGEN_FUEL_BOUNDARY","P4-03;P4-08","只关设备但复用已扣量缓存可丢失需求","同步需求生成/构造开关与缓存身份；证明原化工量未丢","FROZEN_DESIGN_CONTRACT_FROM_USER_AND_CODE_TRACE","PHASE4_NOT_ASSEMBLED","NO_NEW_NUMERIC_INPUT_ACCEPTED"
"Methanol","首版无新增独立义务","本次固定源码未发现专用路径；不新建","无新耗电","无新H2需求","不新增外部MeOH进口","无未经证据支持的新路径","不新增","OFF","DEFERRED","FULLSC_CARRIER_INVENTORY; user Phase3C sections 4/17/20","NONE_DEFERRED_OUT_OF_SCOPE","无首版业务需求，不单列数据blocker","保持deferred；未来扩展另有研究范围接受","FROZEN_DESIGN_CONTRACT_FROM_USER_AND_CODE_TRACE","PHASE4_NOT_ASSEMBLED","NO_NEW_NUMERIC_INPUT_ACCEPTED"
"CO2 physical captured / stored","本国FT/已有合格CCS的真实CO2输入/库存","接受的点源捕集/DAC等已有路径；无跨国进口","DAC/CC/FT辅助能耗接入实际供给","FT耗H2且需要合法本地CO2","来源化石/生物/大气可追踪，非免费统一池","capture、利用、再排、永久封存区别；不得信用双计","国家/节点实体池与Store；地域/总量上限不重复","OFF；process-emissions与co2 stored共享池须处理","EXPLICIT","U define_spatial/add_co2/add_industry; U solve_network.add_co2_sequestration_limit","P4-01;P4-05;P4-06;P4-08","隐含跨境CC/FT与错误封存信用影响H2/电与碳约束","隔离物理碳、追踪所有Link端口；接受资源上限及时间口径","FROZEN_DESIGN_CONTRACT_FROM_USER_AND_CODE_TRACE","PHASE4_NOT_ASSEMBLED","NO_NEW_NUMERIC_INPUT_ACCEPTED"
"Industry qualified Mode C service blocks","仅合格service/activity envelope；当前未自动接受任何非空服务集合","已有且同服务计量端的技术选择；无完整钢铁/水泥/化工重建","服务拆出后电输入由转换决定；先转移父账一次","仅已有合格H2服务路径","守恒服务Q而非强制各方案最终能耗相等","按真实燃烧/过程/供电碳视图","沿原国内候选且有合法供给","无新增跨境carrier","DEFERRED","INDUSTRY_FIRST_FULLSC_BOUNDARY; evidence/INDUSTRY_REVIEW","P4-01;P4-03","错误把final MWh改名activity会虚构替代潜力","有合格证据才激活；空集则明确Mode A固定核心继续，不阻塞设计","FROZEN_DESIGN_CONTRACT_FROM_USER_AND_CODE_TRACE","PHASE4_NOT_ASSEMBLED","NO_NEW_NUMERIC_INPUT_ACCEPTED"
"PolicyCO2_Power implementation","原ASEAN Power绝对年度预算约束，不是能源服务需求","不添加碳信用供给业务","所有终端/转换诱发发电均留Power scope","保原paper供电H2链，共享用途实际归属需验收","非电直接燃烧不因SC恢复自动并入Power cap","原六年1000→100 Mt轨迹；同一区域预算；report分离","同一Power用途范围和年度缩放","共享政策预算不是物理网络；Disconnected仍非11国独立问题","SYSTEM_LEVEL_BLOCKER","CARBON_SCOPE_FREEZE; Phase2 CARBON_EQUIVALENCE_TEST/PAPER_CARBON_ACCOUNTING","P4-06;P4-08;P4-09","当前global CO2表达式可误收全部sector排放","集成key候选后独立实现scope，做退化等价与非电增量不污染Policy验收","FROZEN_DESIGN_CONTRACT_FROM_USER_AND_CODE_TRACE","PHASE4_NOT_ASSEMBLED","NO_NEW_NUMERIC_INPUT_ACCEPTED"
