"Country","Sector","SpaceHeating","WaterHeating","Cooling","Cooking","DirectElectricity","DirectFuel","Representation","EvidenceStatus","FullSC_Blocker","Reason","ThermalDetailBlocker","SharedGateIDs","ExplicitThermalEligibility","ThermalPromotionStatus","BoundaryDecisionStatus","NumericDataAcceptance","NumericInputWritten","ParentContainment","Evidence","CountrySpecificSystemConcern","Sensitivity"
"BN","Residential","EMBEDDED","EMBEDDED","EMBEDDED","EMBEDDED_ACCOUNTING_ONLY","EXPLICIT_SECTOR_ACCOUNT_KEEP_ONCE","EXPLICIT_FUEL_ACCOUNTS_KEEP_ONCE_IF_PRESENT","EXPLICIT_R_S_FINAL_ACCOUNTS_WITH_EMBEDDED_THERMAL_USES","THERMAL_SERVICE_NOT_COMPATIBLE_FOR_NATIONAL_EXPLICIT_USE; NUMERIC_INPUTS_PENDING","SHARED_SYSTEM_GATES_ONLY","仅保留UNSD终端能耗候选；既有有界证据未恢复国家space/water服务。","NO_UNIVERSAL_E3_REQUIREMENT","M01;M02;M03;M04;M05;M06;M15","NOT_ESTABLISHED","PENDING_LOCAL_EVIDENCE_IF_MATERIAL","PROPOSED_ACCOUNT_MAP_UNDER_HUMAN_FROZEN_RULES","PENDING_UNCHANGED","NO","R/S contained in reconciled A*; never add parent plus children","P5_HEAT_ROW_01:space; P5_HEAT_ROW_02:water; Phase3A5 space/water mapping","shared final-account reconciliation","omitted thermal electrification/flexibility and unequal evidence coverage; effect not quantified"
"BN","Services","EMBEDDED","EMBEDDED","EMBEDDED","EMBEDDED_ACCOUNTING_ONLY","EXPLICIT_SECTOR_ACCOUNT_KEEP_ONCE","EXPLICIT_FUEL_ACCOUNTS_KEEP_ONCE_IF_PRESENT","EXPLICIT_R_S_FINAL_ACCOUNTS_WITH_EMBEDDED_THERMAL_USES","THERMAL_SERVICE_NOT_COMPATIBLE_FOR_NATIONAL_EXPLICIT_USE; NUMERIC_INPUTS_PENDING","SHARED_SYSTEM_GATES_ONLY","终端燃料/电力候选可保留；未恢复国家服务业热用途证据。","NO_UNIVERSAL_E3_REQUIREMENT","M01;M02;M03;M04;M05;M06;M15","NOT_ESTABLISHED","PENDING_LOCAL_EVIDENCE_IF_MATERIAL","PROPOSED_ACCOUNT_MAP_UNDER_HUMAN_FROZEN_RULES","PENDING_UNCHANGED","NO","R/S contained in reconciled A*; never add parent plus children","P5_HEAT_ROW_03:space; P5_HEAT_ROW_04:water; Phase3A5 space/water mapping","shared final-account reconciliation","omitted thermal electrification/flexibility and unequal evidence coverage; effect not quantified"
"KH","Residential","EMBEDDED","EMBEDDED","EMBEDDED","EMBEDDED_ACCOUNTING_ONLY","EXPLICIT_SECTOR_ACCOUNT_KEEP_ONCE","EXPLICIT_FUEL_ACCOUNTS_KEEP_ONCE_IF_PRESENT","EXPLICIT_R_S_FINAL_ACCOUNTS_WITH_EMBEDDED_THERMAL_USES","THERMAL_SERVICE_NOT_COMPATIBLE_FOR_NATIONAL_EXPLICIT_USE; NUMERIC_INPUTS_PENDING","SHARED_SYSTEM_GATES_ONLY","ERIA城市/乡村混合燃料地方样本，含微小space记录；不能国家化或解释为全国电热量。","NO_UNIVERSAL_E3_REQUIREMENT","M01;M02;M03;M04;M05;M06;M15","NOT_ESTABLISHED","PENDING_LOCAL_EVIDENCE_IF_MATERIAL","PROPOSED_ACCOUNT_MAP_UNDER_HUMAN_FROZEN_RULES","PENDING_UNCHANGED","NO","R/S contained in reconciled A*; never add parent plus children","P5_HEAT_ROW_05:space; P5_HEAT_ROW_06:water; Phase3A5 space/water mapping","shared final-account reconciliation","omitted thermal electrification/flexibility and unequal evidence coverage; effect not quantified"
"KH","Services","EMBEDDED","EMBEDDED","EMBEDDED","EMBEDDED_ACCOUNTING_ONLY","EXPLICIT_SECTOR_ACCOUNT_KEEP_ONCE","EXPLICIT_FUEL_ACCOUNTS_KEEP_ONCE_IF_PRESENT","EXPLICIT_R_S_FINAL_ACCOUNTS_WITH_EMBEDDED_THERMAL_USES","THERMAL_SERVICE_NOT_COMPATIBLE_FOR_NATIONAL_EXPLICIT_USE; NUMERIC_INPUTS_PENDING","SHARED_SYSTEM_GATES_ONLY","无足够国家服务业space/water服务量；保留原终端账户。","NO_UNIVERSAL_E3_REQUIREMENT","M01;M02;M03;M04;M05;M06;M15","NOT_ESTABLISHED","PENDING_LOCAL_EVIDENCE_IF_MATERIAL","PROPOSED_ACCOUNT_MAP_UNDER_HUMAN_FROZEN_RULES","PENDING_UNCHANGED","NO","R/S contained in reconciled A*; never add parent plus children","P5_HEAT_ROW_07:space; P5_HEAT_ROW_08:water; Phase3A5 space/water mapping","shared final-account reconciliation","omitted thermal electrification/flexibility and unequal evidence coverage; effect not quantified"
"ID","Residential","EMBEDDED","EMBEDDED","EMBEDDED","EMBEDDED_ACCOUNTING_ONLY","EXPLICIT_SECTOR_ACCOUNT_KEEP_ONCE","EXPLICIT_FUEL_ACCOUNTS_KEEP_ONCE_IF_PRESENT","EXPLICIT_R_S_FINAL_ACCOUNTS_WITH_EMBEDDED_THERMAL_USES","THERMAL_SERVICE_NOT_COMPATIBLE_FOR_NATIONAL_EXPLICIT_USE; NUMERIC_INPUTS_PENDING","SHARED_SYSTEM_GATES_ONLY","ERIA地方water样本与住宅用途资料；舍入space零不是全国零，未闭合国家useful服务。","NO_UNIVERSAL_E3_REQUIREMENT","M01;M02;M03;M04;M05;M06;M15","NOT_ESTABLISHED","PENDING_LOCAL_EVIDENCE_IF_MATERIAL","PROPOSED_ACCOUNT_MAP_UNDER_HUMAN_FROZEN_RULES","PENDING_UNCHANGED","NO","R/S contained in reconciled A*; never add parent plus children","P5_HEAT_ROW_09:space; P5_HEAT_ROW_10:water; Phase3A5 space/water mapping","shared final-account reconciliation","omitted thermal electrification/flexibility and unequal evidence coverage; effect not quantified"
"ID","Services","EMBEDDED","EMBEDDED","EMBEDDED","EMBEDDED_ACCOUNTING_ONLY","EXPLICIT_SECTOR_ACCOUNT_KEEP_ONCE","EXPLICIT_FUEL_ACCOUNTS_KEEP_ONCE_IF_PRESENT","EXPLICIT_R_S_FINAL_ACCOUNTS_WITH_EMBEDDED_THERMAL_USES","THERMAL_SERVICE_NOT_COMPATIBLE_FOR_NATIONAL_EXPLICIT_USE; NUMERIC_INPUTS_PENDING","SHARED_SYSTEM_GATES_ONLY","来源定义可含water，但未恢复兼容的全国数量/性能；不造服务量。","NO_UNIVERSAL_E3_REQUIREMENT","M01;M02;M03;M04;M05;M06;M15","NOT_ESTABLISHED","PENDING_LOCAL_EVIDENCE_IF_MATERIAL","PROPOSED_ACCOUNT_MAP_UNDER_HUMAN_FROZEN_RULES","PENDING_UNCHANGED","NO","R/S contained in reconciled A*; never add parent plus children","P5_HEAT_ROW_11:space; P5_HEAT_ROW_12:water; Phase3A5 space/water mapping","shared final-account reconciliation","omitted thermal electrification/flexibility and unequal evidence coverage; effect not quantified"
"LA","Residential","EMBEDDED","EMBEDDED","EMBEDDED","EMBEDDED_ACCOUNTING_ONLY","EXPLICIT_SECTOR_ACCOUNT_KEEP_ONCE","EXPLICIT_FUEL_ACCOUNTS_KEEP_ONCE_IF_PRESENT","EXPLICIT_R_S_FINAL_ACCOUNTS_WITH_EMBEDDED_THERMAL_USES","THERMAL_SERVICE_NOT_COMPATIBLE_FOR_NATIONAL_EXPLICIT_USE; NUMERIC_INPUTS_PENDING","SHARED_SYSTEM_GATES_ONLY","ERIA城市water混合燃料样本不能代表全国及目标基年；保留原能耗。","NO_UNIVERSAL_E3_REQUIREMENT","M01;M02;M03;M04;M05;M06;M15","NOT_ESTABLISHED","PENDING_LOCAL_EVIDENCE_IF_MATERIAL","PROPOSED_ACCOUNT_MAP_UNDER_HUMAN_FROZEN_RULES","PENDING_UNCHANGED","NO","R/S contained in reconciled A*; never add parent plus children","P5_HEAT_ROW_13:space; P5_HEAT_ROW_14:water; Phase3A5 space/water mapping","shared final-account reconciliation","omitted thermal electrification/flexibility and unequal evidence coverage; effect not quantified"
"LA","Services","EMBEDDED","EMBEDDED","EMBEDDED","EMBEDDED_ACCOUNTING_ONLY","EXPLICIT_SECTOR_ACCOUNT_KEEP_ONCE","EXPLICIT_FUEL_ACCOUNTS_KEEP_ONCE_IF_PRESENT","EXPLICIT_R_S_FINAL_ACCOUNTS_WITH_EMBEDDED_THERMAL_USES","THERMAL_SERVICE_NOT_COMPATIBLE_FOR_NATIONAL_EXPLICIT_USE; NUMERIC_INPUTS_PENDING","SHARED_SYSTEM_GATES_ONLY","无足够国家服务业space/water服务量；保留原终端账户。","NO_UNIVERSAL_E3_REQUIREMENT","M01;M02;M03;M04;M05;M06;M15","NOT_ESTABLISHED","PENDING_LOCAL_EVIDENCE_IF_MATERIAL","PROPOSED_ACCOUNT_MAP_UNDER_HUMAN_FROZEN_RULES","PENDING_UNCHANGED","NO","R/S contained in reconciled A*; never add parent plus children","P5_HEAT_ROW_15:space; P5_HEAT_ROW_16:water; Phase3A5 space/water mapping","shared final-account reconciliation","omitted thermal electrification/flexibility and unequal evidence coverage; effect not quantified"
"MM","Residential","EMBEDDED","EMBEDDED","EMBEDDED","EMBEDDED_ACCOUNTING_ONLY","EXPLICIT_SECTOR_ACCOUNT_KEEP_ONCE","EXPLICIT_FUEL_ACCOUNTS_KEEP_ONCE_IF_PRESENT","EXPLICIT_R_S_FINAL_ACCOUNTS_WITH_EMBEDDED_THERMAL_USES","THERMAL_SERVICE_NOT_COMPATIBLE_FOR_NATIONAL_EXPLICIT_USE; NUMERIC_INPUTS_PENDING","SHARED_SYSTEM_GATES_ONLY","UNSD终端量候选为主要证据；没有可晋升的国家useful热账户。","NO_UNIVERSAL_E3_REQUIREMENT","M01;M02;M03;M04;M05;M06;M15","NOT_ESTABLISHED","PENDING_LOCAL_EVIDENCE_IF_MATERIAL","PROPOSED_ACCOUNT_MAP_UNDER_HUMAN_FROZEN_RULES","PENDING_UNCHANGED","NO","R/S contained in reconciled A*; never add parent plus children","P5_HEAT_ROW_21:space; P5_HEAT_ROW_22:water; Phase3A5 space/water mapping","shared final-account reconciliation","omitted thermal electrification/flexibility and unequal evidence coverage; effect not quantified"
"MM","Services","EMBEDDED","EMBEDDED","EMBEDDED","EMBEDDED_ACCOUNTING_ONLY","EXPLICIT_SECTOR_ACCOUNT_KEEP_ONCE","EXPLICIT_FUEL_ACCOUNTS_KEEP_ONCE_IF_PRESENT","EXPLICIT_R_S_FINAL_ACCOUNTS_WITH_EMBEDDED_THERMAL_USES","THERMAL_SERVICE_NOT_COMPATIBLE_FOR_NATIONAL_EXPLICIT_USE; NUMERIC_INPUTS_PENDING","SHARED_SYSTEM_GATES_ONLY","UNSD终端量候选为主要证据；没有可晋升的国家useful热账户。","NO_UNIVERSAL_E3_REQUIREMENT","M01;M02;M03;M04;M05;M06;M15","NOT_ESTABLISHED","PENDING_LOCAL_EVIDENCE_IF_MATERIAL","PROPOSED_ACCOUNT_MAP_UNDER_HUMAN_FROZEN_RULES","PENDING_UNCHANGED","NO","R/S contained in reconciled A*; never add parent plus children","P5_HEAT_ROW_23:space; P5_HEAT_ROW_24:water; Phase3A5 space/water mapping","shared final-account reconciliation","omitted thermal electrification/flexibility and unequal evidence coverage; effect not quantified"
"MY","Residential","EMBEDDED","EMBEDDED","EMBEDDED","EMBEDDED_ACCOUNTING_ONLY","EXPLICIT_SECTOR_ACCOUNT_KEEP_ONCE","EXPLICIT_FUEL_ACCOUNTS_KEEP_ONCE_IF_PRESENT","EXPLICIT_R_S_FINAL_ACCOUNTS_WITH_EMBEDDED_THERMAL_USES","THERMAL_SERVICE_NOT_COMPATIBLE_FOR_NATIONAL_EXPLICIT_USE; NUMERIC_INPUTS_PENDING","SHARED_SYSTEM_GATES_ONLY","NEB2016半岛water输入可核对；全国2019、R/S分类及历史设备性能未闭合。保留方法原型，不接国家基准。","NO_UNIVERSAL_E3_REQUIREMENT","M01;M02;M03;M04;M05;M06;M15","NOT_ESTABLISHED","PENDING_LOCAL_EVIDENCE_IF_MATERIAL","PROPOSED_ACCOUNT_MAP_UNDER_HUMAN_FROZEN_RULES","PENDING_UNCHANGED","NO","R/S contained in reconciled A*; never add parent plus children","P5_HEAT_ROW_17:space; P5_HEAT_ROW_18:water; Phase3A6 Malaysia ledger/prototype/year bridge","R/S classification family and Commercial crosswalk","omitted thermal electrification/flexibility and unequal evidence coverage; effect not quantified"
"MY","Services","EMBEDDED","EMBEDDED","EMBEDDED","EMBEDDED_ACCOUNTING_ONLY","EXPLICIT_SECTOR_ACCOUNT_KEEP_ONCE","EXPLICIT_FUEL_ACCOUNTS_KEEP_ONCE_IF_PRESENT","EXPLICIT_R_S_FINAL_ACCOUNTS_WITH_EMBEDDED_THERMAL_USES","THERMAL_SERVICE_NOT_COMPATIBLE_FOR_NATIONAL_EXPLICIT_USE; NUMERIC_INPUTS_PENDING","SHARED_SYSTEM_GATES_ONLY","NEB2016半岛商业water输入可核对；Commercial映射、表间差异、地域年份及性能仍待定。","NO_UNIVERSAL_E3_REQUIREMENT","M01;M02;M03;M04;M05;M06;M15","NOT_ESTABLISHED","PENDING_LOCAL_EVIDENCE_IF_MATERIAL","PROPOSED_ACCOUNT_MAP_UNDER_HUMAN_FROZEN_RULES","PENDING_UNCHANGED","NO","R/S contained in reconciled A*; never add parent plus children","P5_HEAT_ROW_19:space; P5_HEAT_ROW_20:water; Phase3A6 Malaysia ledger/prototype/year bridge","R/S classification family and Commercial crosswalk","omitted thermal electrification/flexibility and unequal evidence coverage; effect not quantified"
"PH","Residential","EMBEDDED","EMBEDDED","EMBEDDED","EMBEDDED_ACCOUNTING_ONLY","EXPLICIT_SECTOR_ACCOUNT_KEEP_ONCE","EXPLICIT_FUEL_ACCOUNTS_KEEP_ONCE_IF_PRESENT","EXPLICIT_R_S_FINAL_ACCOUNTS_WITH_EMBEDDED_THERMAL_USES","THERMAL_SERVICE_NOT_COMPATIBLE_FOR_NATIONAL_EXPLICIT_USE; NUMERIC_INPUTS_PENDING","SHARED_SYSTEM_GATES_ONLY","国家调查水热索引和ERIA地方资料已登记；原件/统计期及电量到服务链不完整。","NO_UNIVERSAL_E3_REQUIREMENT","M01;M02;M03;M04;M05;M06;M15","NOT_ESTABLISHED","PENDING_LOCAL_EVIDENCE_IF_MATERIAL","PROPOSED_ACCOUNT_MAP_UNDER_HUMAN_FROZEN_RULES","PENDING_UNCHANGED","NO","R/S contained in reconciled A*; never add parent plus children","P5_HEAT_ROW_25:space; P5_HEAT_ROW_26:water; Phase3A5 space/water mapping","shared final-account reconciliation","omitted thermal electrification/flexibility and unequal evidence coverage; effect not quantified"
"PH","Services","EMBEDDED","EMBEDDED","EMBEDDED","EMBEDDED_ACCOUNTING_ONLY","EXPLICIT_SECTOR_ACCOUNT_KEEP_ONCE","EXPLICIT_FUEL_ACCOUNTS_KEEP_ONCE_IF_PRESENT","EXPLICIT_R_S_FINAL_ACCOUNTS_WITH_EMBEDDED_THERMAL_USES","THERMAL_SERVICE_NOT_COMPATIBLE_FOR_NATIONAL_EXPLICIT_USE; NUMERIC_INPUTS_PENDING","SHARED_SYSTEM_GATES_ONLY","国家服务业water/space输入链不足；不用住宅样本填服务业。","NO_UNIVERSAL_E3_REQUIREMENT","M01;M02;M03;M04;M05;M06;M15","NOT_ESTABLISHED","PENDING_LOCAL_EVIDENCE_IF_MATERIAL","PROPOSED_ACCOUNT_MAP_UNDER_HUMAN_FROZEN_RULES","PENDING_UNCHANGED","NO","R/S contained in reconciled A*; never add parent plus children","P5_HEAT_ROW_27:space; P5_HEAT_ROW_28:water; Phase3A5 space/water mapping","shared final-account reconciliation","omitted thermal electrification/flexibility and unequal evidence coverage; effect not quantified"
"SG","Residential","EMBEDDED","EMBEDDED","EMBEDDED","EMBEDDED_ACCOUNTING_ONLY","EXPLICIT_SECTOR_ACCOUNT_KEEP_ONCE","EXPLICIT_FUEL_ACCOUNTS_KEEP_ONCE_IF_PRESENT","EXPLICIT_R_S_FINAL_ACCOUNTS_WITH_EMBEDDED_THERMAL_USES","THERMAL_SERVICE_NOT_COMPATIBLE_FOR_NATIONAL_EXPLICIT_USE; NUMERIC_INPUTS_PENDING","SHARED_SYSTEM_GATES_ONLY","典型户water份额和ERIA地方样本不能替代全国加权年量；space样本不外推。","NO_UNIVERSAL_E3_REQUIREMENT","M01;M02;M03;M04;M05;M06;M15","NOT_ESTABLISHED","PENDING_LOCAL_EVIDENCE_IF_MATERIAL","PROPOSED_ACCOUNT_MAP_UNDER_HUMAN_FROZEN_RULES","PENDING_UNCHANGED","NO","R/S contained in reconciled A*; never add parent plus children","P5_HEAT_ROW_29:space; P5_HEAT_ROW_30:water; Phase3A5 space/water mapping","shared final-account reconciliation","omitted thermal electrification/flexibility and unequal evidence coverage; effect not quantified"
"SG","Services","EMBEDDED","EMBEDDED","EMBEDDED","EMBEDDED_ACCOUNTING_ONLY","EXPLICIT_SECTOR_ACCOUNT_KEEP_ONCE","EXPLICIT_FUEL_ACCOUNTS_KEEP_ONCE_IF_PRESENT","EXPLICIT_R_S_FINAL_ACCOUNTS_WITH_EMBEDDED_THERMAL_USES","THERMAL_SERVICE_NOT_COMPATIBLE_FOR_NATIONAL_EXPLICIT_USE; NUMERIC_INPUTS_PENDING","SHARED_SYSTEM_GATES_ONLY","没有可直接构建国家服务业useful热量的证据；不套住宅份额。","NO_UNIVERSAL_E3_REQUIREMENT","M01;M02;M03;M04;M05;M06;M15","NOT_ESTABLISHED","PENDING_LOCAL_EVIDENCE_IF_MATERIAL","PROPOSED_ACCOUNT_MAP_UNDER_HUMAN_FROZEN_RULES","PENDING_UNCHANGED","NO","R/S contained in reconciled A*; never add parent plus children","P5_HEAT_ROW_31:space; P5_HEAT_ROW_32:water; Phase3A5 space/water mapping","shared final-account reconciliation","omitted thermal electrification/flexibility and unequal evidence coverage; effect not quantified"
"TH","Residential","EMBEDDED","EMBEDDED","EMBEDDED","EMBEDDED_ACCOUNTING_ONLY","EXPLICIT_SECTOR_ACCOUNT_KEEP_ONCE","EXPLICIT_FUEL_ACCOUNTS_KEEP_ONCE_IF_PRESENT","EXPLICIT_R_S_FINAL_ACCOUNTS_WITH_EMBEDDED_THERMAL_USES","THERMAL_SERVICE_NOT_COMPATIBLE_FOR_NATIONAL_EXPLICIT_USE; NUMERIC_INPUTS_PENDING","SHARED_SYSTEM_GATES_ONLY","ERIA地方water样本、BELDA所选地区行为证据；无兼容全国热服务量。","NO_UNIVERSAL_E3_REQUIREMENT","M01;M02;M03;M04;M05;M06;M15","NOT_ESTABLISHED","PENDING_LOCAL_EVIDENCE_IF_MATERIAL","PROPOSED_ACCOUNT_MAP_UNDER_HUMAN_FROZEN_RULES","PENDING_UNCHANGED","NO","R/S contained in reconciled A*; never add parent plus children","P5_HEAT_ROW_33:space; P5_HEAT_ROW_34:water; Phase3A5 space/water mapping","shared final-account reconciliation","omitted thermal electrification/flexibility and unequal evidence coverage; effect not quantified"
"TH","Services","EMBEDDED","EMBEDDED","EMBEDDED","EMBEDDED_ACCOUNTING_ONLY","EXPLICIT_SECTOR_ACCOUNT_KEEP_ONCE","EXPLICIT_FUEL_ACCOUNTS_KEEP_ONCE_IF_PRESENT","EXPLICIT_R_S_FINAL_ACCOUNTS_WITH_EMBEDDED_THERMAL_USES","THERMAL_SERVICE_NOT_COMPATIBLE_FOR_NATIONAL_EXPLICIT_USE; NUMERIC_INPUTS_PENDING","SHARED_SYSTEM_GATES_ONLY","国家服务业热用途证据不足；保留原电力/燃料账户。","NO_UNIVERSAL_E3_REQUIREMENT","M01;M02;M03;M04;M05;M06;M15","NOT_ESTABLISHED","PENDING_LOCAL_EVIDENCE_IF_MATERIAL","PROPOSED_ACCOUNT_MAP_UNDER_HUMAN_FROZEN_RULES","PENDING_UNCHANGED","NO","R/S contained in reconciled A*; never add parent plus children","P5_HEAT_ROW_35:space; P5_HEAT_ROW_36:water; Phase3A5 space/water mapping","shared final-account reconciliation","omitted thermal electrification/flexibility and unequal evidence coverage; effect not quantified"
"TL","Residential","EMBEDDED","EMBEDDED","EMBEDDED","EMBEDDED_ACCOUNTING_ONLY","EXPLICIT_SECTOR_ACCOUNT_KEEP_ONCE","EXPLICIT_FUEL_ACCOUNTS_KEEP_ONCE_IF_PRESENT","EXPLICIT_R_S_FINAL_ACCOUNTS_WITH_EMBEDDED_THERMAL_USES","THERMAL_SERVICE_NOT_COMPATIBLE_FOR_NATIONAL_EXPLICIT_USE; NUMERIC_INPUTS_PENDING","SHARED_SYSTEM_GATES_ONLY","主要为终端能耗候选；AEO10到模型11的TL总量边界须在系统层另核，不靠热份额补齐。","NO_UNIVERSAL_E3_REQUIREMENT","M01;M02;M03;M04;M05;M06;M15","NOT_ESTABLISHED","PENDING_LOCAL_EVIDENCE_IF_MATERIAL","PROPOSED_ACCOUNT_MAP_UNDER_HUMAN_FROZEN_RULES","PENDING_UNCHANGED","NO","R/S contained in reconciled A*; never add parent plus children","P5_HEAT_ROW_37:space; P5_HEAT_ROW_38:water; Phase3A5 space/water mapping","ASEAN10 versus11/TL total scope","omitted thermal electrification/flexibility and unequal evidence coverage; effect not quantified"
"TL","Services","EMBEDDED","EMBEDDED","EMBEDDED","EMBEDDED_ACCOUNTING_ONLY","EXPLICIT_SECTOR_ACCOUNT_KEEP_ONCE","EXPLICIT_FUEL_ACCOUNTS_KEEP_ONCE_IF_PRESENT","EXPLICIT_R_S_FINAL_ACCOUNTS_WITH_EMBEDDED_THERMAL_USES","THERMAL_SERVICE_NOT_COMPATIBLE_FOR_NATIONAL_EXPLICIT_USE; NUMERIC_INPUTS_PENDING","SHARED_SYSTEM_GATES_ONLY","国家服务业热服务量不足；TL总量边界属于共享系统门槛。","NO_UNIVERSAL_E3_REQUIREMENT","M01;M02;M03;M04;M05;M06;M15","NOT_ESTABLISHED","PENDING_LOCAL_EVIDENCE_IF_MATERIAL","PROPOSED_ACCOUNT_MAP_UNDER_HUMAN_FROZEN_RULES","PENDING_UNCHANGED","NO","R/S contained in reconciled A*; never add parent plus children","P5_HEAT_ROW_39:space; P5_HEAT_ROW_40:water; Phase3A5 space/water mapping","ASEAN10 versus11/TL total scope","omitted thermal electrification/flexibility and unequal evidence coverage; effect not quantified"
"VN","Residential","EMBEDDED","EMBEDDED","EMBEDDED","EMBEDDED_ACCOUNTING_ONLY","EXPLICIT_SECTOR_ACCOUNT_KEEP_ONCE","EXPLICIT_FUEL_ACCOUNTS_KEEP_ONCE_IF_PRESENT","EXPLICIT_R_S_FINAL_ACCOUNTS_WITH_EMBEDDED_THERMAL_USES","THERMAL_SERVICE_NOT_COMPATIBLE_FOR_NATIONAL_EXPLICIT_USE; NUMERIC_INPUTS_PENDING","SHARED_SYSTEM_GATES_ONLY","BELDA北部space与地方water、Hanoi小样本时序说明异质性；不能证明全国零或构造全国热服务。","NO_UNIVERSAL_E3_REQUIREMENT","M01;M02;M03;M04;M05;M06;M15","NOT_ESTABLISHED","PENDING_LOCAL_EVIDENCE_IF_MATERIAL","PROPOSED_ACCOUNT_MAP_UNDER_HUMAN_FROZEN_RULES","PENDING_UNCHANGED","NO","R/S contained in reconciled A*; never add parent plus children","P5_HEAT_ROW_41:space; P5_HEAT_ROW_42:water; Phase3A5 space/water mapping","shared final-account reconciliation","omitted thermal electrification/flexibility and unequal evidence coverage; effect not quantified"
"VN","Services","EMBEDDED","EMBEDDED","EMBEDDED","EMBEDDED_ACCOUNTING_ONLY","EXPLICIT_SECTOR_ACCOUNT_KEEP_ONCE","EXPLICIT_FUEL_ACCOUNTS_KEEP_ONCE_IF_PRESENT","EXPLICIT_R_S_FINAL_ACCOUNTS_WITH_EMBEDDED_THERMAL_USES","THERMAL_SERVICE_NOT_COMPATIBLE_FOR_NATIONAL_EXPLICIT_USE; NUMERIC_INPUTS_PENDING","SHARED_SYSTEM_GATES_ONLY","没有兼容的国家服务业热服务量；住宅北部/小样本证据不移用。","NO_UNIVERSAL_E3_REQUIREMENT","M01;M02;M03;M04;M05;M06;M15","NOT_ESTABLISHED","PENDING_LOCAL_EVIDENCE_IF_MATERIAL","PROPOSED_ACCOUNT_MAP_UNDER_HUMAN_FROZEN_RULES","PENDING_UNCHANGED","NO","R/S contained in reconciled A*; never add parent plus children","P5_HEAT_ROW_43:space; P5_HEAT_ROW_44:water; Phase3A5 space/water mapping","shared final-account reconciliation","omitted thermal electrification/flexibility and unequal evidence coverage; effect not quantified"
