,Unnamed: 0,agriculture biomass,agriculture coal,agriculture electricity,agriculture oil,district heat share,electricity rail,electricity residential,electricity residential space,electricity residential water,electricity services space,electricity services water,non energy biomass,non energy electricity,non energy gas,non energy heat,non energy oil,other biomass,other electricity,other gas,other heat,other oil,residential biomass,residential gas,residential heat biomass,residential heat gas,residential heat oil,residential oil,road biomass,road electricity,road gas,road oil,services biomass,services electricity,services gas,services oil,total domestic aviation,total domestic navigation,total international aviation,total international navigation,total navigation hydrogen,total navigation oil,total rail,total residential space,total residential water,total road,total road ev,total road fcev,total road ice,total services space,total services water
BN,0.0,0.0,0.0,0.0,0.0,0,0.0,3.9549529824567364,0.0407000349,0.0271333566,0,0,0.0,0.0,0.0,0.0,0.0,0.0,0.0,0.0,0.0,0.2664,0.006667538606485363,0.05887399883469999,0.020976438529708055,0.174975,0.07121636471778633,0.037679565000000005,0.0,0.0,0.0,0.0,0.0,3.7975053855830985,0.0,0.0,0.0,0.0,2.0732849948838403,0.0,0.0,0.0,0.0,0.20100071684849663,0.13400047789899777,3.3273769163771156,0.0,0.0,0.0,0.0,0.0
ID,0.0,0.0,0.0,0.8784290557831448,2.526002441720213,0,0.603355596292932,357.052070329316,52.208820310499995,34.805880206999994,0,0,0.0,0.0,0.0,0.0,0.0,6.3763,1.8581,0.0,0.0,0.0,19.30324508075961,0.06099376561657517,60.72905726658911,0.181275,91.35428010942414,48.334249425,0.0,0.0,0.0,0.0,10.700678313182207,130.4583247673714,2.6990219157025246,5.503549147071517,72.79530328084223,3.1282963360700857,17.56368350651917,4.2855574837012655,0.0,0.0,6.849716173702639,143.56758773610795,95.7117251574053,165.69896331383683,0.0,0.0,0.0,0.0,0.0
KH,0.0,0.0,0.0,0.0,0.002107685430569653,0,0.0,10.081128408180115,0.06311115540000001,0.042074103599999996,0,0,0.0,0.0,0.0,0.0,0.0,0.0,0.0,0.0,0.0,3.2226,1.7932975795253807,0.0,5.641811568334857,0.0,0.11043103701926531,0.05842749000000001,0.0,0.0,0.0,0.0,0.0,6.92750514111455,0.0,1.2463313077077374,1.8209581627432905,0.0,2.9851109464346255,0.0,0.0,0.0,6.6927161252558935,3.5144567186124736,2.342971145741649,13.185849014233673,0.0,0.0,0.0,0.0,0.0
LA,0.0,0.0,0.0,0.061963261678979406,0.2237073897279623,0,0.0,6.312080819506734,0.0165428271,0.0110285514,0,0,0.0,0.0,0.0,0.0,0.0,0.0,1.9879,0.0,0.0,0.0,2.22236269904002,0.0,6.991673734260123,0.0,0.028946412726955167,0.015315135,0.0,0.0,0.0,0.0,2.541210828825087,2.5923772246281023,0.0,0.061035881057038506,0.13961037774605972,0.0,0.6941208539525803,0.0,0.0,0.0,0.0,4.228914915292247,2.8192766101948314,6.218383969529316,0.0,0.0,0.0,0.0,0.0
MM,0.0,0.0,0.0,0.0,9.377151027421903,0,0.0,24.81698989577979,1.0887124329,0.7258082885999999,0,0,0.0,0.0,0.0,0.0,0.0,0.0,2.854,0.0,0.0,5.5269,12.602999494353245,0.0,39.64972080193128,0.0,1.905014132904217,1.0079158650000002,0.0,0.0,0.0,0.0,16.391833450984212,4.467043614995437,0.004395801165639291,0.08864845786425928,3.689241877264906,0.0,1.3804162191345566,0.019562000021497914,0.0,0.0,2.398653188828556,26.021553393801295,17.3477022625342,14.581740015887945,0.0,0.0,0.0,0.0,0.0
MY,0.0,0.0,0.0,0.9817997477010604,5.989222338233731,0,1.0369903018300826,94.67597206038884,1.7290224468000002,1.1526816312,0,0,0.0,0.0,0.0,0.0,0.0,0.041,0.0,0.0,0.0,0.0,1.303458746631358,0.0019683548688840973,4.100751999865157,0.005849999999999999,3.0254198424912926,1.6007065800000002,0.0,0.0,0.0,0.0,0.0,96.58444664161107,0.2641876500549214,4.1283591475967505,19.500063377970058,0.0,46.411878330024805,7.621125067198863,0.0,0.0,1.1850651366169829,6.008235552213869,4.0054903681425795,170.7405809672255,0.0,0.0,0.0,0.0,0.0
PH,0.0,0.04828621074121434,0.0,4.125954655951135,1.6400134522532532,0,0.23049051915938626,92.59870562603275,2.7277303797,1.8184869197999998,0,0,0.0,0.0,0.0,0.0,0.0,0.0,0.0,0.0,0.0,0.0,13.392201800491154,0.0,42.13259411384632,0.0,4.772945331614469,2.525297445,0.0,0.0,0.0,0.0,4.0608638053760755,51.782501313019864,0.0,13.401257457951607,16.58588496914745,4.885703301980571,31.439057645677227,1.0533890431744422,0.0,0.0,0.3115198433635266,30.87105404697647,20.580702697984314,87.94949367340908,0.0,0.0,0.0,0.0,0.0
SG,0.0,0.0,0.0,0.0,0.0,0,6.552919251392984,22.691954512782367,0.0496284813,0.0330856542,0,0,0.0,0.0,0.0,0.0,0.0,0.1066,0.2468,0.0415,0.0,0.0,0.0,0.18570671128356503,0.0,0.551925,0.0868392381808655,0.04594540500000001,0.0,0.0,0.0,0.0,0.0,39.267583789295784,0.897270933930292,0.3906203416011383,0.0,0.0,161.59462150544437,880.0299414377085,0.0,0.0,7.488629483021464,0.4328870242085193,0.28859134947234616,14.351208662332175,0.0,0.0,0.0,0.0,0.0
TH,0.0,0.0,0.0,0.6920956197079324,20.468143043984508,0,0.46662393238482147,148.62834879823689,3.8572688538,2.5715125692,0,0,0.0,0.0,0.0,0.0,0.0,0.0,7.848,0.0,0.0,0.0,7.093067227482373,0.0,22.315174679251008,0.0,6.749396313337766,3.5710095300000004,0.0,0.0,0.0,0.0,0.0,100.2864198572416,0.0,3.0090735846939523,34.09719959170561,0.0,86.23766880093382,21.587571149774355,0.0,0.0,2.6655284686527234,21.296011449353266,14.19734096623551,226.14736920138103,0.0,0.0,0.0,0.08877309383243652,0.05038261524177558
TL,0.0,0.0,0.0,0.0,0.0,0,0.0,0.39299506777074056,0.0,0.0,0,0,0.0,0.0,0.0,0.0,0.0,0.0,0.1601,0.0,0.0,0.0121,0.04647004103101116,0.0,0.14619727259049906,0.0,0.0,0.0,0.0,0.0,0.0,0.0,0.0,0.1845600219509422,0.0,0.0,0.0,0.0,0.05603049959752508,0.0,0.0,0.0,0.0,0.08771836355429943,0.05847890903619962,0.27525067712998846,0.0,0.0,0.0,0.0,0.0
VN,0.0,4.609185908171664,0.0,9.753520192781403,6.4235226305661115,0,0.0,253.50444321229458,2.200430016,1.466953344,0,0,0.0,0.0,0.0,0.0,0.0,0.0,0.0,0.0,0.0,0.0,0.6290912777092001,0.0,1.9791553218165088,0.0,3.8502823631588683,2.0371296,0.0,0.0,0.0,0.0,0.0,61.16254084274682,0.0,0.8732361200734717,22.16191054935641,0.5777055637620391,24.48313718726269,3.3753491297598033,0.0,0.0,0.0,5.698092626985226,3.7987284179901506,51.13719461325387,0.0,0.0,0.0,0.0,0.0
