technology,Bottom storage temperature,C in fuel,C stored,CO2 intensity,CO2 stored,FOM,Motor size,Temperature difference,Top storage temperature,VOM,ammonia-input,c_b,c_v,capacity,capture rate,capture_rate,carbondioxide-input,carbondioxide-output,clinker-input,coal-input,commodity,compression-electricity-input,compression-heat-output,discount rate,district heat surcharge,district heat-input,economic_lifetime,efficiency,efficiency-biochar,efficiency-biomass,efficiency-electricity,efficiency-heat,efficiency-hydrogen,efficiency-tot,electricity-input,energy to power ratio,fuel,gas-input,hbi-input,heat-input,heat-output,hydrogen-input,investment,lifetime,lohc-input,methane-input,methanol-input,min_fill_level,naphtha-input,nitrogen-input,oil-input,ore-input,p_nom_ratio,pelletizing cost,scrap-input,slag-input,wood-input,yield-biochar,fixed,marginal_cost
Alkaline electrolyzer large size,,,,0.0,,2.8,,,,0.2389,,,,,,,,,,,,,,0.07,,,,1.0,,,,,,,1.38,,0.0,,,,,,429030.6,40.0,,,,,,,,,,,,,,,44194.072656428354,0.2389
Alkaline electrolyzer medium size,,,,0.0,,2.3,,,,0.2389,,,,,,,,,,,,,,0.07,,,,1.0,,,,,,,1.416,,0.0,,,,,,506033.2,20.0,,,,,,,,,,,,,,,59404.71787122204,0.2389
Alkaline electrolyzer small size,,,,0.0,,2.3,,,,0.1934,,,,,,,,,,,,,,0.07,,,,1.0,,,,,,,1.41,,0.0,,,,,,582922.0,20.0,,,,,,,,,,,,,,,68430.91906011007,0.1934
Ammonia cracker,,,,0.0,,4.3,,,,0.0,1.46,,,,,,,,,,,,,0.07,,,,1.0,,,,,,,,,0.0,,,,,,841127.4391,25.0,,,,,,,,,,,,,,,108346.06047896491,0.0
BEV Bus city,,,,0.0,,0.0003,398.2759,,,0.0952,,,,,,,,,,,,,,0.07,,,,0.7346,,,,,,,,,0.0,,,,,,206528.0541,12.0,,,,,,,,,,,,,,,26002.912308403946,0.0952
BEV Coach,,,,0.0,,0.0002,479.3103,,,0.0952,,,,,,,,,,,,,,0.07,,,,0.7149,,,,,,,,,0.0,,,,,,287067.8577,12.0,,,,,,,,,,,,,,,36142.988299081815,0.0952
BEV Truck Semi-Trailer max 50 tons,,,,0.0,,0.0004,727.5862,,,0.0952,,,,,,,,,,,,,,0.07,,,,1.2352,,,,,,,,,0.0,,,,,,151213.8954,10.5,,,,,,,,,,,,,,,20814.213320789044,0.0952
BEV Truck Solo max 26 tons,,,,0.0,,0.0003,441.3793,,,0.0952,,,,,,,,,,,,,,0.07,,,,0.7813,,,,,,,,,0.0,,,,,,219969.2559,13.8,,,,,,,,,,,,,,,25372.00088459887,0.0952
BEV Truck Trailer max 56 tons,,,,0.0,,0.0003,955.1724,,,0.0952,,,,,,,,,,,,,,0.07,,,,1.3732,,,,,,,,,0.0,,,,,,167722.8037,13.8,,,,,,,,,,,,,,,19345.717684194806,0.0952
Battery electric (passenger cars),,,,0.0,,0.9,,,,0.0,,,,,,,,,,,,,,0.07,,,,0.68,,,,,,,,,0.0,,,,,,24092.0,15.0,,,,,,,,,,,,,,,2862.0000982966485,0.0
Battery electric (trucks),,,,0.0,,16.0,,,,0.0,,,,,,,,,,,,,,0.07,,,,1.0,,,,,,,,,0.0,,,,,,133000.0,15.0,,,,,,,,,,,,,,,35882.68508523386,0.0
BioSNG,,0.3591,0.6409,0.0,0.235,1.6226,,,,1.7546,,,,,0.9,,,,,,,,,0.07,,,,0.665,,,,,,,,,0.0,,,,,,1648270.0,25.0,,,,,,,,,,,,,,,168183.7302393065,1.7546
BtL,,0.2922,0.7078,0.0,0.2595,2.8364,,,,1.1311,,,,,0.9,,,,,,,,,0.07,,,,0.4167,,,,,,,,,0.0,,,,,,2598694.4,25.0,,,,,,,,,,,,,,,296704.67852404725,1.1311
CCGT,,,,0.0,,3.1808278867102397,,,,1.9299029916598416,,2.1,0.15,,,,,,,,,,,0.07,,,,0.59,,,,,,,,,0.0,,,,,,805295.8847016974,25.0,,,,,,,,,,,,,,,94717.93245304767,1.9299029916598416
CH4 (g) fill compressor station,,,,0.0,,1.7,,,,0.0,,,,,,,,,,,,,,0.07,,,,1.0,,,,,,,,,0.0,,,,,,1654.96,20.0,,,,,,,,,,,,,,,184.3508363880584,0.0
CH4 (g) pipeline,,,,0.0,,1.5,,,,0.0,,,,,,,,,,,,,,0.07,,,,1.0,,,,,,,0.01,,0.0,,,,,,87.22,50.0,,,,,,,,,,,,,,,7.628248076844581,0.0
CH4 (g) submarine pipeline,,,,0.0,,3.0,,,,0.0,,,,,,,,,,,,,,0.07,,,,1.0,,,,,,,0.01,,0.0,,,,,,119.3173,30.0,,,,,,,,,,,,,,,13.194871083656306,0.0
CH4 (l) transport ship,,,,0.0,,3.5,,,,0.0,,,,58300.0,,,,,,,,,,0.07,,,,1.0,,,,,,,,,0.0,,,,,,159791465.6831,25.0,,,,,,,,,,,,,,,19304489.616623547,0.0
CH4 evaporation,,,,0.0,,3.5,,,,0.0,,,,,,,,,,,,,,0.07,,,,1.0,,,,,,,,,0.0,,,,,,91110.1,30.0,,,,,,,,,,,,,,,10531.088782537692,0.0
CH4 liquefaction,,,,0.0,,3.5,,,,0.0,,,,,,,,,,,,,,0.07,,,,1.0,,,,,,,0.036,,0.0,,,,,,241443.0,25.0,,1.0,,,,,,,,,,,,,29168.853709309165,0.0
CO2 liquefaction,,,,0.0,,5.0,,,,0.0,,,,,,,1.0,,,,,,,0.07,,,,1.0,,,,,,,0.123,,0.0,,,0.0067,,,16.7226,25.0,,,,,,,,,,,,,,,2.271104955274303,0.0
CO2 pipeline,,,,0.0,,0.9,,,,0.0,,,,,,,,,,,,,,0.07,,,,1.0,,,,,,,,,0.0,,,,,,2116.4433,50.0,,,,,,,,,,,,,,,172.40515277711071,0.0
CO2 storage tank,,,,0.0,,1.0,,,,0.0,,,,,,,,,,,,,,0.07,,,,1.0,,,,,,,,,0.0,,,,,,2584.3462,25.0,,,,,,,,,,,,,,,247.6075460992617,0.0
CO2 submarine pipeline,,,,0.0,,0.5,,,,0.0,,,,,,,,,,,,,,0.07,,,,1.0,,,,,,,,,0.0,,,,,,4232.8865,25.0,,,,,,,,,,,,,,,384.39061240137295,0.0
Charging infrastructure fast (purely) battery electric vehicles passenger cars,,,,0.0,,1.6,,,,0.0,,,,,,,,,,,,,,0.07,,,,1.0,,,,,,,,,0.0,,,,,,448894.0,30.0,,,,,,,,,,,,,,,43357.05701771675,0.0
Charging infrastructure fuel cell vehicles passenger cars,,,,0.0,,2.2,,,,0.0,,,,,,,,,,,,,,0.07,,,,1.0,,,,,,,,,0.0,,,,,,1788360.0,30.0,,,,,,,,,,,,,,,183461.4205831308,0.0
Charging infrastructure fuel cell vehicles trucks,,,,0.0,,2.2,,,,0.0,,,,,,,,,,,,,,0.07,,,,1.0,,,,,,,,,0.0,,,,,,1787894.0,30.0,,,,,,,,,,,,,,,183413.61531909462,0.0
Charging infrastructure slow (purely) battery electric vehicles passenger cars,,,,0.0,,1.8,,,,0.0,,,,,,,,,,,,,,0.07,,,,1.0,,,,,,,,,0.0,,,,,,1005.0,30.0,,,,,,,,,,,,,,,99.07933552866675,0.0
Compressed-Air-Adiabatic-bicharger,,,,0.0,,0.9265,,,,0.0,,,,,,,,,,,,,,0.07,,,,0.7211,,,,,,,,,0.0,,,,,,946180.9426,60.0,,,,,,,,,,,,,,,76162.10215746536,0.0
Compressed-Air-Adiabatic-store,,,,0.0,,0.43,,,,0.0,,,,,,,,,,,,,,0.07,,,,1.0,,,,,,,,,0.0,,,,,,5448.7894,60.0,,,,,,,,,,,,,,,411.5428432947156,0.0
Concrete-charger,,,,0.0,,1.075,,,,0.0,,,,,,,,,,,,,,0.07,,,,0.99,,,,,,,,,0.0,,,,,,144192.2682,35.0,,,,,,,,,,,,,,,12686.606707007051,0.0
Concrete-discharger,,,,0.0,,0.2688,,,,0.0,,,,,,,,,,,,,,0.07,,,,0.4343,,,,,,,,,0.0,,,,,,576769.073,35.0,,,,,,,,,,,,,,,46096.51457909899,0.0
Concrete-store,,,,0.0,,0.3308,,,,0.0,,,,,,,,,,,,,,0.07,,,,1.0,,,,,,,,,0.0,,,,,,24044.2324,35.0,,,,,,,,,,,,,,,1936.5695957520563,0.0
"Container feeder, ammonia",,,,0.0,,0.0,,,,0.0,,,,,,,,,,,,,,0.07,,,,0.7754,,,,,,,,,0.0,,,,,,34966212.0251,30.0,,,,,,,,,,,,,,,2817801.271509777,0.0
"Container feeder, diesel",,,,0.0,,0.0,,,,0.0,,,,,,,,,,,,,,0.07,,,,0.7718,,,,,,,,,0.0,,,,,,34966212.0251,30.0,,,,,,,,,,,,,,,2817801.271509777,0.0
"Container feeder, methanol",,,,0.0,,0.0,,,,0.0,,,,,,,,,,,,,,0.07,,,,0.7711,,,,,,,,,0.0,,,,,,34966212.0251,30.0,,,,,,,,,,,,,,,2817801.271509777,0.0
"Container, ammonia",,,,0.0,,0.0,,,,0.0,,,,,,,,,,,,,,0.07,,,,1.7094,,,,,,,,,0.0,,,,,,119652947.2851,32.0,,,,,,,,,,,,,,,9461307.389799202,0.0
"Container, diesel",,,,0.0,,0.0,,,,0.0,,,,,,,,,,,,,,0.07,,,,1.6399,,,,,,,,,0.0,,,,,,119652947.2851,33.0,,,,,,,,,,,,,,,9381756.099781323,0.0
"Container, methanol",,,,0.0,,0.0,,,,0.0,,,,,,,,,,,,,,0.07,,,,1.7001,,,,,,,,,0.0,,,,,,119652947.2851,33.0,,,,,,,,,,,,,,,9381756.099781323,0.0
Diesel Bus city,,,,0.0,,0.0004,250.0,,,0.1068,,,,,,,,,,,,,,0.07,,,,1.6899,,,,,,,,,0.0,,,,,,150756.2732,12.0,,,,,,,,,,,,,,,18981.11762319236,0.1068
Diesel Coach,,,,0.0,,0.0003,350.0,,,0.1068,,,,,,,,,,,,,,0.07,,,,1.8169,,,,,,,,,0.0,,,,,,231296.0768,12.0,,,,,,,,,,,,,,,29121.329925454735,0.1068
Diesel Truck Semi-Trailer max 50 tons,,,,0.0,,0.0005,380.0,,,0.1068,,,,,,,,,,,,,,0.07,,,,3.0119,,,,,,,,,0.0,,,,,,142012.114,10.5,,,,,,,,,,,,,,,19547.753209571532,0.1068
Diesel Truck Solo max 26 tons,,,,0.0,,0.0004,292.069,,,0.1068,,,,,,,,,,,,,,0.07,,,,1.8429,,,,,,,,,0.0,,,,,,155444.0931,13.8,,,,,,,,,,,,,,,17929.604955127565,0.1068
Diesel Truck Trailer max 56 tons,,,,0.0,,0.0004,382.3529,,,0.1068,,,,,,,,,,,,,,0.07,,,,2.9453,,,,,,,,,0.0,,,,,,177515.1425,13.8,,,,,,,,,,,,,,,20475.37680657082,0.1068
FCV Bus city,,,,0.0,,0.0002,420.3448,,,0.0979,,,,,,,,,,,,,,0.07,,,,1.3781,,,,,,,,,0.0,,,,,,256813.5136,12.0,,,,,,,,,,,,,,,32333.845702750332,0.0979
FCV Coach,,,,0.0,,0.0002,420.3448,,,0.0952,,,,,,,,,,,,,,0.07,,,,1.3554,,,,,,,,,0.0,,,,,,356840.1722,12.0,,,,,,,,,,,,,,,44927.60099232433,0.0952
FCV Truck Semi-Trailer max 50 tons,,,,0.0,,0.0004,556.8966,,,0.0952,,,,,,,,,,,,,,0.07,,,,2.3194,,,,,,,,,0.0,,,,,,139809.9795,10.5,,,,,,,,,,,,,,,19244.49290847475,0.0952
FCV Truck Solo max 26 tons,,,,0.0,,0.0003,415.5172,,,0.0952,,,,,,,,,,,,,,0.07,,,,1.5325,,,,,,,,,0.0,,,,,,214117.0548,13.8,,,,,,,,,,,,,,,24696.988138483335,0.0952
FCV Truck Trailer max 56 tons,,,,0.0,,0.0002,415.5172,,,0.0952,,,,,,,,,,,,,,0.07,,,,2.5736,,,,,,,,,0.0,,,,,,236188.1042,13.8,,,,,,,,,,,,,,,27242.501730772994,0.0952
FT fuel transport ship,,,,0.0,,5.0,,,,0.0,,,,75000.0,,,,,,,,,,0.07,,,,1.0,,,,,,,,,0.0,,,,,,35000000.0,15.0,,,,,,,,,,,,,,,5592811.8645352265,0.0
Fischer-Tropsch,,,,0.0,,3.0,,,,3.4029,,,,,0.9,,0.301,,,,,,,0.07,,,,0.799,,,,,,,0.007,,0.0,,,,,1.363,611732.6641,20.0,,,,,,,,,,,,,,,76095.21586011526,3.4029
Gasnetz,,,,0.0,,2.5,,,,0.0,,,,,,,,,,,,,,0.07,,,,1.0,,,,,,,,,0.0,,,,,,28000.0,30.0,,,,,,,,,,,,,,,2956.419298311113,0.0
General liquid hydrocarbon storage (crude),,,,0.0,,6.25,,,,0.0,,,,,,,,,,,,,,0.07,,,,1.0,,,,,,,,,0.0,,,,,,137.8999,30.0,,,,,,,,,,,,,,,19.731600735541882,0.0
General liquid hydrocarbon storage (product),,,,0.0,,6.25,,,,0.0,,,,,,,,,,,,,,0.07,,,,1.0,,,,,,,,,0.0,,,,,,172.3748,30.0,,,,,,,,,,,,,,,24.664490187947088,0.0
Gravity-Brick-bicharger,,,,0.0,,1.5,,,,0.0,,,,,,,,,,,,,,0.07,,,,0.9274,,,,,,,,,0.0,,,,,,415570.5177,41.7,,,,,,,,,,,,,,,37164.65513903668,0.0
Gravity-Brick-store,,,,0.0,,0.0,,,,0.0,,,,,,,,,,,,,,0.07,,,,1.0,,,,,,,,,0.0,,,,,,157381.7274,41.7,,,,,,,,,,,,,,,11713.991555433204,0.0
Gravity-Water-Aboveground-bicharger,,,,0.0,,1.5,,,,0.0,,,,,,,,,,,,,,0.07,,,,0.9014,,,,,,,,,0.0,,,,,,365630.713,60.0,,,,,,,,,,,,,,,31528.05320100989,0.0
Gravity-Water-Aboveground-store,,,,0.0,,0.0,,,,0.0,,,,,,,,,,,,,,0.07,,,,1.0,,,,,,,,,0.0,,,,,,121755.0274,60.0,,,,,,,,,,,,,,,8672.516302435648,0.0
Gravity-Water-Underground-bicharger,,,,0.0,,1.5,,,,0.0,,,,,,,,,,,,,,0.07,,,,0.9014,,,,,,,,,0.0,,,,,,905158.9602,60.0,,,,,,,,,,,,,,,78051.15609244893,0.0
Gravity-Water-Underground-store,,,,0.0,,0.0,,,,0.0,,,,,,,,,,,,,,0.07,,,,1.0,,,,,,,,,0.0,,,,,,95982.5211,60.0,,,,,,,,,,,,,,,6836.760639492275,0.0
H2 (g) fill compressor station,,,,0.0,,1.7,,,,0.0,,,,,,,,,,,,,,0.07,,,,1.0,,,,,,,,,0.0,,,,,,4738.7164,20.0,,,,,,,,,,,,,,,527.8594840635478,0.0
H2 (g) pipeline,,,,0.0,,2.3333,,,,0.0,,,,,,,,,,,,,,0.07,,,,1.0,,,,,,,0.018,,0.0,,,,,,303.6845,50.0,,,,,,,,,,,,,,,29.090803616010987,0.0
H2 (g) pipeline repurposed,,,,0.0,,2.3333,,,,0.0,,,,,,,,,,,,,,0.07,,,,1.0,,,,,,,0.018,,0.0,,,,,,129.4682,50.0,,,,,,,,,,,,,,,12.402127802763834,0.0
H2 (g) submarine pipeline,,,,0.0,,3.0,,,,0.0,,,,,,,,,,,,,,0.07,,,,1.0,,,,,,,0.018,,0.0,,,,,,456.1165,30.0,,,,,,,,,,,,,,,50.44028331707574,0.0
H2 (g) submarine pipeline repurposed,,,,0.0,,3.0,,,,0.0,,,,,,,,,,,,,,0.07,,,,1.0,,,,,,,0.018,,0.0,,,,,,160.1562,30.0,,,,,,,,,,,,,,,17.711098158006227,0.0
H2 (l) storage tank,,,,0.0,,2.0,,,,0.0,,,,,,,,,,,,,,0.07,,,,1.0,,,,,,,,,0.0,,,,,,793.7456,20.0,,,,,,,,,,,,,,,90.79888147983591,0.0
H2 (l) transport ship,,,,0.0,,4.0,,,,0.0,,,,11000.0,,,,,,,,,,0.07,,,,1.0,,,,,,,,,0.0,,,,,,393737000.0,20.0,,,,,,,,,,,,,,,52915467.40337226,0.0
H2 evaporation,,,,0.0,,2.5,,,,0.0,,,,,,,,,,,,,,0.07,,,,1.0,,,,,,,,,0.0,,,,,,102343.40000000001,20.0,,,,,,,,,,,,,,,12219.077956512312,0.0
H2 liquefaction,,,,0.0,,2.5,,,,0.0,,,,,,,,,,,,,,0.07,,,,1.0,,,,,,,0.203,,0.0,,,,,1.017,711954.1000000001,20.0,,,,,,,,,,,,,,,85002.28299390642,0.0
H2 pipeline,,,,0.0,,3.0,,,,0.0,,,,,,,,,,,,,,0.07,,,,1.0,,,,,,,,,0.0,,,,,,282.5452,40.0,,,,,,,,,,,,,,,29.669828144872003,0.0
H2 production biomass gasification,,,,0.0,,5.0,,,,0.5118,,,,,,,,,,,,,,0.07,,,,1.0,,,,,,,0.097,,0.0,,,,,,1467939.9000000001,20.0,,,,,,,,,,,,,1.804,,211960.1369762622,0.5118
H2 production biomass gasification CC,,,,0.0,,5.0,,,,0.5232,,,,,,,,,,,,,,0.07,,,,1.0,,,,,,,0.143,,0.0,,,,,,1489095.7000000002,20.0,,,,,,,,,,,,,1.804,,215014.88483470137,0.5232
H2 production coal gasification,,,,0.0,,6.2,,,,0.5061,,,,,,,,,,1.62,,,,0.07,,,,1.0,,,,,,,0.02,,0.0,,,,,,399116.8,20.0,,,,,,,,,,,,,,,62419.04406528582,0.5061
H2 production coal gasification CC,,,,0.0,,6.88,,,,0.1479,,,,,,,,,,1.62,,,,0.07,,,,1.0,,,,,,,0.023,,0.0,,,,,,413448.10000000003,20.0,,,,,,,,,,,,,,,67471.80508199015,0.1479
H2 production heavy oil partial oxidation,,,,0.0,,5.0,,,,0.1592,,,,,,,,,,,,,,0.07,,,,1.0,,,,,,,0.063,,0.0,,,,,,491133.10000000003,25.0,,,,,,,1.3,,,,,,,,66701.0403351889,0.1592
H2 production natural gas steam reforming,,,,0.0,,4.9,,,,204.7,,,,,,,,,,,,,,0.07,,,,1.0,,,,,,,0.02,,0.0,1.25,,,,,180051.8,20.0,,,,,,,,,,,,,,,25818.15438733952,204.7
H2 production natural gas steam reforming CC,,,,0.0,,6.0,,,,79.60000000000001,,,,,,,,,,,,,,0.07,,,,1.0,,,,,,,0.039,,0.0,1.4,,,,,217586.3,20.0,,,,,,,,,,,,,,,33593.78545864975,79.60000000000001
H2 production solid biomass steam reforming,,,,0.0,,4.0,,,,0.7393,,,,,,,,,,,,,,0.07,,,,1.0,,,,,,,0.044,,0.0,,,,,,590656.3999999999,20.0,,,,,,,,,,,,,1.36,,79380.0417049787,0.7393
HVAC overhead,,,,0.0,,2.0,,,,0.0,,,,,,,,,,,,,,0.07,,,,1.0,,,,,,,,,0.0,,,,,,442.1414,40.0,,,,,,,,,,,,,,,42.007473674372484,0.0
HVDC inverter pair,,,,0.0,,2.0,,,,0.0,,,,,,,,,,,,,,0.07,,,,1.0,,,,,,,,,0.0,,,,,,165803.0398,40.0,,,,,,,,,,,,,,,15752.804034024939,0.0
HVDC overhead,,,,0.0,,2.0,,,,0.0,,,,,,,,,,,,,,0.07,,,,1.0,,,,,,,,,0.0,,,,,,442.1414,40.0,,,,,,,,,,,,,,,42.007473674372484,0.0
HVDC submarine,,,,0.0,,0.35,,,,0.0,,,,,,,,,,,,,,0.07,,,,1.0,,,,,,,,,0.0,,,,,,1008.2934,40.0,,,,,,,,,,,,,,,79.16024656594472,0.0
HVDC underground,,,,0.0,,0.35,,,,0.0,,,,,,,,,,,,,,0.07,,,,1.0,,,,,,,,,0.0,,,,,,1008.2934,40.0,,,,,,,,,,,,,,,79.16024656594472,0.0
Haber-Bosch,,,,0.0,,3.0,,,,0.0225,,,,,,,,,,,,,,0.07,,,,1.0,,,,,,,0.2473,,0.0,,,,,1.1484,1194148.0,30.0,,,,,,0.1597,,,,,,,,,132056.5325799864,0.0225
HighT-Molten-Salt-charger,,,,0.0,,1.075,,,,0.0,,,,,,,,,,,,,,0.07,,,,0.99,,,,,,,,,0.0,,,,,,144192.2682,35.0,,,,,,,,,,,,,,,12686.606707007051,0.0
HighT-Molten-Salt-discharger,,,,0.0,,0.2688,,,,0.0,,,,,,,,,,,,,,0.07,,,,0.4444,,,,,,,,,0.0,,,,,,576769.073,35.0,,,,,,,,,,,,,,,46096.51457909899,0.0
HighT-Molten-Salt-store,,,,0.0,,0.3308,,,,0.0,,,,,,,,,,,,,,0.07,,,,1.0,,,,,,,,,0.0,,,,,,94107.5489,35.0,,,,,,,,,,,,,,,7579.606406170398,0.0
Hydrogen fuel cell (passenger cars),,,,0.0,,1.2,,,,0.0,,,,,,,,,,,,,,0.07,,,,0.48,,,,,,,,,0.0,,,,,,29440.0,15.0,,,,,,,,,,,,,,,3585.6337511976308,0.0
Hydrogen fuel cell (trucks),,,,0.0,,12.7,,,,0.0,,,,,,,,,,,,,,0.07,,,,0.56,,,,,,,,,0.0,,,,,,120177.0,15.0,,,,,,,,,,,,,,,28457.267612692856,0.0
Hydrogen-charger,,,,0.0,,0.6345,,,,0.0,,,,,,,,,,,,,,0.07,,,,0.6963,,,,,,,,,0.0,,,,,,347170.8209,30.0,,,,,,,,,,,,,,,30180.046718941612,0.0
Hydrogen-discharger,,,,0.0,,0.5812,,,,0.0,,,,,,,,,,,,,,0.07,,,,0.4869,,,,,,,,,0.0,,,,,,379007.4464,30.0,,,,,,,,,,,,,,,32745.638287783044,0.0
Hydrogen-store,,,,0.0,,0.43,,,,0.0,,,,,,,,,,,,,,0.07,,,,1.0,,,,,,,,,0.0,,,,,,4779.9527,30.0,,,,,,,,,,,,,,,405.7529936562253,0.0
LNG storage tank,,,,0.0,,2.0,,,,0.0,,,,,,,,,,,,,,0.07,,,,1.0,,,,,,,,,0.0,,,,,,666.634,20.0,,,,,,,,,,,,,,,76.25821365992951,0.0
LOHC chemical,,,,0.0,,0.0,,,,0.0,,,,,,,,,,,,,,0.07,,,,1.0,,,,,,,,,0.0,,,,,,2500.0,20.0,,,,,,,,,,,,,,,235.98231435813918,0.0
LOHC dehydrogenation,,,,0.0,,3.0,,,,0.0,,,,,,,,,,,,,,0.07,,,,1.0,,,,,,,,,0.0,,,,,,53681.4988,20.0,,,,,,,,,,,,,,,6677.598694015069,0.0
LOHC dehydrogenation (small scale),,,,0.0,,3.0,,,,0.0,,,,,,,,,,,,,,0.07,,,,1.0,,,,,,,,,0.0,,,,,,839000.0,20.0,,,,,,,,,,,,,,,104365.6646985915,0.0
LOHC hydrogenation,,,,0.0,,3.0,,,,0.0,,,,,,,,,,,,,,0.07,,,,1.0,,,,,,,0.004,,0.0,,,,,1.867,54243.958,20.0,0.944,,,,,,,,,,,,,,6747.564639514279,0.0
LOHC loaded DBT storage,,,,0.0,,6.25,,,,0.0,,,,,,,,,,,,,,0.07,,,,1.0,,,,,,,,,0.0,,,,,,151.5383,30.0,,,,,,,,,,,,,,,21.68307034118782,0.0
LOHC transport ship,,,,0.0,,5.0,,,,0.0,,,,75000.0,,,,,,,,,,0.07,,,,1.0,,,,,,,,,0.0,,,,,,35000000.0,15.0,,,,,,,,,,,,,,,5592811.8645352265,0.0
LOHC unloaded DBT storage,,,,0.0,,6.25,,,,0.0,,,,,,,,,,,,,,0.07,,,,1.0,,,,,,,,,0.0,,,,,,134.2745,30.0,,,,,,,,,,,,,,,19.212855288252698,0.0
Lead-Acid-bicharger,,,,0.0,,2.4427,,,,0.0,,,,,,,,,,,,,,0.07,,,,0.8832,,,,,,,,,0.0,,,,,,128853.6139,12.0,,,,,,,,,,,,,,,19370.43346213148,0.0
Lead-Acid-store,,,,0.0,,0.2542,,,,0.0,,,,,,,,,,,,,,0.07,,,,1.0,,,,,,,,,0.0,,,,,,320631.3818,12.0,,,,,,,,,,,,,,,41183.17356636271,0.0
Liquid fuels ICE (passenger cars),,,,0.0,,1.6,,,,0.0,,,,,,,,,,,,,,0.07,,,,0.215,,,,,,,,,0.0,,,,,,26167.0,15.0,,,,,,,,,,,,,,,3291.667944551237,0.0
Liquid fuels ICE (trucks),,,,0.0,,16.2,,,,0.0,,,,,,,,,,,,,,0.07,,,,0.373,,,,,,,,,0.0,,,,,,110858.0,15.0,,,,,,,,,,,,,,,30130.608505104174,0.0
Liquid-Air-charger,,,,0.0,,0.366,,,,0.0,,,,,,,,,,,,,,0.07,,,,0.99,,,,,,,,,0.0,,,,,,475721.2289,35.0,,,,,,,,,,,,,,,38482.97389481083,0.0
Liquid-Air-discharger,,,,0.0,,0.5212,,,,0.0,,,,,,,,,,,,,,0.07,,,,0.55,,,,,,,,,0.0,,,,,,334017.033,35.0,,,,,,,,,,,,,,,27538.354824797778,0.0
Liquid-Air-store,,,,0.0,,0.3208,,,,0.0,,,,,,,,,,,,,,0.07,,,,1.0,,,,,,,,,0.0,,,,,,159004.771,35.0,,,,,,,,,,,,,,,12790.655372781,0.0
Lithium-Ion-LFP-bicharger,,,,0.0,,2.1198,,,,0.0,,,,,,,,,,,,,,0.07,,,,0.9193,,,,,,,,,0.0,,,,,,81553.4846,16.0,,,,,,,,,,,,,,,10361.830810185164,0.0
Lithium-Ion-LFP-store,,,,0.0,,0.0447,,,,0.0,,,,,,,,,,,,,,0.07,,,,1.0,,,,,,,,,0.0,,,,,,236482.8109,16.0,,,,,,,,,,,,,,,25139.221906036182,0.0
Lithium-Ion-NMC-bicharger,,,,0.0,,2.1198,,,,0.0,,,,,,,,,,,,,,0.07,,,,0.9193,,,,,,,,,0.0,,,,,,81553.4846,13.0,,,,,,,,,,,,,,,11486.714367407989,0.0
Lithium-Ion-NMC-store,,,,0.0,,0.038,,,,0.0,,,,,,,,,,,,,,0.07,,,,1.0,,,,,,,,,0.0,,,,,,269576.8493,13.0,,,,,,,,,,,,,,,32357.537859378997,0.0
LowT-Molten-Salt-charger,,,,0.0,,1.075,,,,0.0,,,,,,,,,,,,,,0.07,,,,0.99,,,,,,,,,0.0,,,,,,144192.2682,35.0,,,,,,,,,,,,,,,12686.606707007051,0.0
LowT-Molten-Salt-discharger,,,,0.0,,0.2688,,,,0.0,,,,,,,,,,,,,,0.07,,,,0.5394,,,,,,,,,0.0,,,,,,576769.073,35.0,,,,,,,,,,,,,,,46096.51457909899,0.0
LowT-Molten-Salt-store,,,,0.0,,0.3308,,,,0.0,,,,,,,,,,,,,,0.07,,,,1.0,,,,,,,,,0.0,,,,,,58041.2003,35.0,,,,,,,,,,,,,,,4674.752012542314,0.0
MeOH transport ship,,,,0.0,,5.0,,,,0.0,,,,75000.0,,,,,,,,,,0.07,,,,1.0,,,,,,,,,0.0,,,,,,35000000.0,15.0,,,,,,,,,,,,,,,5592811.8645352265,0.0
Methanol steam reforming,,,,0.0,,4.0,,,,0.0,,,,,,,,,,,,,,0.07,,,,1.0,,,,,,,,,0.0,,,,,,18016.8665,20.0,,,1.201,,,,,,,,,,,,2421.3394016606508,0.0
NH3 (l) storage tank incl. liquefaction,,,,0.0,,2.0,,,,0.0,,,,,,,,,,,,,,0.07,,,,1.0,,,,,,,,,0.0,,,,,,166.8201,20.0,,,,,,,,,,,,,,,19.083039311782485,0.0
NH3 (l) transport ship,,,,0.0,,4.0,,,,0.0,,,,53000.0,,,,,,,,,,0.07,,,,1.0,,,,,,,,,0.0,,,,,,81164200.0,20.0,,,,,,,,,,,,,,,10907894.303610751,0.0
Ni-Zn-bicharger,,,,0.0,,2.1198,,,,0.0,,,,,,,,,,,,,,0.07,,,,0.9,,,,,,,,,0.0,,,,,,81553.4846,15.0,,,,,,,,,,,,,,,10682.90500126711,0.0
Ni-Zn-store,,,,0.0,,0.2262,,,,0.0,,,,,,,,,,,,,,0.07,,,,1.0,,,,,,,,,0.0,,,,,,267837.874,15.0,,,,,,,,,,,,,,,30013.008127533463,0.0
OCGT,,,,0.0,,3.75,,,,3.1580230772615585,,,,,,,,,,,,,,0.07,,,,0.42,,,,,,,,,0.0,,,,,,540372.8376647556,25.0,,,,,,,,,,,,,,,66633.65410443979,3.1580230772615585
PEM electrolyzer small size,,,,0.0,,3.0,,,,0.0,,,,,,,,,,,,,,0.07,,,,1.0,,,,,,,1.29,,0.0,,,,,,1080538.4,8.0,,,,,,,,,,,,,,,213371.5001333399,0.0
PHS,,,,0.0,,1.0,,,,0.0,,,,,,,,,,,,,,0.07,,,,0.75,,,,,,,,,0.0,,,,,,2274817.7,80.0,,,,,,,,,,,,,,,182698.73459185107,0.0
Pumped-Heat-charger,,,,0.0,,0.366,,,,0.0,,,,,,,,,,,,,,0.07,,,,0.99,,,,,,,,,0.0,,,,,,761782.6727,33.0,,,,,,,,,,,,,,,62518.03010026325,0.0
Pumped-Heat-discharger,,,,0.0,,0.5212,,,,0.0,,,,,,,,,,,,,,0.07,,,,0.63,,,,,,,,,0.0,,,,,,534868.6851,33.0,,,,,,,,,,,,,,,44725.75435582686,0.0
Pumped-Heat-store,,,,0.0,,0.1528,,,,0.0,,,,,,,,,,,,,,0.07,,,,1.0,,,,,,,,,0.0,,,,,,11546.7963,33.0,,,,,,,,,,,,,,,923.0054626289646,0.0
Pumped-Storage-Hydro-bicharger,,,,0.0,,3.79862700228833,,,,0.1228120085601716,,,,,,,,,,,,,,0.07,,,,0.8944,,,,,,,,,0.0,,,,,,191674.45621712517,60.0,,,,,,,,,,,,,,,20933.820714836253,0.1228120085601716
Pumped-Storage-Hydro-store,,,,0.0,,0.43,,,,0.0,,,,,,,,,,,,,,0.07,,,,1.0,,,,,,,,,0.0,,,,,,57074.0625,60.0,,,,,,,,,,,,,,,4310.759736764704,0.0
SMR,,,,0.0,,5.0,,,,0.0,,,,,,,,,,,,,,0.07,,,,0.76,,,,,,,,,0.0,,,,,,522201.0492,30.0,,,,,,,,,,,,,,,68192.35692475682,0.0
SMR CC,,,,0.0,,5.0,,,,0.0,,,,,,0.9,,,,,,,,0.07,,,,0.69,,,,,,,,,0.0,,,,,,605753.2171,30.0,,,,,,,,,,,,,,,79103.13403637432,0.0
SOEC,,,,0.0,,4.0,,,,0.0,,,,,,,,,,,,,,0.07,,,,1.0,,,,,,,1.15,,0.0,,,,,,1872078.0978265067,30.0,,,,,,,,,,,,,,,225747.16490882062,0.0
Sand-charger,,,,0.0,,1.075,,,,0.0,,,,,,,,,,,,,,0.07,,,,0.99,,,,,,,,,0.0,,,,,,144192.2682,35.0,,,,,,,,,,,,,,,12686.606707007051,0.0
Sand-discharger,,,,0.0,,0.2688,,,,0.0,,,,,,,,,,,,,,0.07,,,,0.53,,,,,,,,,0.0,,,,,,576769.073,35.0,,,,,,,,,,,,,,,46096.51457909899,0.0
Sand-store,,,,0.0,,0.3308,,,,0.0,,,,,,,,,,,,,,0.07,,,,1.0,,,,,,,,,0.0,,,,,,6700.8517,35.0,,,,,,,,,,,,,,,539.6997272353548,0.0
Steam methane reforming,,,,0.0,,3.0,,,,0.0,,,,,,,,,,,,,,0.07,,,,1.0,,,,,,,,,0.0,,,,,,497454.611,30.0,,1.483,,,,,,,,,,,,,55011.71634050884,0.0
"Tank&bulk, diesel",,,,0.0,,0.0,,,,0.0,,,,,,,,,,,,,,0.07,,,,0.462,,,,,,,,,0.0,,,,,,35129312.4041,25.0,,,,,,,,,,,,,,,3014464.4670021646,0.0
"Tank&bulk, methanol",,,,0.0,,0.0,,,,0.0,,,,,,,,,,,,,,0.07,,,,0.4695,,,,,,,,,0.0,,,,,,35129312.4041,25.0,,,,,,,,,,,,,,,3014464.4670021646,0.0
"Tankbulk, ammonia",,,,0.0,,0.0,,,,0.0,,,,,,,,,,,,,,0.07,,,,0.471,,,,,,,,,0.0,,,,,,35129312.4041,25.0,,,,,,,,,,,,,,,3014464.4670021646,0.0
Vanadium-Redox-Flow-bicharger,,,,0.0,,2.4395,,,,0.0,,,,,,,,,,,,,,0.07,,,,0.8062,,,,,,,,,0.0,,,,,,129023.0526,12.0,,,,,,,,,,,,,,,19391.776272858304,0.0
Vanadium-Redox-Flow-store,,,,0.0,,0.2345,,,,0.0,,,,,,,,,,,,,,0.07,,,,1.0,,,,,,,,,0.0,,,,,,258072.8586,12.0,,,,,,,,,,,,,,,33097.06696904289,0.0
Zn-Air-bicharger,,,,0.0,,2.4395,,,,0.0,,,,,,,,,,,,,,0.07,,,,0.7937,,,,,,,,,0.0,,,,,,129023.0526,25.0,,,,,,,,,,,,,,,14219.052245172143,0.0
Zn-Air-store,,,,0.0,,0.1654,,,,0.0,,,,,,,,,,,,,,0.07,,,,1.0,,,,,,,,,0.0,,,,,,174388.0144,25.0,,,,,,,,,,,,,,,15252.76348856648,0.0
Zn-Br-Flow-bicharger,,,,0.0,,2.1198,,,,0.0,,,,,,,,,,,,,,0.07,,,,0.8307,,,,,,,,,0.0,,,,,,81553.4846,10.0,,,,,,,,,,,,,,,13340.15224261339,0.0
Zn-Br-Flow-store,,,,0.0,,0.2576,,,,0.0,,,,,,,,,,,,,,0.07,,,,1.0,,,,,,,,,0.0,,,,,,412306.5947,10.0,,,,,,,,,,,,,,,59765.285099356886,0.0
Zn-Br-Nonflow-bicharger,,,,0.0,,2.4395,,,,0.0,,,,,,,,,,,,,,0.07,,,,0.8888,,,,,,,,,0.0,,,,,,129023.0526,15.0,,,,,,,,,,,,,,,17313.555006172217,0.0
Zn-Br-Nonflow-store,,,,0.0,,0.2244,,,,0.0,,,,,,,,,,,,,,0.07,,,,1.0,,,,,,,,,0.0,,,,,,239220.5823,15.0,,,,,,,,,,,,,,,26801.945041065934,0.0
air separation unit,,,,0.0,,3.0,,,,0.0,,,,,,,,,,,,,,0.07,,,,1.0,,,,,,,0.25,,0.0,,,,,,671233.0629,30.0,,,,,,,,,,,,,,,74229.25034385847,0.0
allam,,,,0.0,,0.0,,,,2.0,,,,,,,,,,,,,,0.07,,,,0.6,,,,,,,,,0.0,,,,,,1500000.0,30.0,,,,,,,,,,,,,,,120879.60526666677,2.0
ammonia carbon capture retrofit,,,,0.0,,5.0,,,,0.0,,,,,,0.99,,,,,,,,0.07,,,,1.0,,,,,,,0.1,,0.0,,,,,,815605.9791371828,20.0,,,,,,,,,,,,,,,117767.73358131059,0.0
battery inverter,,,,0.0,,12.663571127057832,,,,0.175445726514531,,,,,,,,,,,,,,0.07,,,,0.96,,,,,,,,,0.0,,,,,,103907.731528231,10.0,,,,,,,,,,,,,,,27952.552817644813,0.175445726514531
battery storage,,,,0.0,,0.0,,,,0.0,,,,,,,,,,,,,,0.07,,,,1.0,,,,,,,,,0.0,,,,,,99959.59999999999,30.0,,,,,,,,,,,,,,,8055.384660409269,0.0
biochar pyrolysis,,,,0.0,,3.3636,,,,823.497,,,,,,,,,,,,,,0.07,,,,1.0,0.404,,,0.4848,,,,,0.0,,,,,,141538540.0,25.0,,,,,,,,,,,,,,0.0582,16906285.655497868,823.497
biodiesel crops,,,,0.0,,0.0,,,,0.0,,,,,,,,,,,,,,0.07,,,,1.0,,,,,,,,,137.5427,,,,,,0.0,25.0,,,,,,,,,,,,,,,0.0,137.5427
bioethanol crops,,,,0.1289,,0.0,,,,0.0,,,,,,,,,,,,,,0.07,,,,1.0,,,,,,,,,86.1222,,,,,,0.0,25.0,,,,,,,,,,,,,,,0.0,86.1222
biogas,,,,0.0,0.0868,6.638655462184874,,,,0.0596515470149405,,,,,0.9,,,,,,,,,0.07,,,,1.0,,,,,,,,,62.4351,,,,,,1461462.9018660437,20.0,,,,,,,,,,,,,,,234973.2459349001,62.494751547014936
biogas CC,,,,0.0,0.0868,7.7769,,,,0.0,,,,,0.9,,,,,,,,,0.07,,,,1.0,,,,,,,,,0.0,,,,,,922249.0,20.0,,,,,,,,,,,,,,,158776.1638547918,0.0
biogas manure,,,,0.0,,0.0,,,,0.0,,,,,,,,,,,,,,0.07,,,,1.0,,,,,,,,,19.8782,,,,,,0.0,25.0,,,,,,,,,,,,,,,0.0,19.8782
biogas plus hydrogen,,,,0.0,,4.0,,,,3.0626,,,,,,,,,,,,,,0.07,,,,1.0,,,,,,,,,0.0,,,,,,643144.3,25.0,,,,,,,,,,,,,,,80914.31703052293,3.0626
biogas upgrading,,,,0.0,,17.8139,,,,3.0755,,,,,,,,,,,,,,0.07,,,,1.0,,,,,,,,,0.0,,,,,,136419.09999999998,20.0,,,,,,,,,,,,,,,37178.56003116177,3.0755
biomass,,,,0.0,,5.694493366208761,,,,5.786200060449232,,,,,,,,,,,,,,0.07,,,,0.468,,,,,,,,,7.4076,,,,,,2091979.7538139645,30.0,,,,,,,,,,,,,,,287712.7728812938,21.61440518865436
biomass CHP,,,,0.0,,3.5606,,,,2.222,,0.4564,1.0,,,,,,,,,,,0.07,,,,0.3003,,,,0.7083,,,,,0.0,,,,,,3239492.0,25.0,,,,,,,,,,,,,,,393327.83620420843,2.222
biomass CHP capture,,,,0.0,,3.0,,,,0.0,,,,,,0.95,,,,,,0.075,0.13,0.07,,,,1.0,,,,,,,0.023,,0.0,,,0.66,0.66,,2400000.0,25.0,,,,,,,,,,,,,,,277945.2413295974,0.0
biomass EOP,,,,0.0,,3.5606,,,,2.222,,0.4564,1.0,,,,,,,,,,,0.07,,,,0.3003,,,,0.7083,,,,,0.0,,,,,,3239492.0,25.0,,,,,,,,,,,,,,,393327.83620420843,2.222
biomass HOP,,,,0.0,,5.7257,,,,3.1231,,,,,,,,,,,,,,0.07,,,,0.5312,,,,,,,,,0.0,,,,,,839078.1,25.0,,,,,,,,,,,,,,,120044.82052123337,3.1231
biomass boiler,,,,0.0,,7.5118,,,,0.0,,,,,,,,,,,,,,0.07,,,,0.87,,,,,,,,,0.0,,,,,,654330.2999999999,20.0,,,,,,,,,,9.0,,,,,110916.13489486219,0.0
biomass-to-methanol,,0.4265,0.5735,0.0,0.2103,1.8083,,,,14.4653,,,,,0.9,,,,,,,,,0.07,,,,0.63,,,0.02,0.22,,,,,0.0,,,,,,2255697.0,20.0,,,,,,,,,,,,,,,253711.60827128458,14.4653
blast furnace-basic oxygen furnace,,,,0.0,,14.18,,,,0.0,,,,,,,,,,1.43,,,,0.07,,,20.0,1.0,,,,,,,,,0.0,,,,,,7637406.0,40.0,,,,,,,,1.539,,,0.051,,,,1655859.4180881446,0.0
cement capture,,,,0.0,,3.0,,,,0.0,,,,,,0.95,,,,,,0.075,0.13,0.07,,,,1.0,,,,,,,0.02,,0.0,,,0.66,1.48,,2200000.0,25.0,,,,,,,,,,,,,,,254783.13788546433,0.0
cement carbon capture retrofit,,,,0.0,,7.0,,,,0.0,,,,,,0.9,,,,,,,,0.07,,,,1.0,,,,,,,0.16,,0.0,0.76,,,,,2270028.3694418925,20.0,,,,,,,,,,,,,,,373176.6051727448,0.0
cement dry clinker,,,,0.0,,4.0,,,,5.2911,,,,,,,,,,,,,,0.07,,,,1.0,,,,,,,0.0694,,0.0,0.0002,,0.9444,,,1158752.6816,30.0,,,,,,,,,,,,,,,139729.81843299975,5.2911
cement finishing,,,,0.0,,30.0,,,,3.1747,,,,,,,,,0.656,,,,,0.07,,,,1.0,,,,,,,0.1736,,0.0,,,,,,92700.2145,25.0,,,,,,,,,,,,0.194,,,35764.71770271165,3.1747
central air-sourced heat pump,,,,0.0,,0.2336,,,,2.3175,,,,,,,,,,,,,,0.07,,,,3.3,,,,,,,,,0.0,,,,,,906098.7999999999,25.0,,,,,,,,,,,,,,,79869.45347782443,2.3175
central coal CHP,,,,0.0,,1.6316,,,,2.9431,,1.01,0.15,,,,,,,,,,,0.07,,,,0.5275,,,,,,,,,0.0,,,,,,1928264.7,25.0,,,,,,,,,,,,,,,196926.95809055158,2.9431
central excess-heat-sourced heat pump,,,,0.0,,0.3504,,,,2.2117,,,,,,,,,,,,,,0.07,,,,5.4,,,,,,,,,0.0,,,,,,604065.9,25.0,,,,,,,,,,,,,,,53951.85422796686,2.2117
central gas CHP,,,,0.0,,3.3889,,,,4.3387,,1.0,0.17,,,,,,,,,,,0.07,,,,0.42,,,,,,,,,0.0,,,,,,571439.7000000001,25.0,,,,,,,,,1.0,,,,,,68401.05621072199,4.3387
central gas CHP CC,,,,0.0,,3.3889,,,,4.3387,,1.0,,,,,,,,,,,,0.07,,,,0.42,,,,,,,,,0.0,,,,,,571439.7000000001,25.0,,,,,,,,,,,,,,,68401.05621072199,4.3387
central gas boiler,,,,0.0,,3.6,,,,1.0582,,,,,,,,,,,,,,0.07,,,,1.04,,,,,,,,,0.0,,,,,,52911.1,25.0,,,,,,,,,,,,,,,6445.12845771436,1.0582
central geothermal heat source,,,,0.0,,0.8464,,,,4.8249,,,,,,,,,,,,,,0.07,,,,1.0,,,,,,,,,0.0,,,,,,2725658.6,30.0,,,,,,,,,,,,,,,242720.9981635304,4.8249
central ground-sourced heat pump,,,,0.0,,0.4147,,,,1.4192,,,,,,,,,,,,,,0.07,,,,1.74,,,,,,,,,0.0,,,,,,510295.6,25.0,,,,,,,,,,,,,,,45904.92522462988,1.4192
central hydrogen CHP,,,,0.0,,5.0,,,,0.0,,1.25,,,,,,,,,,,,0.07,,,,0.5,,,,,,,,,0.0,,,,,,1005310.5,10.0,,,,,,,,,,,,,,,193399.1234555983,0.0
central resistive heater,,,,0.0,,1.6167,,,,1.0582,,,,,,,,,,,,,,0.07,,,,0.99,,,,,,,,,0.0,,,,,,63493.299999999996,20.0,,,,,,,,,,,,,,,7019.814533194255,1.0582
central solar thermal,,,,0.0,,1.4,,,,0.0,,,,,,,,,,,,,,0.07,,,,1.0,,,,,,,,,0.0,,,,,,148151.0278,20.0,,,,,,,,,,,,,,,16058.523355112407,0.0
central solid biomass CHP,,,,0.0,,2.8591,,,,4.8953,,0.3465,1.0,,,,,,,,,,,0.07,,,,0.2675,,,,0.8269,,,,,0.0,,,,,,3442098.4,25.0,,,,,,,,,1.0,,,,,,393781.27938282554,4.8953
central solid biomass CHP CC,,,,0.0,,2.8591,,,,4.8953,,0.3465,1.0,,,,,,,,,,,0.07,,,,0.2675,,,,0.8269,,,,,0.0,,,,,,4917553.7,25.0,,,,,,,,,,,,,,,562575.6042940979,4.8953
central solid biomass CHP powerboost CC,,,,0.0,,2.8591,,,,4.8953,,0.3465,1.0,,,,,,,,,,,0.07,,,,0.2675,,,,0.8269,,,,,0.0,,,,,,3442098.4,25.0,,,,,,,,,,,,,,,393781.27938282554,4.8953
central water pit charger,,,,0.0,,0.0,,,,0.0,,,,,,,,,,,,,,0.07,,,,1.0,,,,,,,,,0.0,,,,,,0.0,25.0,,,,,,,,,,,,,,,0.0,0.0
central water pit discharger,,,,0.0,,0.0,,,,0.0,,,,,,,,,,,,,,0.07,,,,1.0,,,,,,,,,0.0,,,,,,0.0,25.0,,,,,,,,,,,,,,,0.0,0.0
central water pit storage,35.0,,,0.0,,0.2544,,,90.0,0.0,,,,,,,,,,,,,,0.07,,,,1.0,,,,,,,,22.5,0.0,,,,,,982.6,30.0,,,,,,,,,,,,,,,81.68393449001785,0.0
central water tank charger,,,,0.0,,0.0,,,,0.0,,,,,,,,,,,,,,0.07,,,,1.0,,,,,,,,,0.0,,,,,,0.0,25.0,,,,,,,,,,,,,,,0.0,0.0
central water tank discharger,,,,0.0,,0.0,,,,0.0,,,,,,,,,,,,,,0.07,,,,1.0,,,,,,,,,0.0,,,,,,0.0,25.0,,,,,,,,,,,,,,,0.0,0.0
central water tank storage,,,,0.0,,1.0,,55.0,,0.0,,,,,,,,,,,,,,0.07,,,,1.0,,,,,,,,60.3448,0.0,,,,,,3036.1,40.0,,,,,,,,,,,,,,,258.09624653416824,0.0
clean water tank storage,,,,0.0,,2.0,,,,0.0,,,,,,,,,,,,,,0.07,,,,1.0,,,,,,,,,0.0,,,,,,69.1286,30.0,,,,,,,,,,,,,,,6.953397253758201,0.0
coal,,,,0.3361,,2.2904648795385136,,,,6.579214744294914,,,,,,,,,,,,,,0.07,,,,0.356,,,,,,,,,9.5542,,,,,,2585192.7801916148,40.0,,,,,,,,,,,,,,,253126.01696310178,33.41685519373312
csp-tower,,,,0.0,,1.3,,,,0.0,,,,,,,,,,,,,,0.07,,,,1.0,,,,,,,,,0.0,,,,,,99970.0,30.0,,,,,,,,,,,,,,,9355.832759005785,0.0
csp-tower TES,,,,0.0,,1.3,,,,0.0,,,,,,,,,,,,,,0.07,,,,1.0,,,,,,,,,0.0,,,,,,13390.0,30.0,,,,,,,,,,,,,,,1253.1219430137787,0.0
csp-tower power block,,,,0.0,,1.3,,,,0.0,,,,,,,,,,,,,,0.07,,,,1.0,,,,,,,,,0.0,,,,,,700340.0,30.0,,,,,,,,,,,,,,,65542.3018349716,0.0
decentral CHP,,,,0.0,,3.0,,,,0.0,,,,,,,,,,,,,,0.04,,,,1.0,,,,,,,,,0.0,,,,,,1481510.2999999998,25.0,,,,,,,,,,,,,,,139279.69119134915,0.0
decentral air-sourced heat pump,,,,0.0,,3.0674,,,,0.0,,,,,,,,,,,,,,0.04,,,,3.7,,,,,,,,,0.0,,,,,,851868.3999999999,18.0,,,,,,,,,,,,,,,93422.13135856188,0.0
decentral gas boiler,,,,0.0,,6.7099,,,,0.0,,,,,,,,,,,,,,0.04,,,,0.985,,,,,,,,,0.0,,,,,,299122.4,20.0,,,,,,,,,,,,,,,42080.76367210026,0.0
decentral gas boiler connection,,,,0.0,,0.0,,,,0.0,,,,,,,,,,,,,,0.07,,,,1.0,,,,,,,,,0.0,,,,,,186951.5,50.0,,,,,,,,,,,,,,,13546.477561203963,0.0
decentral ground-sourced heat pump,,,,0.0,,1.8994,,,,0.0,,,,,,,,,,,,,,0.04,,,,3.975,,,,,,,,,0.0,,,,,,1375688.1,20.0,,,,,,,,,,,,,,,127355.3580756658,0.0
decentral oil boiler,,,,0.0,,2.0,,,,0.0,,,,,,,,,,,,,,0.07,,,,0.9,,,,,,,,,0.0,,,,,,165097.5,20.0,,,,,,,,,,,,,,,18885.986057897153,0.0
decentral resistive heater,,,,0.0,,2.0,,,,0.0,,,,,,,,,,,,,,0.04,,,,0.9,,,,,,,,,0.0,,,,,,105822.2,20.0,,,,,,,,,,,,,,,9903.026699626227,0.0
decentral solar thermal,,,,0.0,,1.3,,,,0.0,,,,,,,,,,,,,,0.04,,,,1.0,,,,,,,,,0.0,,,,,,285719.8393,20.0,,,,,,,,,,,,,,,24738.123790208556,0.0
decentral water tank charger,,,,0.0,,0.0,,,,0.0,,,,,,,,,,,,,,0.07,,,,1.0,,,,,,,,,0.0,,,,,,0.0,25.0,,,,,,,,,,,,,,,0.0,0.0
decentral water tank discharger,,,,0.0,,0.0,,,,0.0,,,,,,,,,,,,,,0.07,,,,1.0,,,,,,,,,0.0,,,,,,0.0,25.0,,,,,,,,,,,,,,,0.0,0.0
decentral water tank storage,,,,0.0,,1.0,,30.0,,1.2289,,,,,,,,,,,,,,0.04,,,,1.0,,,,,,,,0.15,0.0,,,,,,419862.19999999995,30.0,,,,,,,,,,,,,,,28479.294648477127,1.2289
digestible biomass,,,,0.0,,0.0,,,,0.0,,,,,,,,,,,,,,0.07,,,,1.0,,,,,,,,,17.0611,,,,,,0.0,25.0,,,,,,,,,,,,,,,0.0,17.0611
digestible biomass to hydrogen,,,,0.0,,4.25,,,,0.0,,,,,0.9,,,,,,,,,0.07,,,,0.39,,,,,,,,,0.0,,,,,,3177839.5,25.0,,,,,,,,,,,,,,,407750.2298892614,0.0
direct air capture,,,,0.0,,4.95,,,,0.0,,,,,,,,,,,,0.15,0.2,0.07,,,,1.0,,,,,,,0.4,,0.0,,,1.6,0.75,,5000000.0,20.0,,,,,,,,,,,,,,,719464.6287162785,0.0
direct firing gas,,,,0.0,,1.1515,,,,0.282,,,,,,,,,,,,,,0.07,,,,1.0,,,,,,,,,0.0,,,,,,15105.0,15.0,,,,,,,,,,,,,,,1832.3818811087028,0.282
direct firing gas CC,,,,0.0,,1.1515,,,,0.282,,,,,,,,,,,,,,0.07,,,,1.0,,,,,,,,,0.0,,,,,,15105.0,15.0,,,,,,,,,,,,,,,1832.3818811087028,0.282
direct firing solid fuels,,,,0.0,,1.4545,,,,0.3351,,,,,,,,,,,,,,0.07,,,,1.0,,,,,,,,,0.0,,,,,,221540.0,15.0,,,,,,,,,,,,,,,27546.200456260976,0.3351
direct firing solid fuels CC,,,,0.0,,1.4545,,,,0.3351,,,,,,,,,,,,,,0.07,,,,1.0,,,,,,,,,0.0,,,,,,221540.0,15.0,,,,,,,,,,,,,,,27546.200456260976,0.3351
dry bulk carrier Capesize,,,,0.0,,4.0,,,,0.0,,,,180000.0,,,,,,,,,,0.07,,,,1.0,,,,,,,,,0.0,,,,,,40000000.0,25.0,,,,,,,,,,,,,,,5032420.688826624,0.0
electric arc furnace,,,,0.0,,30.0,,,,0.0,,,,,,,,,,,,,,0.07,,,20.0,1.0,,,,,,,0.6395,,0.0,,1.0,,,,1839600.0,40.0,,,,,,,,,,,,,,,689866.8118718936,0.0
electric arc furnace with hbi and scrap,,,,0.0,,30.0,,,,0.0,,,,,,,,,,,,,,0.07,,,20.0,1.0,,,,,,,0.6395,,0.0,,0.37,,,,1839600.0,40.0,,,,,,,,,,,0.71,,,,689866.8118718936,0.0
electric boiler steam,,,,0.0,,1.3857,,,,0.7855,,,,,,,,,,,,,,0.07,,,,0.99,,,,,,,,,0.0,,,,,,70490.0,25.0,,,,,,,,,,,,,,,7025.563288884718,0.7855
electric steam cracker,,,,0.0,,3.0,,,,190.4799,,,,,,,,0.55,,,,,,0.07,,,,1.0,,,,,,,2.7,,0.0,,,,,,11124025.7434,30.0,,,,,14.8,,,,,,,,,,1230165.9995276209,190.4799
electricity distribution grid,,,,0.0,,2.0,,,,0.0,,,,,,,,,,,,,,0.07,,,,1.0,,,,,,,,,0.0,,,,,,529110.8,40.0,,,,,,,,,,,,,,,50270.361476727056,0.0
electricity grid connection,,,,0.0,,2.0,,,,0.0,,,,,,,,,,,,,,0.07,,,,1.0,,,,,,,,,0.0,,,,,,148151.0,40.0,,,,,,,,,,,,,,,14075.698933264242,0.0
electrobiofuels,,0.9292,,0.0,,2.8364,,,,3.429,,,,,0.9,,,,,,,,,0.07,,,,1.0,,1.325,,,1.2543,0.6443,,,0.0,,,,,,392280346.0,25.0,,,,,,,,,,,,,,,44788419.11970566,3.429
electrolysis,,,,0.0,,4.0,,,,0.0,,,,,,,,,,,,,,0.07,,,,0.6532,,,,0.1849,,,,,0.0,,,,,,1200000.0,25.0,,,,,,,,,,,,,,,150972.62066479874,0.0
electrolysis small,,,,0.0,,4.0,,,,0.0,,,,,,,,,,,,,,0.07,,,,0.6532,,,,0.1849,,,,,0.0,,,,,,675000.0,25.0,,,,,,,,,,,,,,,84922.09912394929,0.0
ethanol carbon capture retrofit,,,,0.0,,7.0,,,,0.0,,,,,,0.94,,,,,,,,0.07,,,,1.0,,,,,,,0.12,,0.0,,,,,,814559.186596077,20.0,,,,,,,,,,,,,,,133907.76787557564,0.0
ethanol from starch crop,,,,0.0,,16.4,,,,26.3497,,,,,,,,,,,,,,0.07,,,,0.58,,,,,,,,,0.0,,,,,,603376.8073,20.0,,,,,,,,,,,,,,,155908.2985638716,26.3497
ethanol from sugar crops,,,,0.0,,19.51,,,,23.1751,,,,,,,,,,,,,,0.07,,,,0.45,,,,,,,,,0.0,,,,,,446537.78,20.0,,,,,,,,,,,,,,,129269.52838709825,23.1751
fuel cell,,,,0.0,,5.0,,,,0.0,,1.25,,,,,,,,,,,,0.07,,,,0.5,,,,,,,,,0.0,,,,,,1005310.5,10.0,,,,,,,,,,,,,,,193399.1234555983,0.0
fuelwood,,,,0.0,,0.0,,,,0.0,,,,,,,,,,,,,,0.07,,,,1.0,,,,,,,,,13.193,,,,,,0.0,25.0,,,,,,,,,,,,,,,0.0,13.193
gas,,,,0.198,,0.0,,,,0.0,,,,,,,,,,,,,,0.07,,,,1.0,,,,,,,,,24.568,,,,,,0.0,25.0,,,,,,,,,,,,,,,0.0,24.568
gas boiler steam,,,,0.0,,3.96,,,,1.007,,,,,,,,,,,,,,0.07,,,,0.93,,,,,,,,,0.0,,,,,,45772.7,25.0,,,,,,,,,,,,,,,5740.37798158636,1.007
gas storage,,,,0.0,,0.5368,,,,0.0,,,,,,,,,,,,,,0.07,,,,1.0,,,,,,,,,0.0,,,,,,236.6,100.0,,,,,,,,,,,,,,,17.851177705084,0.0
gas storage charger,,,,0.0,,0.0,,,,0.0,,,,,,,,,,,,,,0.07,,,,1.0,,,,,,,,,0.0,,,,,,15247.9,25.0,,,,,,,,,,,,,,,1308.430185528987,0.0
gas storage discharger,,,,0.0,,0.0,,,,0.0,,,,,,,,,,,,,,0.07,,,,1.0,,,,,,,,,0.0,,,,,,5082.6,25.0,,,,,,,,,,,,,,,436.140534825755,0.0
geothermal,,,,0.12,,0.5871725383920506,,,,0.2631685897717965,,,,,,,,,,,,,,0.07,25.0,0.8,,1.0,,,,,,,,,0.0,,,,,,2913276.288773788,30.0,,,,,,,,,,,,,,,251876.41688164373,0.2631685897717965
helmeth,,,,0.0,,3.0,,,,0.0,,,,,,,,,,,,,,0.07,,,,0.8,,,,,,,,,0.0,,,,,,2116443.3,25.0,,,,,,,,,,,,,,,245106.3932412123,0.0
home battery inverter,,,,0.0,,0.54,,,,0.0,,,,,,,,,,,,,,0.07,,,,0.96,,,,,,,,,0.0,,,,,,153730.7,10.0,,,,,,,,,,,,,,,22717.938938529678,0.0
home battery storage,,,,0.0,,0.0,,,,0.0,,,,,,,,,,,,,,0.07,,,,1.0,,,,,,,,,0.0,,,,,,144798.1,30.0,,,,,,,,,,,,,,,11668.758114242228,0.0
hydro,,,,0.0,,2.4866666666666664,,,,0.526337179543593,,,,,,,,,,,,,,0.07,,,,0.9,,,,,,,,,0.0,,,,,,1315842.9488589827,80.0,,,,,,,,,,,,,,,125242.24560559311,0.526337179543593
hydrogen direct iron reduction furnace,,,,0.0,,11.3,,,,0.0,,,,,,,,,,,,,,0.07,,,20.0,1.0,,,,,,,1.03,,0.0,,,,,2.1,4277858.0,40.0,,,,,,,,1.59,,,,,,,804276.3988035849,0.0
hydrogen storage compressor,,,,0.0,,4.0,,,,0.0,,,,,,,,,,,,0.05,,0.07,,,,1.0,,,,,,,,,0.0,,,,,,87690.0,15.0,,,,,,,,,,,,,,,13135.49064003126,0.0
hydrogen storage tank type 1,,,,0.0,,2.0,,,,0.0,,,,,,,,,,,,,,0.07,,,,1.0,,,,,,,,,0.0,,,,,,13500.0,20.0,,,,6.0,,,,,,,,,,,1544.3044975339515,0.0
hydrogen storage tank type 1 including compressor,,,,0.0,,1.8484,,,,0.0,,,,,,,,,,,,,,0.07,,,,1.0,,,,,,,,,0.0,,,,,,28765.4,30.0,,,,,,,,,,,,,,,2849.799785158518,0.0
hydrogen storage underground,,,,0.0,,0.0,,,,0.0,,,,,,,,,,,,,,0.07,,,,1.0,,,,,,,,,0.0,,,,,,1595.1,100.0,,,,,,,,,,,,,,,111.78582761834103,0.0
industrial heat pump high temperature,,,,0.0,,0.0913,,,,3.2425,,,,,,,,,,,,,,0.07,,,,3.15,,,,,,,,,0.0,,,,,,882132.0,20.0,,,,,,,,,,,,,,,84072.4068877496,3.2425
industrial heat pump medium temperature,,,,0.0,,0.1096,,,,3.2425,,,,,,,,,,,,,,0.07,,,,2.8,,,,,,,,,0.0,,,,,,735110.0,20.0,,,,,,,,,,,,,,,70194.86420312467,3.2425
iron ore DRI-ready,,,,0.0,,0.0,,,,0.0,,,,,,,,,,,97.73,,,0.07,,,,1.0,,,,,,,,,0.0,,,,,,0.0,25.0,,,,,,,,,,,,,,,0.0,0.0
iron-air battery,,,,0.0,,1.1808,,,,0.0,,,,,,,,,,,,,,0.07,,,,1.0,,,,,,,,,0.0,,,,,,11149.4,17.5,,,,,,,,,,,,,,,1256.3026933328615,0.0
iron-air battery charge,,,,0.0,,0.0,,,,0.0,,,,,,,,,,,,,,0.07,,,,0.74,,,,,,,,,0.0,,,,,,0.0,25.0,,,,,,,,,,,,,,,0.0,0.0
iron-air battery discharge,,,,0.0,,0.0,,,,0.0,,,,,,,,,,,,,,0.07,,,,0.63,,,,,,,,,0.0,,,,,,0.0,25.0,,,,,,,,,,,,,,,0.0,0.0
lignite,,,,0.4069,,1.31,,,,3.2612,,,,,,,,,,,,,,0.07,,,,0.33,,,,,,,,,3.2985,,,,,,3827162.9,40.0,,,,,,,,,,,,,,,337208.02744802914,13.256654545454547
methanation,,,,0.0,,3.0,,,,0.0,,,,,,,0.198,,,,,,,0.07,,,,0.8,,,,,,,,,0.0,,,,,1.282,599778.7,20.0,,,,,,,,,,,,,,,74608.22729148642,0.0
methane storage tank incl. compressor,,,,0.0,,1.9,,,,0.0,,,,,,,,,,,,,,0.07,,,,1.0,,,,,,,,,0.0,,,,,,8961.5075,30.0,,,,,,,,,,,,,,,892.4443019628492,0.0
methanol,,,,0.2482,,0.0,,,,0.0,,,,,,,,,,,,,,0.07,,,,1.0,,,,,,,,,0.0,,,,,,0.0,25.0,,,,,,,,,,,,,,,0.0,0.0
methanol-to-kerosene,,,,0.0,,4.5,,,,1.35,,,,,,,,,,,,,,0.07,,,,1.0,,,,,,,,,0.0,,,,,0.0279,234500.0,30.0,,,1.0764,,,,,,,,,,,,29450.011623355567,1.35
methanol-to-olefins/aromatics,,,,0.0,,3.0,,,,31.7466,,,,,,,,0.6107,,,,,,0.07,,,,1.0,,,,,,,1.3889,,0.0,,,,,,2781006.4359,30.0,,,18.03,,,,,,,,,,,,307541.49988743453,31.7466
methanolisation,,,,0.0,,3.0,,,,0.0,,,,,0.9,,0.248,,,,,,,0.07,,,,1.0,,,,,,,0.271,,0.0,,,,0.1,1.138,611732.6641,20.0,,,,,,,,,,,,,,,76095.21586011526,0.0
micro CHP,,,,0.0,,6.25,,,,0.0,,,,,,,,,,,,,,0.07,,,,0.351,,,,0.609,,,,,0.0,,,,,,6970411.3,20.0,,,,,,,,,,,,,,,1093608.2224908501,0.0
natural gas direct iron reduction furnace,,,,0.0,,11.3,,,,0.0,,,,,,,,,,,,,,0.07,,,20.0,1.0,,,,,,,,,0.0,2.78,,,,,4277858.0,40.0,,,,,,,,1.59,,,,,,,804276.3988035849,0.0
nuclear,,,,0.0,,1.6177908113391986,,,,2.105348718174372,,,,,,,,,,,,,,0.07,,,,0.326,,,,,,,,,3.4122,,,,,,7179239.12897461,40.0,,,,,,,,,,,,,,,654653.6157847332,12.572219883818544
offwind,,,,0.0,,3.095378564405113,,,,2.4000975387187844,,,,,,,,,,,,,,0.07,,,,1.0,,,,,,,,,0.0,,,,,,2230353.798315976,30.0,,,,,,,,,,,,,,,248774.08454709867,2.4000975387187844
offwind-ac-connection-submarine,,,,0.0,,0.0,,,,0.0,,,,,,,,,,,,,,0.07,,,,1.0,,,,,,,,,0.0,,,,,,2841.3251,25.0,,,,,,,,,,,,,,,243.8155764230594,0.0
offwind-ac-connection-underground,,,,0.0,,0.0,,,,0.0,,,,,,,,,,,,,,0.07,,,,1.0,,,,,,,,,0.0,,,,,,1420.1334,25.0,,,,,,,,,,,,,,,121.86238157634239,0.0
offwind-ac-station,,,,0.0,,0.0,,,,0.0,,,,,,,,,,,,,,0.07,,,,1.0,,,,,,,,,0.0,,,,,,264555.4,25.0,,,,,,,,,,,,,,,22701.63570752008,0.0
offwind-dc-connection-submarine,,,,0.0,,0.0,,,,0.0,,,,,,,,,,,,,,0.07,,,,1.0,,,,,,,,,0.0,,,,,,2116.4433,25.0,,,,,,,,,,,,,,,181.6130942412123,0.0
offwind-dc-connection-underground,,,,0.0,,0.0,,,,0.0,,,,,,,,,,,,,,0.07,,,,1.0,,,,,,,,,0.0,,,,,,1058.2216,25.0,,,,,,,,,,,,,,,90.80654283008032,0.0
offwind-dc-station,,,,0.0,,0.0,,,,0.0,,,,,,,,,,,,,,0.07,,,,1.0,,,,,,,,,0.0,,,,,,423288.7,25.0,,,,,,,,,,,,,,,36322.622280663156,0.0
offwind-float,,,,0.0,,1.22,,,,0.0,,,,,,,,,,,,,,0.07,,,,1.0,,,,,,,,,0.0,,,,,,1960000.0,20.0,,,,,,,,,,,,,,,208922.13445678112,0.0
offwind-float-connection-submarine,,,,0.0,,0.0,,,,0.0,,,,,,,,,,,,,,0.07,,,,1.0,,,,,,,,,0.0,,,,,,2118.5597,25.0,,,,,,,,,,,,,,,181.79470361985813,0.0
offwind-float-connection-underground,,,,0.0,,0.0,,,,0.0,,,,,,,,,,,,,,0.07,,,,1.0,,,,,,,,,0.0,,,,,,1039.4778,25.0,,,,,,,,,,,,,,,89.19812765739958,0.0
offwind-float-station,,,,0.0,,0.0,,,,0.0,,,,,,,,,,,,,,0.07,,,,1.0,,,,,,,,,0.0,,,,,,415791.1,25.0,,,,,,,,,,,,,,,35679.24934674949,0.0
oil,,,,0.2571,,1.0,,,,6.403769017780382,,,,,,,,,,,,,,0.07,,,,0.35,,,,,,,,,52.9111,,,,,,798278.0556411162,25.0,,,,,,,,,,,,,,,76483.43339688261,157.5783404463518
onwind,,,,0.0,,3.388535031847133,,,,2.733444419096393,,,,,,,,,,,,,,0.07,,,,1.0,,,,,,,,,0.0,,,,,,1032936.7148543015,30.0,,,,,,,,,,,,,,,118242.07734433927,2.733444419096393
organic rankine cycle,,,,0.0,,2.0,,,,0.0,,,,,,,,,,,,,,0.07,,,,1.0,,,,,,,0.12,,0.0,,,,,,1376000.0,30.0,,,,,,,,,,,,,,,138406.891231289,0.0
ror,,,,0.0,,2.8148148148148158,,,,0.4386143162863276,,,,,,,,,,,,,,0.07,,,,0.9,,,,,,,,,0.0,,,,,,1184258.6539730844,80.0,,,,,,,,,,,,,,,116604.14388733068,0.4386143162863276
seawater RO desalination,,,,0.0,,0.0,,,,0.0,,,,,,,,,,,,,,0.07,,,,1.0,,,,,,,0.003,,0.0,,,,,,0.0,25.0,,,,,,,,,,,,,,,0.0,0.0
seawater desalination,,,,0.0,,4.0,,,,0.0,,,,,,,,,,,,,,0.07,,,,1.0,,,,,,,3.0348,,0.0,,,,,,27828.5154,30.0,,,,,,,,,,,,,,,3355.7405871395717,0.0
shipping fuel methanol,,,,0.2482,,0.0,,,,0.0,,,,,,,,,,,,,,0.07,,,,1.0,,,,,,,,,72.0,,,,,,0.0,25.0,,,,,,,,,,,,,,,0.0,72.0
solar,,,,0.0,,0.9011988424968996,,,,0.7017829060581242,,,,,,,,,,,,,,0.07,,,,1.0,,,,,,,,,0.0,,,,,,2122016.0621932526,40.0,,,,,,,,,,,,,,,178294.18169116924,0.7017829060581242
solar-rooftop,,,,0.0,,0.4083333333333334,,,,0.0,,,,,,,,,,,,,,0.04,,,,1.0,,,,,,,,,0.0,,,,,,1052674.3590871862,40.0,,,,,,,,,,,,,,,57483.202043040445,0.0
solar-rooftop commercial,,,,0.0,,1.7372,,,,0.0,,,,,,,,,,,,,,0.07,,,,1.0,,,,,,,,,0.0,,,,,,460516.0,40.0,,,,,,,,,,,,,,,42542.99254951953,0.0
solar-rooftop residential,,,,0.0,,1.3731,,,,0.0,,,,,,,,,,,,,,0.07,,,,1.0,,,,,,,,,0.0,,,,,,699123.1,40.0,,,,,,,,,,,,,,,62040.280983748955,0.0
solar-utility,,,,0.0,,0.9072164948453608,,,,0.0,,,,,,,,,,,,,,0.07,,,,1.0,,,,,,,,,0.0,,,,,,850911.7735954756,40.0,,,,,,,,,,,,,,,71545.77136145244,0.0
solar-utility single-axis tracking,,,,0.0,,2.4459,,,,0.0,,,,,,,,,,,,,,0.07,,,,1.0,,,,,,,,,0.0,,,,,,384311.2,40.0,,,,,,,,,,,,,,,38226.71981228382,0.0
solid biomass,,,,0.3667,,0.0,,,,0.0,,,,,,,,,,,,,,0.07,,,,1.0,,,,,,,,,13.6489,,,,,,0.0,25.0,,,,,,,,,,,,,,,0.0,13.6489
solid biomass boiler steam,,,,0.0,,6.1742,,,,2.8679,,,,,,,,,,,,,,0.07,,,,0.89,,,,,,,,,0.0,,,,,,567581.8,25.0,,,,,,,,,,,,,,,83748.12331863638,2.8679
solid biomass boiler steam CC,,,,0.0,,6.1742,,,,2.8679,,,,,,,,,,,,,,0.07,,,,0.89,,,,,,,,,0.0,,,,,,567581.8,25.0,,,,,,,,,,,,,,,83748.12331863638,2.8679
solid biomass to hydrogen,,,,0.0,,4.25,,,,0.0,,,,,0.9,,,,,,,,,0.07,,,,0.56,,,,,,,,,0.0,,,,,,3177839.5,25.0,,,,,,,,,,,,,,,407750.2298892614,0.0
steel carbon capture retrofit,,,,0.0,,5.0,,,,0.0,,,,,,0.9,,,,,,,,0.07,,,,1.0,,,,,,,0.16,,0.0,0.76,,,,,3124193.4155995543,20.0,,,,,,,,,,,,,,,451111.4278662348,0.0
uranium,,,,0.0,,0.0,,,,0.0,,,,,,,,,,,,,,0.07,,,,1.0,,,,,,,,,3.4122,,,,,,0.0,25.0,,,,,,,,,,,,,,,0.0,3.4122
waste CHP,,,,0.0,,2.3255,,,,27.5443,,0.2976,1.0,,,,,,,,,,,0.07,,,,0.2123,,,,0.7622,,,,,0.0,,,,,,8031521.6,25.0,,,,,,,,,,,,,,,875962.0573729477,27.5443
waste CHP CC,,,,0.0,,2.3255,,,,27.5443,,0.2976,1.0,,,,,,,,,,,0.07,,,,0.2123,,,,0.7622,,,,,0.0,,,,,,8031521.6,25.0,,,,,,,,,,,,,,,875962.0573729477,27.5443
water tank charger,,,,0.0,,0.0,,,,0.0,,,,,,,,,,,,,,0.07,,,,0.9,,,,,,,,,0.0,,,,,,0.0,25.0,,,,,,,,,,,,,,,0.0,0.0
water tank discharger,,,,0.0,,0.0,,,,0.0,,,,,,,,,,,,,,0.07,,,,0.9,,,,,,,,,0.0,,,,,,0.0,25.0,,,,,,,,,,,,,,,0.0,0.0
battery,,,,0.0,,,,,,,,,,,,,,,,,,,,,,,,,,,,,,,,,,,,,,,,,,,,,,,,,,,,,,,76284.86078010043,0.0
li-ion,,,,0.0,,,,,,,,,,,,,,,,,,,,,,,,,,,,,,,,,,,,,,,,,,,,,,,,,,,,,,,76284.86078010043,0.0
lfp,,,,0.0,,,,,,,,,,,,,,,,,,,,,,,,,,,,,,,,,,,,,,,,,,,,,,,,,,,,,,,161197.16224640227,0.0
vanadium,,,,0.0,,,,,,,,,,,,,,,,,,,,,,,,,,,,,,,,,,,,,,,,,,,,,,,,,,,,,,,350362.4459632872,0.0
lair,,,,0.0,,,,,,,,,,,,,,,,,,,,,,,,,,,,,,,,,,,,,,,,,,,,,,,,,,,,,,,219509.1931929806,0.0
pair,,,,0.0,,,,,,,,,,,,,,,,,,,,,,,,,,,,,,,,,,,,,,,,,,,,,,,,,,,,,,,86039.13039653853,0.0
iron-air,,,,0.0,,,,,,,,,,,,,,,,,,,,,,,,,,,,,,,,,,,,,,,,,,,,,,,,,,,,,,,125630.26933328615,0.0
H2,,,,0.0,,,,,,,,,,,,,,,,,,,,,,,,,,,,,,,,,,,,,,,,,,,,,,,,,,,,,,,823138.1080270282,0.0
