"source_id","source_family","name","official_url","version","year","filename","sha256","unit","countries","sector","purpose","transformation_script","status","human_confirmation","access","notes"
"T_ANNUAL_energy_totals_base","T_ANNUAL","energy_totals_base.csv","https://github.com/cyc292cycjin-oss/SGP-ESE5004-Stage2/tree/ce327bfae2abe5526d4c1976173f0f8d08366ba5","retained tutorial artifacts; input hashes from Phase 3A-1","base","/home/jin/research/SGP_ESE5004_Stage2/pypsa-asean/resources/baseline-aims-3H-tutorial/energy_totals_base.csv","af27beafc01cfb1920a23e632c05e858883a28efd9bbf94df3dfdba455fde261","TWh; mixed thermal-service/fuel basis","BN;KH;ID;LA;MY;MM;PH;SG;TH;TL;VN","Residential;Services","Diagnostic only; never label as U full-year result","build_base_energy_totals.py; prepare_energy_totals.py","UNVERIFIED","PENDING","RETAINED_LOCAL_ORIGINAL",""
"T_ANNUAL_energy_totals_2030","T_ANNUAL","energy_totals_2030.csv","https://github.com/cyc292cycjin-oss/SGP-ESE5004-Stage2/tree/ce327bfae2abe5526d4c1976173f0f8d08366ba5","retained tutorial artifacts; input hashes from Phase 3A-1","2030","/home/jin/research/SGP_ESE5004_Stage2/pypsa-asean/resources/baseline-aims-3H-tutorial/energy_totals_2030.csv","f7d1325b455d1692774ec4a656a1098ec2807ff765b233650c1bbca106ce3305","TWh; mixed thermal-service/fuel basis","BN;KH;ID;LA;MY;MM;PH;SG;TH;TL;VN","Residential;Services","Diagnostic only; never label as U full-year result","build_base_energy_totals.py; prepare_energy_totals.py","UNVERIFIED","PENDING","RETAINED_LOCAL_ORIGINAL",""
"T_ANNUAL_energy_totals_2040","T_ANNUAL","energy_totals_2040.csv","https://github.com/cyc292cycjin-oss/SGP-ESE5004-Stage2/tree/ce327bfae2abe5526d4c1976173f0f8d08366ba5","retained tutorial artifacts; input hashes from Phase 3A-1","2040","/home/jin/research/SGP_ESE5004_Stage2/pypsa-asean/resources/baseline-aims-3H-tutorial/energy_totals_2040.csv","ff51b27e9b216c9a1a8488855a82b8f1e3a8cf656e13933753dfc9fa210f5b84","TWh; mixed thermal-service/fuel basis","BN;KH;ID;LA;MY;MM;PH;SG;TH;TL;VN","Residential;Services","Diagnostic only; never label as U full-year result","build_base_energy_totals.py; prepare_energy_totals.py","UNVERIFIED","PENDING","RETAINED_LOCAL_ORIGINAL",""
"T_ANNUAL_energy_totals_2050","T_ANNUAL","energy_totals_2050.csv","https://github.com/cyc292cycjin-oss/SGP-ESE5004-Stage2/tree/ce327bfae2abe5526d4c1976173f0f8d08366ba5","retained tutorial artifacts; input hashes from Phase 3A-1","2050","/home/jin/research/SGP_ESE5004_Stage2/pypsa-asean/resources/baseline-aims-3H-tutorial/energy_totals_2050.csv","d49ef144477d321f0532178e1dc267630d53af0fab4481e15f179ef15878f684","TWh; mixed thermal-service/fuel basis","BN;KH;ID;LA;MY;MM;PH;SG;TH;TL;VN","Residential;Services","Diagnostic only; never label as U full-year result","build_base_energy_totals.py; prepare_energy_totals.py","UNVERIFIED","PENDING","RETAINED_LOCAL_ORIGINAL",""
"T_HEAT_heat_demand_s_50_2030","T_HEAT","heat_demand_s_50_2030.csv","https://github.com/cyc292cycjin-oss/SGP-ESE5004-Stage2/tree/ce327bfae2abe5526d4c1976173f0f8d08366ba5","tutorial six days, 2013 weather; saved hourly heat preprocessing","2030","/home/jin/research/SGP_ESE5004_Stage2/pypsa-asean/resources/baseline-aims-3H-tutorial/demand/heat/heat_demand_s_50_2030.csv","1e34e48d278031e499aa0021dab124236811a5ac188bc2da1149bd79ed6f866b","MW; annual quantity normalized into selected snapshots","BN;KH;ID;LA;MY;MM;PH;SG;TH;TL;VN","Residential;Services","Reused positive-annual/NaN profile evidence","prepare_heat_data.py; prior validate_accounting.py","UNVERIFIED","PENDING","RETAINED_LOCAL_ORIGINAL",""
"T_HEAT_heat_demand_s_50_2040","T_HEAT","heat_demand_s_50_2040.csv","https://github.com/cyc292cycjin-oss/SGP-ESE5004-Stage2/tree/ce327bfae2abe5526d4c1976173f0f8d08366ba5","tutorial six days, 2013 weather; saved hourly heat preprocessing","2040","/home/jin/research/SGP_ESE5004_Stage2/pypsa-asean/resources/baseline-aims-3H-tutorial/demand/heat/heat_demand_s_50_2040.csv","f4db220284e915e698027d50f81b137248f60b07ecef7e955ad513e9e0f0163b","MW; annual quantity normalized into selected snapshots","BN;KH;ID;LA;MY;MM;PH;SG;TH;TL;VN","Residential;Services","Reused positive-annual/NaN profile evidence","prepare_heat_data.py; prior validate_accounting.py","UNVERIFIED","PENDING","RETAINED_LOCAL_ORIGINAL",""
"T_HEAT_heat_demand_s_50_2050","T_HEAT","heat_demand_s_50_2050.csv","https://github.com/cyc292cycjin-oss/SGP-ESE5004-Stage2/tree/ce327bfae2abe5526d4c1976173f0f8d08366ba5","tutorial six days, 2013 weather; saved hourly heat preprocessing","2050","/home/jin/research/SGP_ESE5004_Stage2/pypsa-asean/resources/baseline-aims-3H-tutorial/demand/heat/heat_demand_s_50_2050.csv","4cb980a1cc18c41472d8f51071613e240e9028739198fa2f9cd349adbb9b1d55","MW; annual quantity normalized into selected snapshots","BN;KH;ID;LA;MY;MM;PH;SG;TH;TL;VN","Residential;Services","Reused positive-annual/NaN profile evidence","prepare_heat_data.py; prior validate_accounting.py","UNVERIFIED","PENDING","RETAINED_LOCAL_ORIGINAL",""
"UNSD_RAW_UNdata_Export_20250502_110306307","UNSD2019_RAW","Biodiesel","http://data.un.org/Handlers/DownloadHandler.ashx?DataFilter=cmID:BD&DataMartId=EDATA&Format=scsv&c=2,5,6,7,8&s=_crEngNameOrderBy:asc,_enID:asc,yr:desc","retained UNdata export named 20250502; not refetched","2019","/home/jin/research/SGP_ESE5004_Stage2/pypsa-asean/data/demand/unsd/data/UNdata_Export_20250502_110306307.txt","5c72caaa64762e177e5e53c55b7f9fd07ee57f6a91681d600bdd6c6be174b8c2","Metric tons,  thousand","ID;PH","Residential;Services","Original R/S final-energy rows; not useful-heat measurements","extract_accounting.py -> _helpers.get_conv_factors/aggregate_fuels","UNVERIFIED","PENDING","RETAINED_LOCAL_ORIGINAL","Auditable 92-row subset in prior evidence; per-country absent commodity is not a measured zero."
"UNSD_RAW_UNdata_Export_20250502_110314760","UNSD2019_RAW","Biogases","http://data.un.org/Handlers/DownloadHandler.ashx?DataFilter=cmID:BI&DataMartId=EDATA&Format=scsv&c=2,5,6,7,8&s=_crEngNameOrderBy:asc,_enID:asc,yr:desc","retained UNdata export named 20250502; not refetched","2019","/home/jin/research/SGP_ESE5004_Stage2/pypsa-asean/data/demand/unsd/data/UNdata_Export_20250502_110314760.txt","b004f7bd486dbb8576935c5d17c2e49964e7687ea16b5d67ae57602981b5462c","Terajoules","ID;MM","Residential;Services","Original R/S final-energy rows; not useful-heat measurements","extract_accounting.py -> _helpers.get_conv_factors/aggregate_fuels","UNVERIFIED","PENDING","RETAINED_LOCAL_ORIGINAL","Auditable 92-row subset in prior evidence; per-country absent commodity is not a measured zero."
"UNSD_RAW_UNdata_Export_20250502_110403305","UNSD2019_RAW","Charcoal","http://data.un.org/Handlers/DownloadHandler.ashx?DataFilter=cmID:CH&DataMartId=EDATA&Format=scsv&c=2,5,6,7,8&s=_crEngNameOrderBy:asc,_enID:asc,yr:desc","retained UNdata export named 20250502; not refetched","2019","/home/jin/research/SGP_ESE5004_Stage2/pypsa-asean/data/demand/unsd/data/UNdata_Export_20250502_110403305.txt","da54b258ffb4927f30834c01f4e9aff7c267dd70c5ef5760292dd21ef5802345","Metric tons,  thousand","BN;ID;KH;LA;MM;MY;PH;TH;VN","Residential;Services","Original R/S final-energy rows; not useful-heat measurements","extract_accounting.py -> _helpers.get_conv_factors/aggregate_fuels","UNVERIFIED","PENDING","RETAINED_LOCAL_ORIGINAL","Auditable 92-row subset in prior evidence; per-country absent commodity is not a measured zero."
"UNSD_RAW_UNdata_Export_20250502_110459400","UNSD2019_RAW","Direct use of solar thermal heat","http://data.un.org/Handlers/DownloadHandler.ashx?DataFilter=cmID:DS&DataMartId=EDATA&Format=scsv&c=2,5,6,7,8&s=_crEngNameOrderBy:asc,_enID:asc,yr:desc","retained UNdata export named 20250502; not refetched","2019","/home/jin/research/SGP_ESE5004_Stage2/pypsa-asean/data/demand/unsd/data/UNdata_Export_20250502_110459400.txt","f45ee25e8f98c5ad88cb406ef7b2c6b00b81267a225a14543a332f5a880ba0ca","Terajoules","TH","Residential;Services","Original R/S final-energy rows; not useful-heat measurements","extract_accounting.py -> _helpers.get_conv_factors/aggregate_fuels","UNVERIFIED","PENDING","RETAINED_LOCAL_ORIGINAL","Auditable 92-row subset in prior evidence; per-country absent commodity is not a measured zero."
"UNSD_RAW_UNdata_Export_20250502_110515832","UNSD2019_RAW","Fuel oil","https://data.un.org/Explorer.aspx?d=EDATA","retained UNdata export named 20250502; not refetched","2019","/home/jin/research/SGP_ESE5004_Stage2/pypsa-asean/data/demand/unsd/data/UNdata_Export_20250502_110515832.txt","b5ec374fcb60a4567468b3279fe6fa584ed0506d32f42a80e0760becce6c5cdb","Metric tons,  thousand","MM;MY;PH;VN","Residential;Services","Original R/S final-energy rows; not useful-heat measurements","extract_accounting.py -> _helpers.get_conv_factors/aggregate_fuels","UNVERIFIED","PENDING","RETAINED_LOCAL_ORIGINAL","Auditable 92-row subset in prior evidence; per-country absent commodity is not a measured zero."
"UNSD_RAW_UNdata_Export_20250502_110532316","UNSD2019_RAW","Fuelwood","http://data.un.org/Handlers/DownloadHandler.ashx?DataFilter=cmID:FW&DataMartId=EDATA&Format=scsv&c=2,5,6,7,8&s=_crEngNameOrderBy:asc,_enID:asc,yr:desc","retained UNdata export named 20250502; not refetched","2019","/home/jin/research/SGP_ESE5004_Stage2/pypsa-asean/data/demand/unsd/data/UNdata_Export_20250502_110532316.txt","26a364db4d763d9d5a69eff04aa717af5db5d2736c5c1f4e47223a12eae7db66","Cubic metres, thousand","BN;ID;KH;LA;MM;MY;PH;TH;TL","Residential;Services","Original R/S final-energy rows; not useful-heat measurements","extract_accounting.py -> _helpers.get_conv_factors/aggregate_fuels","UNVERIFIED","PENDING","RETAINED_LOCAL_ORIGINAL","Auditable 92-row subset in prior evidence; per-country absent commodity is not a measured zero."
"UNSD_RAW_UNdata_Export_20250502_110559984","UNSD2019_RAW","Gas Oil/ Diesel Oil","http://data.un.org/Handlers/DownloadHandler.ashx?DataFilter=cmID:DL;yr:1990,2000,2001,2002,2003,2004,2005,2006,2007,2008,2009,2010,2011,2012,2013,2014,2015,2016,2017,2018,2019,2020,2021&DataMartId=EDATA&Format=scsv&c=2,5,6,7,8&s=_crEngNameOrderBy:asc,_enID:asc,yr:desc","retained UNdata export named 20250502; not refetched","2019","/home/jin/research/SGP_ESE5004_Stage2/pypsa-asean/data/demand/unsd/data/UNdata_Export_20250502_110559984.txt","1c2952a5f87bfcdb0eef1af6b6c774e741a99e5b72c5ced91a585d6efe9be50a","Metric tons,  thousand","BN;ID;MM;MY;PH","Residential;Services","Original R/S final-energy rows; not useful-heat measurements","extract_accounting.py -> _helpers.get_conv_factors/aggregate_fuels","UNVERIFIED","PENDING","RETAINED_LOCAL_ORIGINAL","Auditable 92-row subset in prior evidence; per-country absent commodity is not a measured zero."
"UNSD_RAW_UNdata_Export_20250502_110638157","UNSD2019_RAW","Hard coal","https://data.un.org/Explorer.aspx?d=EDATA","retained UNdata export named 20250502; not refetched","2019","/home/jin/research/SGP_ESE5004_Stage2/pypsa-asean/data/demand/unsd/data/UNdata_Export_20250502_110638157.txt","322eaabc99e9098d5834c09f3d174f6acba91332dd84956e7cd11e7913c6aeb4","Metric tons,  thousand","VN","Residential;Services","Original R/S final-energy rows; not useful-heat measurements","extract_accounting.py -> _helpers.get_conv_factors/aggregate_fuels","UNVERIFIED","PENDING","RETAINED_LOCAL_ORIGINAL","Auditable 92-row subset in prior evidence; per-country absent commodity is not a measured zero."
"UNSD_RAW_UNdata_Export_20250502_110656973","UNSD2019_RAW","Liquefied petroleum gas (LPG)","https://data.un.org/Explorer.aspx?d=EDATA","retained UNdata export named 20250502; not refetched","2019","/home/jin/research/SGP_ESE5004_Stage2/pypsa-asean/data/demand/unsd/data/UNdata_Export_20250502_110656973.txt","b02371f39dec320e227fd3223fcf8ad545595b5b53b48d2834bf9a838191076e","Metric tons,  thousand","BN;ID;KH;LA;MM;MY;PH;SG;TH;VN","Residential;Services","Original R/S final-energy rows; not useful-heat measurements","extract_accounting.py -> _helpers.get_conv_factors/aggregate_fuels","UNVERIFIED","PENDING","RETAINED_LOCAL_ORIGINAL","Auditable 92-row subset in prior evidence; per-country absent commodity is not a measured zero."
"UNSD_RAW_UNdata_Export_20250502_110709784","UNSD2019_RAW","Motor Gasoline","http://data.un.org/Handlers/DownloadHandler.ashx?DataFilter=cmID:MO&DataMartId=EDATA&Format=scsv&c=2,5,6,7,8&s=_crEngNameOrderBy:asc,_enID:asc,yr:desc","retained UNdata export named 20250502; not refetched","2019","/home/jin/research/SGP_ESE5004_Stage2/pypsa-asean/data/demand/unsd/data/UNdata_Export_20250502_110709784.txt","fe8fc603bb47c3ced818a86a96a4ad4e97b3b8ceb0d6b28a66d123d5e2c4d5ba","Metric tons,  thousand","ID;MM","Residential;Services","Original R/S final-energy rows; not useful-heat measurements","extract_accounting.py -> _helpers.get_conv_factors/aggregate_fuels","UNVERIFIED","PENDING","RETAINED_LOCAL_ORIGINAL","Auditable 92-row subset in prior evidence; per-country absent commodity is not a measured zero."
"UNSD_RAW_UNdata_Export_20250502_110721508","UNSD2019_RAW","Natural gas (including LNG)","https://data.un.org/Explorer.aspx?d=EDATA","retained UNdata export named 20250502; not refetched","2019","/home/jin/research/SGP_ESE5004_Stage2/pypsa-asean/data/demand/unsd/data/UNdata_Export_20250502_110721508.txt","fa8613ee3560bfc2f73f60f4c0995c995b0bec8fd75a59190fe4ad6c63a9e988","Terajoules","BN;ID;MM;MY;SG","Residential;Services","Original R/S final-energy rows; not useful-heat measurements","extract_accounting.py -> _helpers.get_conv_factors/aggregate_fuels","UNVERIFIED","PENDING","RETAINED_LOCAL_ORIGINAL","Auditable 92-row subset in prior evidence; per-country absent commodity is not a measured zero."
"UNSD_RAW_UNdata_Export_20250502_110820872","UNSD2019_RAW","Electricity","http://data.un.org/Handlers/DownloadHandler.ashx?DataFilter=cmID:EL;yr:1990,2008,2009,2010,2011,2012,2013,2014,2015,2016,2017,2018,2019,2020,2021&DataMartId=EDATA&Format=scsv&c=2,5,6,7,8&s=_crEngNameOrderBy:asc,_enID:asc,yr:desc","retained UNdata export named 20250502; not refetched","2019","/home/jin/research/SGP_ESE5004_Stage2/pypsa-asean/data/demand/unsd/data/UNdata_Export_20250502_110820872.txt","12c99b3c40927449d9a4d0402f255a8b84b24917ff58e54efd4ec43b2125fe6b","Kilowatt-hours, million","BN;ID;KH;LA;MM;MY;PH;SG;TH;TL;VN","Residential;Services","Original R/S final-energy rows; not useful-heat measurements","extract_accounting.py -> _helpers.get_conv_factors/aggregate_fuels","UNVERIFIED","PENDING","RETAINED_LOCAL_ORIGINAL","Auditable 92-row subset in prior evidence; per-country absent commodity is not a measured zero."
"UNSD2019_ELEC_TOTAL","UNSD2019_ELEC_TOTAL","2019 national electricity final energy consumption","http://data.un.org/Handlers/DownloadHandler.ashx?DataFilter=cmID:EL;yr:1990,2008,2009,2010,2011,2012,2013,2014,2015,2016,2017,2018,2019,2020,2021&DataMartId=EDATA&Format=scsv&c=2,5,6,7,8&s=_crEngNameOrderBy:asc,_enID:asc,yr:desc","retained UNdata export named 20250502; not refetched","2019","/home/jin/research/SGP_ESE5004_Stage2/pypsa-asean/data/demand/unsd/data/UNdata_Export_20250502_110820872.txt","12c99b3c40927449d9a4d0402f255a8b84b24917ff58e54efd4ec43b2125fe6b","million kWh -> TWh /1000","BN;KH;ID;LA;MY;MM;PH;SG;TH;TL;VN","Residential;Services","National final electricity denominator; not generation or measured residual","extract_accounting.py","UNVERIFIED","PENDING","RETAINED_LOCAL_ORIGINAL",""
"DEFAULT_CONFIG","DEFAULT_CONFIG","config.default.yaml","https://github.com/pypsa-meets-earth/pypsa-asean/blob/a3616a68ee44592af6527ca9024a90f1956646ae/config.default.yaml","a3616a68ee44592af6527ca9024a90f1956646ae","not specified / config-dependent","../buildings_heat/source_snapshot/upstream/config.default.yaml","ff7607a4510e7002edc33ac16b813102bedcb97e36e41d3b44e65df83d287c27","dimensionless profiles / parameter-specific","BN;KH;ID;LA;MY;MM;PH;SG;TH;TL;VN","Residential;Services","Frozen current-model source; not human-accepted ASEAN data","see BUILDINGS_HEAT_BASELINE_MAP.md","UNVERIFIED","PENDING","IMMUTABLE_GIT_SNAPSHOT","DEFAULT fallback is not country-specific evidence."
"ASEAN_CONFIG","ASEAN_CONFIG","configs/config.asean.yaml","https://github.com/pypsa-meets-earth/pypsa-asean/blob/a3616a68ee44592af6527ca9024a90f1956646ae/configs/config.asean.yaml","a3616a68ee44592af6527ca9024a90f1956646ae","not specified / config-dependent","../buildings_heat/source_snapshot/upstream/configs/config.asean.yaml","dc381f31a48a80c415d0c90314af69af49756ad7b7dea48101645cf0348b5d1f","dimensionless profiles / parameter-specific","BN;KH;ID;LA;MY;MM;PH;SG;TH;TL;VN","Residential;Services","Frozen current-model source; not human-accepted ASEAN data","see BUILDINGS_HEAT_BASELINE_MAP.md","UNVERIFIED","PENDING","IMMUTABLE_GIT_SNAPSHOT","DEFAULT fallback is not country-specific evidence."
"BDEW","BDEW","data/heat_load_profile_BDEW.csv","https://github.com/pypsa-meets-earth/pypsa-asean/blob/a3616a68ee44592af6527ca9024a90f1956646ae/data/heat_load_profile_BDEW.csv","a3616a68ee44592af6527ca9024a90f1956646ae","not specified / config-dependent","../buildings_heat/source_snapshot/upstream/data/heat_load_profile_BDEW.csv","433305a6ffb541400b390fd398bea298f48929a0fff4d3cb011925e4923cda7a","dimensionless profiles / parameter-specific","BN;KH;ID;LA;MY;MM;PH;SG;TH;TL;VN","Residential;Services","Frozen current-model source; not human-accepted ASEAN data","see BUILDINGS_HEAT_BASELINE_MAP.md","UNVERIFIED","PENDING","IMMUTABLE_GIT_SNAPSHOT","DEFAULT fallback is not country-specific evidence."
"EU_STOCK","EU_STOCK","data/existing_infrastructure/existing_heating_raw.csv","https://github.com/pypsa-meets-earth/pypsa-asean/blob/a3616a68ee44592af6527ca9024a90f1956646ae/data/existing_infrastructure/existing_heating_raw.csv","a3616a68ee44592af6527ca9024a90f1956646ae","2012","../buildings_heat/source_snapshot/upstream/data/existing_infrastructure/existing_heating_raw.csv","f59009ebd7149fc8d9422fa66c95575ac468275f139ae4eafc66daf995ca6d91","GW","EU28+3; no ASEAN stock rows","Residential;Services","Frozen current-model source; not human-accepted ASEAN data","see BUILDINGS_HEAT_BASELINE_MAP.md","UNVERIFIED","PENDING","IMMUTABLE_GIT_SNAPSHOT","DEFAULT fallback is not country-specific evidence."
"DH_DEFAULT","DH_DEFAULT","data/demand/district_heating.csv","https://github.com/pypsa-meets-earth/pypsa-asean/blob/a3616a68ee44592af6527ca9024a90f1956646ae/data/demand/district_heating.csv","a3616a68ee44592af6527ca9024a90f1956646ae","not specified / config-dependent","../buildings_heat/source_snapshot/upstream/data/demand/district_heating.csv","c44eaff4b2acedca2fe4e242f558ded0d4b8c6e330d79f949695cb589198d957","dimensionless profiles / parameter-specific","BN;KH;ID;LA;MY;MM;PH;SG;TH;TL;VN","Residential;Services","Frozen current-model source; not human-accepted ASEAN data","see BUILDINGS_HEAT_BASELINE_MAP.md","UNVERIFIED","PENDING","IMMUTABLE_GIT_SNAPSHOT","DEFAULT fallback is not country-specific evidence."
"FUEL_SPLIT","FUEL_SPLIT","data/demand/fuel_shares.csv","https://github.com/pypsa-meets-earth/pypsa-asean/blob/a3616a68ee44592af6527ca9024a90f1956646ae/data/demand/fuel_shares.csv","a3616a68ee44592af6527ca9024a90f1956646ae","not specified / config-dependent","../buildings_heat/source_snapshot/upstream/data/demand/fuel_shares.csv","533ba9df5a0bebbe081db95252781d36e66f6a0f7f3de8e415c5f472f5d9ea9e","dimensionless profiles / parameter-specific","BN;KH;ID;LA;MY;MM;PH;SG;TH;TL;VN","Residential;Services","Frozen current-model source; not human-accepted ASEAN data","see BUILDINGS_HEAT_BASELINE_MAP.md","UNVERIFIED","PENDING","IMMUTABLE_GIT_SNAPSHOT","DEFAULT fallback is not country-specific evidence."
"GROWTH_DEFAULT","GROWTH_DEFAULT","data/demand/growth_factors_cagr.csv","https://github.com/pypsa-meets-earth/pypsa-asean/blob/a3616a68ee44592af6527ca9024a90f1956646ae/data/demand/growth_factors_cagr.csv","a3616a68ee44592af6527ca9024a90f1956646ae","not specified / config-dependent","../buildings_heat/source_snapshot/upstream/data/demand/growth_factors_cagr.csv","446620df89f9b06d1248461122696cd61a29e708cb0983810c8d2456a8a24132","dimensionless profiles / parameter-specific","BN;KH;ID;LA;MY;MM;PH;SG;TH;TL;VN","Residential;Services","Frozen current-model source; not human-accepted ASEAN data","see BUILDINGS_HEAT_BASELINE_MAP.md","UNVERIFIED","PENDING","IMMUTABLE_GIT_SNAPSHOT","DEFAULT fallback is not country-specific evidence."
"EFFICIENCY_DEFAULT","EFFICIENCY_DEFAULT","data/demand/efficiency_gains_cagr.csv","https://github.com/pypsa-meets-earth/pypsa-asean/blob/a3616a68ee44592af6527ca9024a90f1956646ae/data/demand/efficiency_gains_cagr.csv","a3616a68ee44592af6527ca9024a90f1956646ae","not specified / config-dependent","../buildings_heat/source_snapshot/upstream/data/demand/efficiency_gains_cagr.csv","28ee6ffebd93fe8a9aba5b5668e7abb8ae3b9c84f73e94e2364153520c57f024","dimensionless profiles / parameter-specific","BN;KH;ID;LA;MY;MM;PH;SG;TH;TL;VN","Residential;Services","Frozen current-model source; not human-accepted ASEAN data","see BUILDINGS_HEAT_BASELINE_MAP.md","UNVERIFIED","PENDING","IMMUTABLE_GIT_SNAPSHOT","DEFAULT fallback is not country-specific evidence."
"U_HELPERS","U_HELPERS","scripts/_helpers.py","https://github.com/pypsa-meets-earth/pypsa-asean/blob/a3616a68ee44592af6527ca9024a90f1956646ae/scripts/_helpers.py","a3616a68ee44592af6527ca9024a90f1956646ae","not specified / config-dependent","../buildings_heat/source_snapshot/upstream/scripts/_helpers.py","f0dd6be8501f2ca9fde5bfc3f4c78545292fd9600097d29421be88e88cc6a6cf","dimensionless profiles / parameter-specific","BN;KH;ID;LA;MY;MM;PH;SG;TH;TL;VN","Residential;Services","Frozen current-model source; not human-accepted ASEAN data","see BUILDINGS_HEAT_BASELINE_MAP.md","UNVERIFIED","PENDING","IMMUTABLE_GIT_SNAPSHOT","DEFAULT fallback is not country-specific evidence."
"UNSD_DOWNLOAD_MAP","UNSD_DOWNLOAD_MAP","data/demand/unsd/paths/Energy_Statistics_Database.xlsx","https://github.com/pypsa-meets-earth/pypsa-asean/blob/a3616a68ee44592af6527ca9024a90f1956646ae/data/demand/unsd/paths/Energy_Statistics_Database.xlsx","a3616a68ee44592af6527ca9024a90f1956646ae","not specified / config-dependent","../buildings_heat/source_snapshot/upstream/data/demand/unsd/paths/Energy_Statistics_Database.xlsx","b6ada40d0db7c4e5ef6c91a13743d366dbd05b301d7facd8d89d7a0d71d8692c","dimensionless profiles / parameter-specific","BN;KH;ID;LA;MY;MM;PH;SG;TH;TL;VN","Residential;Services","Frozen current-model source; not human-accepted ASEAN data","see BUILDINGS_HEAT_BASELINE_MAP.md","UNVERIFIED","PENDING","IMMUTABLE_GIT_SNAPSHOT","DEFAULT fallback is not country-specific evidence."
"AEO8_CORRIGENDUM","AEO8_CORRIGENDUM","AEO8 corrigendum notice","https://www.aseanenergy.org/publications/the-8th-asean-energy-outlook/","official notice downloaded separately","2024","data/raw/buildings/aeo8-corrigendum.pdf","2796d38469b9b45b29319f8f72172260ff400ae3f6a93cbf92aa7099463dea7b","page/figure corrections","ASEAN10","Residential;Services","Check candidate report version, do not silently replace","retrieve_candidates.py; inspect_candidate_pdfs.py","UNVERIFIED","PENDING","RETRIEVED","Candidate only. Retrieval URL/time/byte count in RETRIEVAL_MANIFEST.json; raw PDFs/HTML ignored by Git."
"AEO8","AEO8","8th ASEAN Energy Outlook","https://www.aseanenergy.org/publications/the-8th-asean-energy-outlook/","2024 edition, official current downloadable bytes; corrigendum separate","historical 2005-2022; end-use details projection 2023+","data/raw/buildings/aeo8.pdf","48c2a81913ed785cb0e14a55e332ea7bc87f912f7fabfbc8c654e09b66b11c06","Mtoe; appliance shares","ASEAN10; TL not covered","Residential;Services","Regional source-family and end-use boundary check; not 2019 end-use input","retrieve_candidates.py; inspect_candidate_pdfs.py","UNVERIFIED","PENDING","RETRIEVED","Candidate only. Retrieval URL/time/byte count in RETRIEVAL_MANIFEST.json; raw PDFs/HTML ignored by Git."
"ESDM2019","ESDM2019","HEESI 2019, ESDM","https://www.esdm.go.id/en/publikasi/handbook-of-energy-economic-statistics-of-indonesia","2019 edition, published 2020","2019","data/raw/buildings/heesi2019.pdf","c848ece11bad6880a98ef98e457f3c07cecc4beecd7a7de7088bee08c09dc94a","original fuel units; GWh; thousand BOE","ID","Residential;Services","Same-year R/S definition and raw-value comparison, not replacement","retrieve_candidates.py; inspect_candidate_pdfs.py","UNVERIFIED","PENDING","RETRIEVED","Candidate only. Retrieval URL/time/byte count in RETRIEVAL_MANIFEST.json; raw PDFs/HTML ignored by Git."
"KH2019","KH2019","Cambodia Energy Statistics 2000-2019, MME/ERIA","https://www.eria.org/uploads/media/Research-Project-Report/RPR-2022-08/Cambodia-Energy-Statistics-2019-2020.pdf","ERIA RPR 2022 No.08, September 2022","2000-2019","data/raw/buildings/cambodia-energy-statistics.pdf","e8db3b3547665e5628f5bcf5e14a20940516f8b33752275ffa8f82d0b887d7b3","ktoe; GWh; kt","KH","Residential;Services","Country balance candidate; some sectoral consumption estimated","retrieve_candidates.py; inspect_candidate_pdfs.py","UNVERIFIED","PENDING","RETRIEVED","Candidate only. Retrieval URL/time/byte count in RETRIEVAL_MANIFEST.json; raw PDFs/HTML ignored by Git."
"NEA2017","NEA2017","NEA household energy consumption study","https://www.nea.gov.sg/media/news/news/index/four-in-five-households-motivated-to-save-energy-if-they-can-save-money-nea-study","official news 5 May 2018; study 2017","2017","data/raw/buildings/nea2017.html","f735cc05bdb889cb88cac9ae0a8055cb8b0279a446254da11914da7ee2b4a587","shares of household electricity","SG; residential only","Residential;Services","Check that cooling/water heating coexist inside residential electricity","retrieve_candidates.py; inspect_candidate_pdfs.py","UNVERIFIED","PENDING","RETRIEVED","Candidate only. Retrieval URL/time/byte count in RETRIEVAL_MANIFEST.json; raw PDFs/HTML ignored by Git."
"COOLING2022","COOLING2022","Roadmap towards sustainable and energy-efficient space cooling in ASEAN","https://aseanenergy.org/publications/roadmap-towards-sustainable-and-energy-efficient-space-cooling-in-asean/","ACE official landing, 6 June 2022; author IEA","2022 report","data/raw/buildings/asean-cooling.html","a79ee2979979a811b401528c992bd9121fc505e05bc69ade8ee8d5f0755615fc","aggregate cooling electricity","ASEAN report; not an 11-country R/S input table","Residential;Services","Regional cooling boundary context; landing metadata only","retrieve_candidates.py; inspect_candidate_pdfs.py","UNVERIFIED","PENDING","RETRIEVED","Candidate only. Retrieval URL/time/byte count in RETRIEVAL_MANIFEST.json; raw PDFs/HTML ignored by Git."
"IEAENDUSE2026","IEAENDUSE2026","Energy End-uses and Efficiency Indicators","https://www.iea.org/data-and-statistics/data-product/energy-end-uses-and-efficiency-indicators","June 2026 product metadata only","2000-2024","data/raw/buildings/iea-enduse.html","b66a013b63d3ab118b87a70f2e833da2293d5a7b0ba571231082e8d8848283f5","final energy by product/end use; see product","IEA members and beyond; ASEAN coverage not verified","Residential;Services","Candidate metadata only; no paid data obtained; not harmonized 11-country table","retrieve_candidates.py; inspect_candidate_pdfs.py","UNVERIFIED","PENDING","RETRIEVED","Candidate only. Retrieval URL/time/byte count in RETRIEVAL_MANIFEST.json; raw PDFs/HTML ignored by Git."
"UNSD_2019_BUILDINGS_CLASSIFIED","AUDIT_DERIVED","UNSD_2019_BUILDINGS_CLASSIFIED","https://data.un.org/Explorer.aspx?d=EDATA","Phase 3A-2 deterministic audit extraction","2019","data\processed\buildings\UNSD_2019_BUILDINGS_CLASSIFIED.json","308015da3342024780913cdf18386cb1b4d05b63223578b188091e64f256db33","raw quantities + diagnostic TWh equivalents","BN;KH;ID;LA;MY;MM;PH;SG;TH;TL;VN","Residential;Services","Reviewable exact subset; model values untouched","extract_accounting.py","UNVERIFIED","PENDING","GIT_REVIEWABLE_JSON",""
"UNSD_2019_NATIONAL_ELECTRICITY","AUDIT_DERIVED","UNSD_2019_NATIONAL_ELECTRICITY","https://data.un.org/Explorer.aspx?d=EDATA","Phase 3A-2 deterministic audit extraction","2019","data\processed\buildings\UNSD_2019_NATIONAL_ELECTRICITY.json","47d465a0c295b6e259d5bffdbadd4604bc5117d3cd127495ec004407ffd773fc","raw quantities + diagnostic TWh equivalents","BN;KH;ID;LA;MY;MM;PH;SG;TH;TL;VN","Residential;Services","Reviewable exact subset; model values untouched","extract_accounting.py","UNVERIFIED","PENDING","GIT_REVIEWABLE_JSON",""
"ERA5","ERA5","ERA5","https://cds.climate.copernicus.eu/","source family only; see frozen population/weather scripts","2013 weather / 2020 shapes / planning-year urban shares","NOT_COPIED_IN_THIS_ROUND","PENDING_EXACT_RESEARCH_INPUT","K; hourly weather","BN;KH;ID;LA;MY;MM;PH;SG;TH;TL;VN","Residential;Services","Annual spatial allocation and temporal shape source; no inferred binary identity","build_heat_demand.py; build_population_layouts.py; prepare_urban_percent.py","UNVERIFIED","PENDING","SOURCE_FAMILY_IDENTIFIED","Existing tutorial cutout identity follows previous audit; no new weather download. Exact accepted future cutout hash still pending."
"WORLDPOP","WORLDPOP","WORLDPOP","https://www.worldpop.org/","source family only; see frozen population/weather scripts","2013 weather / 2020 shapes / planning-year urban shares","NOT_COPIED_IN_THIS_ROUND","PENDING_EXACT_RESEARCH_INPUT","population","BN;KH;ID;LA;MY;MM;PH;SG;TH;TL;VN","Residential;Services","Annual spatial allocation and temporal shape source; no inferred binary identity","build_heat_demand.py; build_population_layouts.py; prepare_urban_percent.py","UNVERIFIED","PENDING","SOURCE_FAMILY_IDENTIFIED","Frozen config selects standard WorldPop and 2020 shapes; accept resolution/date separately."
"UNCTAD_URBAN","UNCTAD_URBAN","UNCTAD_URBAN","https://unctadstat.unctad.org/","source family only; see frozen population/weather scripts","2013 weather / 2020 shapes / planning-year urban shares","NOT_COPIED_IN_THIS_ROUND","PENDING_EXACT_RESEARCH_INPUT","urban population share","BN;KH;ID;LA;MY;MM;PH;SG;TH;TL;VN","Residential;Services","Annual spatial allocation and temporal shape source; no inferred binary identity","build_heat_demand.py; build_population_layouts.py; prepare_urban_percent.py","UNVERIFIED","PENDING","SOURCE_FAMILY_IDENTIFIED","Live US.PopTotal request is not a pinned country-year input version."
