"source_id","path","bytes","sha256","stage","date","status"
"DEMAND","data/demand/forecasts_on_historical_period.parquet","1005362","ade3a79fa50602434adcf6bc2954a297cd229165659263089ab073337466ef8c","existing_model_input","2026-10-01 audit; original retrieval date unknown","UNVERIFIED"
"UNSD","data/demand/unsd/data/UNdata_Export_20250502_110244896.txt","472389","9d71d628a6f17b404717c811f0131d5065f0c2c53457f760e865e3b803b93872","existing_model_input","2026-10-01 audit; original retrieval date unknown","UNVERIFIED"
"UNSD","data/demand/unsd/data/UNdata_Export_20250502_110245975.txt","261482","ea1088c05f10f5f3aa33fbc56b846401c1959ca6fdd8df2fa0b3f56f3335e72c","existing_model_input","2026-10-01 audit; original retrieval date unknown","UNVERIFIED"
"UNSD","data/demand/unsd/data/UNdata_Export_20250502_110247853.txt","1059708","a0b88be91fc6c8253bc1dce071a8a1b1ee196bd100385a102f4835ee50f35a22","existing_model_input","2026-10-01 audit; original retrieval date unknown","UNVERIFIED"
"UNSD","data/demand/unsd/data/UNdata_Export_20250502_110251099.txt","2420306","d58d6b4f18fcb2cd5c2b6a9f680592924b9cf78066659d7ed2cf757d233cfec9","existing_model_input","2026-10-01 audit; original retrieval date unknown","UNVERIFIED"
"UNSD","data/demand/unsd/data/UNdata_Export_20250502_110257851.txt","2083028","9c32689fcf967b5d25086511b32fcfbfb4894f2b860deff953d781f92d749211","existing_model_input","2026-10-01 audit; original retrieval date unknown","UNVERIFIED"
"UNSD","data/demand/unsd/data/UNdata_Export_20250502_110302082.txt","10720","0b817ec632f9540a03ce261b3b7cae7c0254eb84922b2c16f3eb21fa717e9150","existing_model_input","2026-10-01 audit; original retrieval date unknown","UNVERIFIED"
"UNSD","data/demand/unsd/data/UNdata_Export_20250502_110306307.txt","1016126","5c72caaa64762e177e5e53c55b7f9fd07ee57f6a91681d600bdd6c6be174b8c2","existing_model_input","2026-10-01 audit; original retrieval date unknown","UNVERIFIED"
"UNSD","data/demand/unsd/data/UNdata_Export_20250502_110314760.txt","1721662","b004f7bd486dbb8576935c5d17c2e49964e7687ea16b5d67ae57602981b5462c","existing_model_input","2026-10-01 audit; original retrieval date unknown","UNVERIFIED"
"UNSD","data/demand/unsd/data/UNdata_Export_20250502_110331798.txt","725407","4030e2d946965aae430c9de2da1b51ae2c19b96dc5a585dc8838dc47384e16af","existing_model_input","2026-10-01 audit; original retrieval date unknown","UNVERIFIED"
"UNSD","data/demand/unsd/data/UNdata_Export_20250502_110337631.txt","2337634","7759b2a57190ec5e3edac07fa28183896f2eaaff420f43d9cf46577e31a769d6","existing_model_input","2026-10-01 audit; original retrieval date unknown","UNVERIFIED"
"UNSD","data/demand/unsd/data/UNdata_Export_20250502_110343796.txt","591866","ef9e2118f6a330e33f4e876b8a52d3cf87a9626304f638446c6cd4c0aabcd98e","existing_model_input","2026-10-01 audit; original retrieval date unknown","UNVERIFIED"
"UNSD","data/demand/unsd/data/UNdata_Export_20250502_110347177.txt","1528800","77d8261ada2f8a5104381fae2e794bcaa31d62a12d27ff7e3a0dd0cde756d194","existing_model_input","2026-10-01 audit; original retrieval date unknown","UNVERIFIED"
"UNSD","data/demand/unsd/data/UNdata_Export_20250502_110351798.txt","2901774","903a91d8e915854454532b0e917539b325fa6691a335aa08a37c8ebef0bd9088","existing_model_input","2026-10-01 audit; original retrieval date unknown","UNVERIFIED"
"UNSD","data/demand/unsd/data/UNdata_Export_20250502_110359447.txt","865114","c12e9ae1a3eac4bbe6fe04df4238905185db886709371f6ae3ec1899b9f3be90","existing_model_input","2026-10-01 audit; original retrieval date unknown","UNVERIFIED"
"UNSD","data/demand/unsd/data/UNdata_Export_20250502_110403305.txt","3552359","da54b258ffb4927f30834c01f4e9aff7c267dd70c5ef5760292dd21ef5802345","existing_model_input","2026-10-01 audit; original retrieval date unknown","UNVERIFIED"
"UNSD","data/demand/unsd/data/UNdata_Export_20250502_110410799.txt","354004","844c8f8b28eea37c896cd73a1d209742287e7658e809b54e05a00e9b809ca8f3","existing_model_input","2026-10-01 audit; original retrieval date unknown","UNVERIFIED"
"UNSD","data/demand/unsd/data/UNdata_Export_20250502_110412802.txt","3038315","f36eaf2556be5fbe75713fe7bee8a5d1f6b718eb4ed7881a9a2e697784bd8898","existing_model_input","2026-10-01 audit; original retrieval date unknown","UNVERIFIED"
"UNSD","data/demand/unsd/data/UNdata_Export_20250502_110427053.txt","1502905","6ab0360c366f648d44dceb82f58db545d15a8c9c972d3311d21a94ae50ae6b40","existing_model_input","2026-10-01 audit; original retrieval date unknown","UNVERIFIED"
"UNSD","data/demand/unsd/data/UNdata_Export_20250502_110434329.txt","850501","dd1385f6e8082fc4688b91b158de8368753c774cb3856ab9b8add323c693dd3b","existing_model_input","2026-10-01 audit; original retrieval date unknown","UNVERIFIED"
"UNSD","data/demand/unsd/data/UNdata_Export_20250502_110441347.txt","3641035","b0b748888b81c9c3891726e3d58a5204ca6547de02b15942c900cbab61e0bab9","existing_model_input","2026-10-01 audit; original retrieval date unknown","UNVERIFIED"
"UNSD","data/demand/unsd/data/UNdata_Export_20250502_110450928.txt","891215","d1c43757250bbe1e5f30961e19da6f8eb5ce62a986af8f54b5770eeccc9a101b","existing_model_input","2026-10-01 audit; original retrieval date unknown","UNVERIFIED"
"UNSD","data/demand/unsd/data/UNdata_Export_20250502_110459400.txt","981567","f45ee25e8f98c5ad88cb406ef7b2c6b00b81267a225a14543a332f5a880ba0ca","existing_model_input","2026-10-01 audit; original retrieval date unknown","UNVERIFIED"
"UNSD","data/demand/unsd/data/UNdata_Export_20250502_110505470.txt","10425981","1989e4f319a10b3b8190e58354b21612abc984985f28d5d54b5d92c55c8d0409","existing_model_input","2026-10-01 audit; original retrieval date unknown","UNVERIFIED"
"UNSD","data/demand/unsd/data/UNdata_Export_20250502_110512447.txt","266679","8105f179e4c22f7719fc020da463501f54f88514ed2fd84d2748166baf8dc223","existing_model_input","2026-10-01 audit; original retrieval date unknown","UNVERIFIED"
"UNSD","data/demand/unsd/data/UNdata_Export_20250502_110514377.txt","97406","b7859cfcf3f43d5e446c22f5216426de2eb7dbdeb831b034141f42e51b071a1d","existing_model_input","2026-10-01 audit; original retrieval date unknown","UNVERIFIED"
"UNSD","data/demand/unsd/data/UNdata_Export_20250502_110515832.txt","9951665","b5ec374fcb60a4567468b3279fe6fa584ed0506d32f42a80e0760becce6c5cdb","existing_model_input","2026-10-01 audit; original retrieval date unknown","UNVERIFIED"
"UNSD","data/demand/unsd/data/UNdata_Export_20250502_110532316.txt","8110285","26a364db4d763d9d5a69eff04aa717af5db5d2736c5c1f4e47223a12eae7db66","existing_model_input","2026-10-01 audit; original retrieval date unknown","UNVERIFIED"
"UNSD","data/demand/unsd/data/UNdata_Export_20250502_110556493.txt","45041","181058432df7a3c8ea8f38a569a301979520a8ec0a5e5c94dc5bcdb4980ef7ea","existing_model_input","2026-10-01 audit; original retrieval date unknown","UNVERIFIED"
"UNSD","data/demand/unsd/data/UNdata_Export_20250502_110559984.txt","11083047","1c2952a5f87bfcdb0eef1af6b6c774e741a99e5b72c5ced91a585d6efe9be50a","existing_model_input","2026-10-01 audit; original retrieval date unknown","UNVERIFIED"
"UNSD","data/demand/unsd/data/UNdata_Export_20250502_110620083.txt","152063","2142e8626a88c42bc412c6d81c67bb4608336f2d0a45ea7a48fb67832496065c","existing_model_input","2026-10-01 audit; original retrieval date unknown","UNVERIFIED"
"UNSD","data/demand/unsd/data/UNdata_Export_20250502_110625445.txt","661663","32dfe73a94f5ebb3a6d219ac4b2e3c3e2f8efc96947cc9c7b9206dde554c4116","existing_model_input","2026-10-01 audit; original retrieval date unknown","UNVERIFIED"
"UNSD","data/demand/unsd/data/UNdata_Export_20250502_110634475.txt","70611","7a3889bf92ff33dc1179a1f93bdb239134414afce164a48a51404c1111664a12","existing_model_input","2026-10-01 audit; original retrieval date unknown","UNVERIFIED"
"UNSD","data/demand/unsd/data/UNdata_Export_20250502_110638157.txt","6222767","322eaabc99e9098d5834c09f3d174f6acba91332dd84956e7cd11e7913c6aeb4","existing_model_input","2026-10-01 audit; original retrieval date unknown","UNVERIFIED"
"UNSD","data/demand/unsd/data/UNdata_Export_20250502_110641692.txt","3883522","21463ba8a4a85c3904df173033f355c7dab36eb864ffad55060ce462e41edfe1","existing_model_input","2026-10-01 audit; original retrieval date unknown","UNVERIFIED"
"UNSD","data/demand/unsd/data/UNdata_Export_20250502_110648146.txt","5189237","a45d82a3cffd1fcbca3d6702b88e511d913e833c1f4e9e3fa75dd5c1750eea9a","existing_model_input","2026-10-01 audit; original retrieval date unknown","UNVERIFIED"
"UNSD","data/demand/unsd/data/UNdata_Export_20250502_110653410.txt","1916114","b738c27518f722de4e0d905391b9691a5da2cdacc6378986f6998dcba63d64e6","existing_model_input","2026-10-01 audit; original retrieval date unknown","UNVERIFIED"
"UNSD","data/demand/unsd/data/UNdata_Export_20250502_110656973.txt","10938437","b02371f39dec320e227fd3223fcf8ad545595b5b53b48d2834bf9a838191076e","existing_model_input","2026-10-01 audit; original retrieval date unknown","UNVERIFIED"
"UNSD","data/demand/unsd/data/UNdata_Export_20250502_110704276.txt","2564599","97289955797172d255b7f9a98e0d306ea8c7cdb774f7de0b9020e9e80a5cc94e","existing_model_input","2026-10-01 audit; original retrieval date unknown","UNVERIFIED"
"UNSD","data/demand/unsd/data/UNdata_Export_20250502_110709784.txt","7624635","fe8fc603bb47c3ced818a86a96a4ad4e97b3b8ceb0d6b28a66d123d5e2c4d5ba","existing_model_input","2026-10-01 audit; original retrieval date unknown","UNVERIFIED"
"UNSD","data/demand/unsd/data/UNdata_Export_20250502_110717641.txt","1921511","ec74e868b3be689b55630fd5f8b8a27c4d2caff112fac9325700633b80251e93","existing_model_input","2026-10-01 audit; original retrieval date unknown","UNVERIFIED"
"UNSD","data/demand/unsd/data/UNdata_Export_20250502_110721508.txt","10459793","fa8613ee3560bfc2f73f60f4c0995c995b0bec8fd75a59190fe4ad6c63a9e988","existing_model_input","2026-10-01 audit; original retrieval date unknown","UNVERIFIED"
"UNSD","data/demand/unsd/data/UNdata_Export_20250502_110746038.txt","1185568","4891fe00774011e4b1862ebc0d2dea26d1a13d7788d19064aed2218f5d3d2a8e","existing_model_input","2026-10-01 audit; original retrieval date unknown","UNVERIFIED"
"UNSD","data/demand/unsd/data/UNdata_Export_20250502_110748262.txt","88194","2ac8edec900588e0811a513f09fe58bc7105b423dd71a751f1f52d3d1264e018","existing_model_input","2026-10-01 audit; original retrieval date unknown","UNVERIFIED"
"UNSD","data/demand/unsd/data/UNdata_Export_20250502_110749530.txt","4254314","e125dbd0b29b2f8e9a27b32fb272f8b78bbc88a048f888af43237fb15a05fe68","existing_model_input","2026-10-01 audit; original retrieval date unknown","UNVERIFIED"
"UNSD","data/demand/unsd/data/UNdata_Export_20250502_110752006.txt","966200","a6da649d0e7795b17fc3360596d9e5fe522a8aae5be375473954777df80564ad","existing_model_input","2026-10-01 audit; original retrieval date unknown","UNVERIFIED"
"UNSD","data/demand/unsd/data/UNdata_Export_20250502_110755527.txt","475901","8622b4b9cc153df5e6a10a8c4619af00fd4d4f5f68ed78a1b01e6bbc3aca018f","existing_model_input","2026-10-01 audit; original retrieval date unknown","UNVERIFIED"
"UNSD","data/demand/unsd/data/UNdata_Export_20250502_110758678.txt","662331","9483733402ac71f50e0c67a0c07942ffe3f34bf8747a011d21029520689de68c","existing_model_input","2026-10-01 audit; original retrieval date unknown","UNVERIFIED"
"UNSD","data/demand/unsd/data/UNdata_Export_20250502_110801817.txt","302612","0863594ac1c23cae94e1111eaf79f081cfd1ff1311f6bcccd00a0288b3a3b2e7","existing_model_input","2026-10-01 audit; original retrieval date unknown","UNVERIFIED"
"UNSD","data/demand/unsd/data/UNdata_Export_20250502_110803822.txt","2583721","b635acfa2728521abb05c3175cba6e1834327b8a909d346e14a399df673f946d","existing_model_input","2026-10-01 audit; original retrieval date unknown","UNVERIFIED"
"UNSD","data/demand/unsd/data/UNdata_Export_20250502_110807801.txt","2093000","98b98fccf6df4eae08a68fe143c48d13a8dd743ef689f46af494a66411304ece","existing_model_input","2026-10-01 audit; original retrieval date unknown","UNVERIFIED"
"UNSD","data/demand/unsd/data/UNdata_Export_20250502_110817118.txt","845688","e066947dc3b8a3505aa1295bdc18f810242d035c10357cdb54cb755a9ad555de","existing_model_input","2026-10-01 audit; original retrieval date unknown","UNVERIFIED"
"UNSD","data/demand/unsd/data/UNdata_Export_20250502_110820872.txt","10275081","12c99b3c40927449d9a4d0402f255a8b84b24917ff58e54efd4ec43b2125fe6b","existing_model_input","2026-10-01 audit; original retrieval date unknown","UNVERIFIED"
"DEMAND","data/energy_totals_DF_2030.csv","1035","39dc4e650f6c1da566d8925db352e3a6c073c35df0664eed4e6cb380f3a6c1e9","existing_model_input","2026-10-01 audit; original retrieval date unknown","UNVERIFIED"
"UNSD","data/unsd_transactions.csv","2233","1fac14fc4204640c6014ec5e987eb62d2e62cb57adf13f250ce01c347635d720","existing_model_input","2026-10-01 audit; original retrieval date unknown","UNVERIFIED"
"INDUSTRY","data/AL_production.csv","57731","912fc0b6e95c12950ef110acb24aa7826e9af750d52cccf011f99ce9991b8308","existing_model_input","2026-10-01 audit; original retrieval date unknown","UNVERIFIED"
"INDUSTRY","data/industry/SFI-Global-Cement-Database-July-2021.xlsx","614696","e86da74886e65d3d7397ecfb06c0859acf784e9bd987b72794760e41da6fbcdf","existing_model_input","2026-10-01 audit; original retrieval date unknown","UNVERIFIED"
"INDUSTRY","data/industry/SFI_ALD_Pulp_Paper_Sample_LatAm_Jan_2023.xlsx","205998","6f0bffc655d19db97f1ab5f00ca36f9b6b19d47dbc29dd21ba806b84506418bb","existing_model_input","2026-10-01 audit; original retrieval date unknown","UNVERIFIED"
"INDUSTRY","data/industry/USGS_ammonia_dataset.xlsx","99562","a84230c54052417fa9eda96f793c8f6b3db9ea0e1704374b70b5c3efe84ade1b","existing_model_input","2026-10-01 audit; original retrieval date unknown","UNVERIFIED"
"INDUSTRY","data/industry/ammonia_plants.csv","7952","1c60c531339cca5ce92b0df220392943d6da1e2f6848536ff5db835d53cba5d5","existing_model_input","2026-10-01 audit; original retrieval date unknown","UNVERIFIED"
"INDUSTRY","data/industry/us_cities.csv","4081899","7ae1a9f4883684a098889e5cf44f6679da2d90ba1e20a26b346c9d3c6ec11098","existing_model_input","2026-10-01 audit; original retrieval date unknown","UNVERIFIED"
"INDUSTRY","resources/industrial_database.csv","578594","9ae21c81d4e4dde5ee90037d96f24eef19d0faf1b08c9263359454452178ac9f","existing_model_input","2026-10-01 audit; original retrieval date unknown","UNVERIFIED"
"INDUSTRY","resources/ammonia_production.csv","5600","1141dc362ecd8b1209d4e5b91f9099568f9aefc422bea8109d36770b30dabcf7","existing_model_input","2026-10-01 audit; original retrieval date unknown","UNVERIFIED"
"FLEET","resources/baseline-aims-3H-tutorial/powerplants.csv","325837","d473f3e770ff76d3b496a7c2ae51b061670237d2aec1c80c679b13d9e28a6584","existing_model_input","2026-10-01 audit; original retrieval date unknown","UNVERIFIED"
"FLEET","resources/baseline-aims-3H-tutorial/powerplants_osm2pm.csv","0","e3b0c44298fc1c149afbf4c8996fb92427ae41e4649b934ca495991b7852b855","existing_model_input","2026-10-01 audit; original retrieval date unknown","UNVERIFIED"
"DEMAND","resources/baseline-aims-3H-tutorial/demand_profiles.csv","4923422","cb0805ac2e746a8315f873a3a68832ad8bb13bc7ac97019b292133083b3fbba4","existing_model_input","2026-10-01 audit; original retrieval date unknown","UNVERIFIED"
"INDUSTRY","resources/baseline-aims-3H-tutorial/demand/base_industry_totals_2030.csv","92951","c62e8edab8451f93a4273f9214e6259306ea7e01a6ba9c85e7b7db48978aa404","existing_model_input","2026-10-01 audit; original retrieval date unknown","UNVERIFIED"
"INDUSTRY","resources/baseline-aims-3H-tutorial/demand/base_industry_totals_2040.csv","92951","c62e8edab8451f93a4273f9214e6259306ea7e01a6ba9c85e7b7db48978aa404","existing_model_input","2026-10-01 audit; original retrieval date unknown","UNVERIFIED"
"INDUSTRY","resources/baseline-aims-3H-tutorial/demand/base_industry_totals_2050.csv","92951","c62e8edab8451f93a4273f9214e6259306ea7e01a6ba9c85e7b7db48978aa404","existing_model_input","2026-10-01 audit; original retrieval date unknown","UNVERIFIED"
"INDUSTRY","resources/baseline-aims-3H-tutorial/demand/industrial_distribution_key_elec_s_50_2030.csv","3540","4d13694b3aac6992ea3c14712711d8f0ab3aa1e3d3397485f940a2c7790aeab7","existing_model_input","2026-10-01 audit; original retrieval date unknown","UNVERIFIED"
"INDUSTRY","resources/baseline-aims-3H-tutorial/demand/industrial_distribution_key_elec_s_50_2040.csv","3540","4d13694b3aac6992ea3c14712711d8f0ab3aa1e3d3397485f940a2c7790aeab7","existing_model_input","2026-10-01 audit; original retrieval date unknown","UNVERIFIED"
"INDUSTRY","resources/baseline-aims-3H-tutorial/demand/industrial_distribution_key_elec_s_50_2050.csv","3540","4d13694b3aac6992ea3c14712711d8f0ab3aa1e3d3397485f940a2c7790aeab7","existing_model_input","2026-10-01 audit; original retrieval date unknown","UNVERIFIED"
"INDUSTRY","resources/baseline-aims-3H-tutorial/demand/industrial_energy_demand_per_node_elec_s_50_2030.csv","1176","27a09e16263068f1f2b11e49ad6394a86ce693f2f067313a27c2477f1be77214","existing_model_input","2026-10-01 audit; original retrieval date unknown","UNVERIFIED"
"INDUSTRY","resources/baseline-aims-3H-tutorial/demand/industrial_energy_demand_per_node_elec_s_50_2040.csv","1176","e39d1f620351bbed35d348aad297a57967e6fd3c3302c08713799a23c30a4a52","existing_model_input","2026-10-01 audit; original retrieval date unknown","UNVERIFIED"
"INDUSTRY","resources/baseline-aims-3H-tutorial/demand/industrial_energy_demand_per_node_elec_s_50_2050.csv","1176","938452625fb5a348c0befc66331e58846b9f8c3f21b29e25ddd35cfed7f9c2bf","existing_model_input","2026-10-01 audit; original retrieval date unknown","UNVERIFIED"
"RENEWABLE","resources/baseline-aims-3H-tutorial/renewable_profiles/profile_hydro.nc","494738","a9dd0c670b1acbbe62980d5fb32f59c912921068860b456fb50a3c721e508fdc","existing_model_input","2026-10-01 audit; original retrieval date unknown","UNVERIFIED"
"RENEWABLE","resources/baseline-aims-3H-tutorial/renewable_profiles/profile_offwind-ac.nc","1591919","d2a9c478b6a237e5c6595096885cd4ab5ba89fefcbfb10b668bb2a7a8a18a72c","existing_model_input","2026-10-01 audit; original retrieval date unknown","UNVERIFIED"
"RENEWABLE","resources/baseline-aims-3H-tutorial/renewable_profiles/profile_offwind-dc.nc","1591919","47ce794107eb490fadaf8ec411d8d349fe862d3b16bc1997f39c982bd47e1116","existing_model_input","2026-10-01 audit; original retrieval date unknown","UNVERIFIED"
"RENEWABLE","resources/baseline-aims-3H-tutorial/renewable_profiles/profile_onwind.nc","2832215","cdb24bcf87fca08beeed9b336a1e581ea6c5f190ef845b1cb552eb9cfc01d7f0","existing_model_input","2026-10-01 audit; original retrieval date unknown","UNVERIFIED"
"RENEWABLE","resources/baseline-aims-3H-tutorial/renewable_profiles/profile_solar.nc","2832215","a522fddfe89a498e04478bfb253e6ca79084b4d68f5cda88b85dbb74af1ecec8","existing_model_input","2026-10-01 audit; original retrieval date unknown","UNVERIFIED"
"GRID","data/osm-plus-prebuilt/0.1.1/all_buses_build_network.csv","270322","cadf63e1043b624072f70c502bc16714bdc98071354e7034741561997af3345a","existing_model_input","2026-10-01 audit; original retrieval date unknown","UNVERIFIED"
"GRID","data/osm-plus-prebuilt/0.1.1/all_clean_generators.csv","412349","8fa2e48cf5c0dd71c2793da5ffadfadff0a63555db35f3eed8990f2e55dfe449","existing_model_input","2026-10-01 audit; original retrieval date unknown","UNVERIFIED"
"GRID","data/osm-plus-prebuilt/0.1.1/all_converters_build_network.csv","1698","4cb020bc6cd29bddc5967cb35741c7fb3fdf9f59bdfce99ef9748aaa5f06e2b0","existing_model_input","2026-10-01 audit; original retrieval date unknown","UNVERIFIED"
"GRID","data/osm-plus-prebuilt/0.1.1/all_lines_build_network.csv","14547223","1d15b7903faa92152e4fdf7353e4c8ef93b14f0cac7d219e22788831cacb9668","existing_model_input","2026-10-01 audit; original retrieval date unknown","UNVERIFIED"
"GRID","data/osm-plus-prebuilt/0.1.1/all_transformers_build_network.csv","147315","080169b7e0fbc61b44e2b12873e243f9ea8baefeaefbd17d27ef45fe3f5d7428","existing_model_input","2026-10-01 audit; original retrieval date unknown","UNVERIFIED"
"GRID","data/transmission_projects/AIMS/new_lines.csv","3716","d04b127a1eca5981915fbb975b679b9157b6cd7ae5b03186f85f1b3fb83fa01b","existing_model_input","2026-10-01 audit; original retrieval date unknown","UNVERIFIED"
"GRID","data/transmission_projects/AIMS/new_links.csv","1373","4bfef2bdfd7d82c6bc76cfada13fbca553c4e0d529205ebcc403526283df0460","existing_model_input","2026-10-01 audit; original retrieval date unknown","UNVERIFIED"
"GRID","data/transmission_projects/AIMS/upgraded_lines.csv","410","39d96f2bc07c3bf2140cc3d25012ba1bfccd26c466435d7b15d24acbd3b7ac29","existing_model_input","2026-10-01 audit; original retrieval date unknown","UNVERIFIED"
"GRID","data/transmission_projects/AIMS/upgraded_links.csv","193","706aaa134c32a46d39573b16a29e45479964380f5a7087a84ec27325ad9fe95c","existing_model_input","2026-10-01 audit; original retrieval date unknown","UNVERIFIED"
"GRID","data/transmission_projects/ID_SuperGrid/new_links.csv","940","3457f08e4d4b3f32d0b082db86fe5beff973479f1698a8610d078241da8f48b0","existing_model_input","2026-10-01 audit; original retrieval date unknown","UNVERIFIED"
"WEATHER_TUTORIAL","cutouts/asean-2013-era5-tutorial.nc","140110621","b52e197ed9127f8d85458a87b80b72f462b300d1357e6c8675b7f5963499ecf0","existing_model_input","2026-10-01 audit; original retrieval date unknown","UNVERIFIED"
"GDP","data/GDP/GDP_PPP_1990_2015_5arcmin_v2.nc","134025184","975ddfad5d2ee71aa227c269b530a4917f8305299b77d09ee0f9cfabc83e5e5b","raw_NC","2026-10-01 audit; original retrieval date unknown","UNVERIFIED"
"GDP","data/GDP/LICENSE.txt","291","9c13d4ec5b9607496d60ad09a021deaa27a6062cae9dd83bd0f04a2fd589179b","INVALID_OLD_CACHE_DIAGNOSTIC","2026-10-01 audit; original retrieval date unknown","UNVERIFIED"
"GDP","data/GDP/GDP_PPP_1990_2015_5arcmin_v2.tif","335166","275975b0b96a4c177fdcfebdb8ba10e3bf1ee76953bf9b0c86178f29700eda1b","INVALID_OLD_CACHE_DIAGNOSTIC","2026-10-01 audit; original retrieval date unknown","UNVERIFIED"
"GRID","data/osm-plus-prebuilt/0.1/all_buses_build_network.csv","279332","78d9cc7075a068576492338efdebe1937545d0697e6756278e949d89359be9a5","upstream_tracked_raw","2026-10-01 audit; original retrieval date unknown","UNVERIFIED"
"GRID","data/osm-plus-prebuilt/0.1/all_transformers_build_network.csv","148466","d7213700969b08014ec4f529347333596aea817790b1aeeeda8b41c4e43ff2c5","upstream_tracked_raw","2026-10-01 audit; original retrieval date unknown","UNVERIFIED"
"GRID","data/osm-plus-prebuilt/0.1/all_lines_build_network.csv","14585331","7faff6b1292a951bd6f6c2bdf9bec576bd83354ac7db642ac9e77ee39ac7816d","upstream_tracked_raw","2026-10-01 audit; original retrieval date unknown","UNVERIFIED"
"GRID","data/osm-plus-prebuilt/0.1.1/modification_list.txt","963","33d5658d3d2fd4374173d61db0f24aa19c04c8a89287f329ec47af1f7404df4d","upstream_tracked_explanation","2026-10-01 audit; original retrieval date unknown","UNVERIFIED"
"GEOGRAPHY","resources/baseline-aims-3H-tutorial/shapes/gadm_shapes.geojson","146986817","aef8c0d19b0d140960f358c9bcc4791e614307c2201ff050c30949911c0ef4c7","existing_intermediate_used_in_diagnostic","2026-10-01 audit; original retrieval date unknown","UNVERIFIED"
"GEOGRAPHY","resources/baseline-aims-3H-tutorial/bus_regions/regions_onshore_elec_s_50.geojson","112143047","dc936400099c96d8514760d045c7dc18d8529876871431ed5d0a982926be1385","existing_intermediate_used_in_diagnostic","2026-10-01 audit; original retrieval date unknown","UNVERIFIED"
"POPULATION","resources/baseline-aims-3H-tutorial/population_shares/pop_layout_elec_s_50_2030.csv","4168","86558488aa2d22e2c867d32b8df83a1748f9e96d4af949214268280383f321da","existing_intermediate_used_in_diagnostic","2026-10-01 audit; original retrieval date unknown","UNVERIFIED"
"GEOGRAPHY","data/eez/eez_v11.gpkg","165474304","b524d635ab984d1fecbe1c64ffdb457b133879107d241e2a390027276a36a65f","existing_input_used_in_diagnostic","2026-10-01 audit; original retrieval date unknown","UNVERIFIED"
"LANDCOVER","data/natura/natura.tiff","3356668","99388fa350cb514caaca9fa10f0d36ef1e0c63f5462ae0ac8c6e9882744bd88e","existing_input_used_in_diagnostic","2026-10-01 audit; original retrieval date unknown","UNVERIFIED"
"TECHCOST","research/00_source_provenance/official/technology-data/inputs/costs_PyPSA.csv","14997","2d393dcbec015ed841a19f127a524a4533c18bc58d93369700b36a910a0841e0","frozen_source_audit_copy","2026-10-01 audit; original retrieval date unknown","UNVERIFIED"
"TECHCOST","research/00_source_provenance/official/technology-data/inputs/data_sheets_for_renewable_fuels.xlsx","1129971","efa1ce103b813a2a3d807d20c6cd05c937f80010320a38e51149d234b60cd086","frozen_source_audit_copy","2026-10-01 audit; original retrieval date unknown","UNVERIFIED"
"TECHCOST","research/00_source_provenance/official/technology-data/inputs/Eurostat_inflation_rates.xlsx","22202","16c771de24c9bf00f907eea47c482ec2631bf14e82d7b4f86f4020ad86aacc62","frozen_source_audit_copy","2026-10-01 audit; original retrieval date unknown","UNVERIFIED"
"ELECTROLYSER_OVERRIDE","research/00_source_provenance/official/technology-data/inputs/manual_input.csv","176649","777f6d334fe07114375317f1d9c09feb48a1b93abddf303bcd2859d6da7a6a1f","frozen_source_audit_copy","2026-10-01 audit; original retrieval date unknown","SOURCE_PARTIALLY_VERIFIED"
"TECHCOST","research/00_source_provenance/official/technology-data/inputs/technology_data_catalogue_for_energy_storage.xlsx","307918","5eaff3f3f242efabafc12ba5d556cf770bc2e569fde55dc0bf1a638a95f70911","frozen_source_audit_copy","2026-10-01 audit; original retrieval date unknown","UNVERIFIED"
"TECHCOST","research/00_source_provenance/official/technology-data/inputs/technology_data_for_el_and_dh.xlsx","707234","3ab3f61377f4b9026bf74aed95351ef5675c44d321bb9d05b5da05a45071b79f","frozen_source_audit_copy","2026-10-01 audit; original retrieval date unknown","UNVERIFIED"
"TECHCOST","research/00_source_provenance/official/technology-data/outputs/costs_2030.csv","268002","ec8c487a316d0e0b4ca0b71dac6591894023d443039a005b55d522602d6c19a4","frozen_prepared_cost","2026-10-01 audit; original retrieval date unknown","UNVERIFIED"
"TECHCOST","research/00_source_provenance/official/technology-data/outputs/costs_2040.csv","268010","d2fd212b4d2bf76b3593cc83a9f9f40ae7d97e0e0cf553125629e7a3d5d45083","frozen_prepared_cost","2026-10-01 audit; original retrieval date unknown","UNVERIFIED"
"TECHCOST","research/00_source_provenance/official/technology-data/outputs/costs_2050.csv","267933","d9fe69fc0075ccf419569d200438c6dac80cb52fcf56ea18251d31e161ea54a3","frozen_prepared_cost","2026-10-01 audit; original retrieval date unknown","UNVERIFIED"
"AEO8","research/00_source_provenance/official/author_run/data/AEO8-input/AEO8_Table_D15_Cost_Summary.csv","1745","0ee20484c049352f0a6401e838048bb0ef4906ac12e8821e40502963a999a57d","paper_tracked_cost_append","2026-10-01 audit; original retrieval date unknown","UNVERIFIED"
"AEO8","research/00_source_provenance/official/author_run/data/AEO8-input/AEO8_Table_D17_Declining_Factor.csv","697","9170f33609ccbe005647a7ebfdffc69e8d95abf06cb7cf54a8eafe2efa07f72d","paper_tracked_cost_append","2026-10-01 audit; original retrieval date unknown","UNVERIFIED"
"AEO8","research/00_source_provenance/official/author_run/data/AEO8-input/AEO8_Table_D18_Regional_Factor.csv","73","14fa04dfad8f3ac6e85dbe22840b5f41b40d66cb10ed706d63e92f6c062ab6a3","paper_tracked_cost_append","2026-10-01 audit; original retrieval date unknown","UNVERIFIED"
"AUTHOR_RESULTS","research/00_source_provenance/cache/results-asean-paper-v1/baseline-aims-3H/elec_s_100_ec_lv2.0__3h_2025_0.071_DEC_0export.nc","243844813","06152be56ee41f64bfdca42fd24aeaf363ab61f931fec7b5e4bc12f6d6456ecb","AUTHOR_OUTPUT_NOT_REPRODUCTION","2026-10-01 audit; original retrieval date unknown","UNVERIFIED"
"AUTHOR_RESULTS","research/00_source_provenance/cache/results-asean-paper-v1/decarbonize-aims-3H/elec_s_100_ec_lv2.0__3h_2050_0.071_DEC_0export.nc","348035096","3ac28875630cffbf8b7f3b1e80dbc7eb293d36e7f62efd1578beec457d54d745","AUTHOR_OUTPUT_NOT_REPRODUCTION","2026-10-01 audit; original retrieval date unknown","UNVERIFIED"
