name,iron and steel,non-metallic minerals,chemical and petrochemical,paper pulp and print,population,gdp,country
BN4 0,,1.0,1.0,1.0,0.00039598295728661425,,BN
ID_Java-Bali1 0,0.6192893401015229,0.6279891889154735,0.45559622423425156,0.5833333333333333,0.23059024181343277,,ID
ID_Kalimantan4 0,0.0,0.0,0.2504334424966288,0.0,0.0023232773173426065,,ID
ID_Kalimantan4 1,0.0,0.027777777777777776,0.0,0.027777777777777776,0.00702028928681028,,ID
ID_Kalimantan4 2,0.0,0.0,0.0,0.0,0.004189648769212967,,ID
ID_Kalimantan4 3,0.0,0.0,0.0,0.0,0.0036101743732061546,,ID
ID_Kalimantan4 4,0.050761421319796954,0.04152266656539187,0.0,0.05555555555555555,0.007937637086050494,,ID
ID_Kalimantan4 5,0.0,0.0,0.0,0.0,0.0032573971959459235,,ID
ID_Maluku16 0,0.0,0.0,0.0,0.0,0.0006359184469476565,,ID
ID_Maluku17 0,0.0,0.0,0.0,0.0,0.001938472095131949,,ID
ID_Maluku8 0,0.0,0.0,0.0,0.0,0.0012812801221767228,,ID
ID_Nusa-Tenggara12 0,0.0,0.0,0.0,0.0,0.0014541294708859483,,ID
ID_Nusa-Tenggara13 0,0.0,0.0,0.0,0.0,0.002364862777640555,,ID
ID_Nusa-Tenggara14 0,0.0,0.0,0.0,0.0,0.006296707694950232,,ID
ID_Nusa-Tenggara15 0,0.0,0.004253541453040143,0.0,0.027777777777777776,0.002734781595825431,,ID
ID_Papua18 0,0.0,0.017216715405162484,0.0,0.027777777777777776,0.0012757346413000109,,ID
ID_Papua19 0,0.0,0.0,0.0,0.0,0.0036933724597301657,,ID
ID_Papua20 0,0.0,0.0,0.0,0.0,0.007608424302946968,,ID
ID_Sulawesi0 0,0.3299492385786802,0.13955666957831706,0.0,0.08333333333333333,0.029725396243971285,,ID
ID_Sumatra2 0,0.0,0.012152975580114694,0.0,0.027777777777777776,0.0015268068444357463,,ID
ID_Sumatra3 0,0.0,0.10978187940703607,0.24581005586592178,0.08333333333333333,0.0442789210320119,,ID
ID_Sumatra3 1,0.0,0.019748585317686376,0.048160277403197845,0.08333333333333333,0.04513168543138217,,ID
KH2 0,,1.0,,1.0,0.029666879579901054,,KH
LA2 0,,0.4431818181818182,,0.5,0.00648513372513674,,LA
LA2 1,,0.5568181818181818,,0.5,0.004018909998083688,,LA
MM2 0,,0.0,,0.0,0.029916478639272125,,MM
MM2 1,,0.41666666666666663,,0.41666666666666663,0.013394149048830068,,MM
MM2 2,,0.25,,0.25,0.013501716914885473,,MM
MM2 3,,0.08333333333333333,,0.08333333333333333,0.0072666668729319435,,MM
MM2 4,,0.0,,0.0,0.007900693244711043,,MM
MM2 5,,0.25,,0.25,0.006830097730210139,,MM
MM2 6,,0.0,,0.0,0.011762737966652318,,MM
MY_Peninsular2 0,0.9373695198329854,0.7777777777777778,0.9174311926605505,0.7777777777777777,0.04280486999705302,,MY
MY_Sabah4 0,0.06263048016701461,0.05555555555555555,0.0,0.05555555555555555,0.006366196802590297,,MY
MY_Sarawak4 0,0.0,0.16666666666666666,0.08256880733944955,0.16666666666666666,0.00475029728802266,,MY
PH5 0,0.0,0.0,0.0,0.0,0.00034721795299889695,,PH
PH_Luzon5 0,0.38461538461538464,0.6156876908428276,1.0,0.5789473684210527,0.07686687819057982,,PH
PH_Luzon9 0,0.0,0.0,0.0,0.0,0.001688209853695158,,PH
PH_Mindanao6 0,0.0,0.12887021046064945,0.0,0.15789473684210525,0.029231994539540222,,PH
PH_Visayas10 0,0.0,0.0,0.0,0.0,0.000868407932708377,,PH
PH_Visayas7 0,0.6153846153846154,0.255442098696523,0.0,0.2631578947368421,0.020945261573591552,,PH
SG2 0,1.0,,1.0,,0.0023727033875934537,,SG
TH2 0,1.0,0.9090909090909092,1.0,0.9090909090909092,0.1001808929851748,,TH
TH2 1,0.0,0.09090909090909091,0.0,0.09090909090909091,0.014021811310646974,,TH
TL11 0,,,,,0.0014262675946407804,,TL
VN2 0,0.2276326207442597,0.17991159670666604,,0.2328767123287671,0.0706126715873477,,VN
VN2 1,0.5506730007917656,0.7528151312820034,,0.6712328767123288,0.06652489860621298,,VN
VN2 2,0.22169437846397466,0.06727327201133056,,0.0958904109589041,0.020976814718364392,,VN
