MWh/a (tCO2/a),solid biomass,coal,electricity,gas,low-temperature heat,oil,process emissions,ammonia,low-temperature heat,hydrogen
BN4 0,,,,,,,,,,
ID_Java-Bali1 0,,,,,,,,,,
ID_Kalimantan4 0,,,,,,,,,,
ID_Kalimantan4 1,,,,,,,,,,
ID_Kalimantan4 2,,,,,,,,,,
ID_Kalimantan4 3,,,,,,,,,,
ID_Kalimantan4 4,,,,,,,,,,
ID_Kalimantan4 5,,,,,,,,,,
ID_Maluku16 0,,,,,,,,,,
ID_Maluku17 0,,,,,,,,,,
ID_Maluku8 0,,,,,,,,,,
ID_Nusa-Tenggara12 0,,,,,,,,,,
ID_Nusa-Tenggara13 0,,,,,,,,,,
ID_Nusa-Tenggara14 0,,,,,,,,,,
ID_Nusa-Tenggara15 0,,,,,,,,,,
ID_Papua18 0,,,,,,,,,,
ID_Papua19 0,,,,,,,,,,
ID_Papua20 0,,,,,,,,,,
ID_Sulawesi0 0,,,,,,,,,,
ID_Sumatra2 0,,,,,,,,,,
ID_Sumatra3 0,,,,,,,,,,
ID_Sumatra3 1,,,,,,,,,,
KH2 0,,,,,,,,,,
LA2 0,,,,,,,,,,
LA2 1,,,,,,,,,,
MM2 0,,,,,,,,,,
MM2 1,,,,,,,,,,
MM2 2,,,,,,,,,,
MM2 3,,,,,,,,,,
MM2 4,,,,,,,,,,
MM2 5,,,,,,,,,,
MM2 6,,,,,,,,,,
MY_Peninsular2 0,,,,,,,,,,
MY_Sabah4 0,,,,,,,,,,
MY_Sarawak4 0,,,,,,,,,,
PH5 0,,,,,,,,,,
PH_Luzon5 0,,,,,,,,,,
PH_Luzon9 0,,,,,,,,,,
PH_Mindanao6 0,,,,,,,,,,
PH_Visayas10 0,,,,,,,,,,
PH_Visayas7 0,,,,,,,,,,
SG2 0,,,,,,,,,,
TH2 0,,,,,,,,,,
TH2 1,,,,,,,,,,
TL11 0,,,,,,,,,,
VN2 0,,,,,,,,,,
VN2 1,,,,,,,,,,
VN2 2,,,,,,,,,,
