"MethodID","Sector","Carrier","Source2050","BaseSource2019","Formula","Countries","Fallback","Materiality","Status","SourceLocation"
"AEO8_BAS_ASTAR_2050","Electricity","electricity","225.0 Mtoe AEO8 BAS","Verified UNSD2019 Astar","225.0 * Astar_c2019 / sum_ASEAN10 Astar2019","ASEAN10","NO","MATERIAL","METHOD_ACCEPTED; PENDING_HUMAN_CONVENTION","Appendix C.2 printed181/PDF183"
"ASSEMBLY_V1_TL_REGIONAL_GROWTH_FALLBACK","Electricity","electricity","ASEAN10 Astar growth","Verified TL2019 Astar","TL2019 * (225.0 Mtoe in MWh / sum_ASEAN10 Astar2019)","TL","Human authorized regional-growth assumption","MATERIAL","METHOD_ACCEPTED; PENDING_HUMAN_CONVENTION","Resume section5; AEO8 C.2"
"ASSEMBLY_V1_AEO8_ROAD_PARENT_APPROX","Road","aggregate final energy","374.9 Mtoe * 0.935","2019 country road ownership","350.5315 Mtoe * road_c2019 / sum_ASEAN10 road2019","ASEAN10","Human-approved BAS approximation; not exact BAS road table","MATERIAL","PARENT_METHOD_ACCEPTED; CARRIER_AND_UNIT_CLOSURE_PENDING","AEO8 printed63-64/PDF65-66; C.3 printed182/PDF184; human Road BAS Decision"
"ROAD_EV_EMBEDDED","Road","electricity","HUMAN_REPRESENTATION_DECISION","No separate BAS road EV split","Included once in Astar; EV value unknown, not zero","ASEAN11","Explicit EV pathway deferred","Small whole-transport electricity motivates human decision; not a road share","EMBEDDED_IN_ASTAR; NOT_SEPARATELY_MATERIALISED; DEFERRED_TO_EV_SENSITIVITY","Human Road BAS Decision items3-9"
"ROAD_CARRIER_2019_CANDIDATE","Road","oil/gas/biomass/unclassified","No exclusive BAS road carrier vector recovered","2019 country road fuel observations","RoadParent_c * observed2019_carrier / totalroad_c2019; no renormalisation of missing shares","ASEAN10; TL projection pending","Candidate carrier preservation only; unknown residual UNCLASSIFIED","MATERIAL","CANDIDATE_NOT_ACCEPTED; no transport-wide shares or ATS fuel mix","energy_cache.json; original raw/calorific closure required"
"ResidentialGrowth","ResidentialFuel","non-electric carriers","AEO8 BAS sector totals","2019 fixed final-fuel core","D_c,k,2019 * (68.2/63.0); source ratio is 2022→2050, rebase to 2019 must be explicit","ASEAN11","2022 ratio applied to 2019 is a candidate rebase, not an observed 2019 ratio","MATERIAL","CANDIDATE_REBASE_AND_BASE_SOURCE_PENDING","Appendix C.3 printed182/PDF184; Agriculture includes Others"
"ServicesGrowth","ServicesFuel","non-electric carriers","AEO8 BAS sector totals","2019 fixed final-fuel core","D_c,k,2019 * (75.9/29.5); source ratio is 2022→2050, rebase to 2019 must be explicit","ASEAN11","2022 ratio applied to 2019 is a candidate rebase, not an observed 2019 ratio","MATERIAL","CANDIDATE_REBASE_AND_BASE_SOURCE_PENDING","Appendix C.3 printed182/PDF184; Agriculture includes Others"
"IndustryGrowth","IndustryFinalEnergy","non-electric carriers","AEO8 BAS sector totals","2019 fixed final-fuel core","D_c,k,2019 * (561.0/185.6); source ratio is 2022→2050, rebase to 2019 must be explicit","ASEAN11","2022 ratio applied to 2019 is a candidate rebase, not an observed 2019 ratio","MATERIAL","CANDIDATE_REBASE_AND_BASE_SOURCE_PENDING","Appendix C.3 printed182/PDF184; Agriculture includes Others"
"AgricultureOtherGrowth","AgricultureFinalEnergy","non-electric carriers","AEO8 BAS sector totals","2019 fixed final-fuel core","D_c,k,2019 * (27.8/8.8); source ratio is 2022→2050, rebase to 2019 must be explicit","ASEAN11","2022 ratio applied to 2019 is a candidate rebase, not an observed 2019 ratio","MATERIAL","CANDIDATE_REBASE_AND_BASE_SOURCE_PENDING","Appendix C.3 printed182/PDF184; Agriculture includes Others"
"AEO8_BAS_DOMESTIC_CONSTANT_CANDIDATE","DomesticShipping/DomesticAviation","oil","AEO8 BAS constant latest historical consumption","2019 domestic fuel raw/cached observations","Candidate D2050=D2019; AEO8 latest year is2022; 2019 rebase is separate modelling assumption","Countries with compatible base records","Not invoked as low-materiality Tier4","MATERIAL","METHOD_RECOVERED; REBASE_AND_BASE_ACCOUNT_CLOSURE_PENDING","2.1.1 printed46/PDF48"
"ASSEMBLY_V1_BUNKER_CONSTANT_2019","InternationalShippingBunker/InternationalAviationBunker","accepted liquid-fuel obligation","HUMAN_BASELINE_ASSUMPTION","Verified2019 bunker statistics","D_c2050 = verified D_c2019","Verified country records only; no redistribution","Explicit NEW HUMAN ASSUMPTION, not Tier4","MATERIAL_EXOGENOUS_ASSUMPTION; PHASE5_SENSITIVITY_REQUIRED=YES","2050_GROWTH_ISSUE_CLOSED; missing/omitted2019 accounts stay PENDING","Human International Bunker Decision; bunker_review.json; BUNKER_BASE_VERIFICATION.json"
"RAIL_EMBEDDED_ACCOUNTING","Rail","electricity / fuel","AEO8 BAS latest-history constant; existing frozen representation","Rail raw transaction evidence","Electricity once in Astar; fuel once in TransportEmbeddedFuelParent","ASEAN11","No rail-specific Load","UNRESOLVED_BASE_ACCOUNT","ELECTRICITY_EMBEDDED; FUEL_SOURCE_CLOSURE_PENDING","AEO8 printed46/PDF48; Phase3b2 rail contract"
"FROZEN_FOSSIL_PRICE","Supply","coal/gas/oil","Frozen pre_costs2050 v0.13.2","Not applicable","Use final processed EUR2020/MWh_th unchanged","ASEAN11 independent interfaces","No reinflation or second HHV/LHV conversion","MATERIAL","PRICE_AND_QUANTITY_BOUNDARY_ACCEPTED; thermal-basis compatibility remains documented","Resume10-11; COST_CANDIDATES_2050.json"
"LOCAL_BIOMASS_OBLIGATION_CAP","Supply","biomass","HUMAN_BASELINE_BOUNDARY","Accepted country biomass final demand","Local annual supply cap = accepted fixed biomass obligation","Accepted country obligations only","No surplus expansion resource / no regional pool","MATERIAL","BOUNDARY_ACCEPTED; numerical obligations pending","Resume12"
