"UncertaintyID","Country","Transaction","Status","Year","ParentCommodity","BioCommodity","P","B","RawUnit","ZLower","ZUpper","LowerUniqueQuantity","UpperUniqueQuantity","LowerEnergyMWh","UpperEnergyMWh","PetroleumNCVMWhPerKton","BioNCVMWhPerKton","PSourceRow","BSourceRow","PSourceFile","BSourceFile","PVersion","BVersion","CompatibleCachedVersion","VersionEvidence","InclusionSource","InclusionSourceSHA256","InclusionPages","InclusionMeaning","Formula","EnergyFormula","EnergyScope","HeatingValueSource","HeatingValueSourceSHA256","Affected2050Accounts","Approved2050Methods","Dependence","CannotDerive","Posting","SourceQualificationChanged","MidpointOrEndpointAccepted","NewQueriesExecuted"
"ID:2019:5222:121","ID","121 / Consumption by manufacturing, construction and non-fuel industry","DERIVED_ACCOUNTING_ENVELOPE_ANALYSIS_ONLY","2019","Gas Oil/ Diesel Oil","Biodiesel","4908.285","362","Metric tons,  thousand","0","362","4908.285","5270.285","57982282.9","62304562.9","11940","10220","1c2952a5f87bfcdb0eef1af6b6c774e741a99e5b72c5ced91a585d6efe9be50a:43435","5c72caaa64762e177e5e53c55b7f9fd07ee57f6a91681d600bdd6c6be174b8c2:4888","/home/jin/research/SGP_ESE5004_Stage2/pypsa-asean/data/demand/unsd/data/UNdata_Export_20250502_110559984.txt","/home/jin/research/SGP_ESE5004_Stage2/pypsa-asean/data/demand/unsd/data/UNdata_Export_20250502_110306307.txt","1c2952a5f87bfcdb0eef1af6b6c774e741a99e5b72c5ced91a585d6efe9be50a","5c72caaa64762e177e5e53c55b7f9fd07ee57f6a91681d600bdd6c6be174b8c2","54a421da8bdcb816dac2be52936ed15e52992ac9051378ddd00f863a85a29805","Separate frozen source files match the same already-cached official response at exact values/scope/units/status; download date equality not assumed","research_inputs/assembly_v1/sources/unsd_targeted/questionnaire_guidelines.pdf","cee1915572e50daa3f660f3f3bfd3eb1a61a6c931502e2e5b8c1ca2cff0bf16a","[11,16,17]","ZG/ZD is the blended subset included in MO/DL and in AL/BD totals; no assumption about its realised share","Unique=P+B-Z; 0<=Z<=min(P,B)","E(Z)=(P-Z)*h_petroleum+B*h_bio; bio total counted once, mixed parent never receives a second full-energy posting","This2019 commodity pair only, using accepted rounded frozen NCV; no heat-value uncertainty envelope or complete country/sector total","research_inputs/assembly_v1/sources/FROZEN_UPSTREAM_CONVERSIONS.json","310b42cbe1dc4f3154bc7bfd5b8582d6af7130300da145c46ed2598628680821","[""ID:2050:Industry:IndustryFinalEnergy:biomass"",""ID:2050:Industry:IndustryFinalEnergy:oil""]","[{""InputID"":""ID:2050:Industry:IndustryFinalEnergy:biomass"",""MethodID"":""ASSEMBLY_V1_ACCEPTED_GROWTH_PROXY"",""DecisionReference"":null,""GrowthNumerator"":""561.0"",""GrowthDenominator"":""185.6"",""RegistryTransformationText"":""Qualified2019 MWh * (561.0/185.6); not evaluated until source qualified"",""ApprovedRatio"":""3.022629310344827586206896552""},{""InputID"":""ID:2050:Industry:IndustryFinalEnergy:oil"",""MethodID"":""ASSEMBLY_V1_ACCEPTED_GROWTH_PROXY"",""DecisionReference"":null,""GrowthNumerator"":""561.0"",""GrowthDenominator"":""185.6"",""RegistryTransformationText"":""Qualified2019 MWh * (561.0/185.6); not evaluated until source qualified"",""ApprovedRatio"":""3.022629310344827586206896552""}]","OneZ perUncertaintyID; all linked target references refer to this same unknown, not independent errors","No compatible-pair bounds missing; realisedZ, full account totals, actual heating-value uncertainty and a production point remain undetermined","false","false","false","0"
"ID:2019:5222:1221","ID","1221 / Consumption by road","DERIVED_ACCOUNTING_ENVELOPE_ANALYSIS_ONLY","2019","Gas Oil/ Diesel Oil","Biodiesel","9328.141","4613","Metric tons,  thousand","0","4613","9328.141","13941.141","103443643.54","158522863.54","11940","10220","1c2952a5f87bfcdb0eef1af6b6c774e741a99e5b72c5ced91a585d6efe9be50a:43666","5c72caaa64762e177e5e53c55b7f9fd07ee57f6a91681d600bdd6c6be174b8c2:4914","/home/jin/research/SGP_ESE5004_Stage2/pypsa-asean/data/demand/unsd/data/UNdata_Export_20250502_110559984.txt","/home/jin/research/SGP_ESE5004_Stage2/pypsa-asean/data/demand/unsd/data/UNdata_Export_20250502_110306307.txt","1c2952a5f87bfcdb0eef1af6b6c774e741a99e5b72c5ced91a585d6efe9be50a","5c72caaa64762e177e5e53c55b7f9fd07ee57f6a91681d600bdd6c6be174b8c2","54a421da8bdcb816dac2be52936ed15e52992ac9051378ddd00f863a85a29805","Separate frozen source files match the same already-cached official response at exact values/scope/units/status; download date equality not assumed","research_inputs/assembly_v1/sources/unsd_targeted/questionnaire_guidelines.pdf","cee1915572e50daa3f660f3f3bfd3eb1a61a6c931502e2e5b8c1ca2cff0bf16a","[11,16,17]","ZG/ZD is the blended subset included in MO/DL and in AL/BD totals; no assumption about its realised share","Unique=P+B-Z; 0<=Z<=min(P,B)","E(Z)=(P-Z)*h_petroleum+B*h_bio; bio total counted once, mixed parent never receives a second full-energy posting","This2019 commodity pair only, using accepted rounded frozen NCV; no heat-value uncertainty envelope or complete country/sector total","research_inputs/assembly_v1/sources/FROZEN_UPSTREAM_CONVERSIONS.json","310b42cbe1dc4f3154bc7bfd5b8582d6af7130300da145c46ed2598628680821","[""ID:2050:Transport:RoadResidualFuel:biomass"",""ID:2050:Transport:RoadResidualFuel:oil""]","[{""InputID"":""ID:2050:Transport:RoadResidualFuel:biomass"",""MethodID"":""ASSEMBLY_V1_ROAD_NON_ELECTRIC_TRANSPORT_GROWTH_PROXY"",""DecisionReference"":null,""GrowthNumerator"":""374.9"",""GrowthDenominator"":""145.2"",""RegistryTransformationText"":""Qualified2019 road non-electric MWh * (374.9/145.2); not evaluated until source qualified"",""ApprovedRatio"":""2.581955922865013774104683196""},{""InputID"":""ID:2050:Transport:RoadResidualFuel:oil"",""MethodID"":""ASSEMBLY_V1_ROAD_NON_ELECTRIC_TRANSPORT_GROWTH_PROXY"",""DecisionReference"":null,""GrowthNumerator"":""374.9"",""GrowthDenominator"":""145.2"",""RegistryTransformationText"":""Qualified2019 road non-electric MWh * (374.9/145.2); not evaluated until source qualified"",""ApprovedRatio"":""2.581955922865013774104683196""}]","OneZ perUncertaintyID; all linked target references refer to this same unknown, not independent errors","No compatible-pair bounds missing; realisedZ, full account totals, actual heating-value uncertainty and a production point remain undetermined","false","false","false","0"
"ID:2019:5222:1235","ID","1235 / Consumption by commerce and public services","DERIVED_ACCOUNTING_ENVELOPE_ANALYSIS_ONLY","2019","Gas Oil/ Diesel Oil","Biodiesel","240.894","52","Metric tons,  thousand","0","52","240.894","292.894","2786834.36","3407714.36","11940","10220","1c2952a5f87bfcdb0eef1af6b6c774e741a99e5b72c5ced91a585d6efe9be50a:43800","5c72caaa64762e177e5e53c55b7f9fd07ee57f6a91681d600bdd6c6be174b8c2:4936","/home/jin/research/SGP_ESE5004_Stage2/pypsa-asean/data/demand/unsd/data/UNdata_Export_20250502_110559984.txt","/home/jin/research/SGP_ESE5004_Stage2/pypsa-asean/data/demand/unsd/data/UNdata_Export_20250502_110306307.txt","1c2952a5f87bfcdb0eef1af6b6c774e741a99e5b72c5ced91a585d6efe9be50a","5c72caaa64762e177e5e53c55b7f9fd07ee57f6a91681d600bdd6c6be174b8c2","54a421da8bdcb816dac2be52936ed15e52992ac9051378ddd00f863a85a29805","Separate frozen source files match the same already-cached official response at exact values/scope/units/status; download date equality not assumed","research_inputs/assembly_v1/sources/unsd_targeted/questionnaire_guidelines.pdf","cee1915572e50daa3f660f3f3bfd3eb1a61a6c931502e2e5b8c1ca2cff0bf16a","[11,16,17]","ZG/ZD is the blended subset included in MO/DL and in AL/BD totals; no assumption about its realised share","Unique=P+B-Z; 0<=Z<=min(P,B)","E(Z)=(P-Z)*h_petroleum+B*h_bio; bio total counted once, mixed parent never receives a second full-energy posting","This2019 commodity pair only, using accepted rounded frozen NCV; no heat-value uncertainty envelope or complete country/sector total","research_inputs/assembly_v1/sources/FROZEN_UPSTREAM_CONVERSIONS.json","310b42cbe1dc4f3154bc7bfd5b8582d6af7130300da145c46ed2598628680821","[""ID:2050:Buildings:ServicesFuel:biomass"",""ID:2050:Buildings:ServicesFuel:oil""]","[{""InputID"":""ID:2050:Buildings:ServicesFuel:biomass"",""MethodID"":""ASSEMBLY_V1_ACCEPTED_GROWTH_PROXY"",""DecisionReference"":null,""GrowthNumerator"":""75.9"",""GrowthDenominator"":""29.5"",""RegistryTransformationText"":""Qualified2019 MWh * (75.9/29.5); not evaluated until source qualified"",""ApprovedRatio"":""2.572881355932203389830508475""},{""InputID"":""ID:2050:Buildings:ServicesFuel:oil"",""MethodID"":""ASSEMBLY_V1_ACCEPTED_GROWTH_PROXY"",""DecisionReference"":null,""GrowthNumerator"":""75.9"",""GrowthDenominator"":""29.5"",""RegistryTransformationText"":""Qualified2019 MWh * (75.9/29.5); not evaluated until source qualified"",""ApprovedRatio"":""2.572881355932203389830508475""}]","OneZ perUncertaintyID; all linked target references refer to this same unknown, not independent errors","No compatible-pair bounds missing; realisedZ, full account totals, actual heating-value uncertainty and a production point remain undetermined","false","false","false","0"
"PH:2019:5212:1221","PH","1221 / Consumption by road","DERIVED_ACCOUNTING_ENVELOPE_ANALYSIS_ONLY","2019","Motor Gasoline","Biogasoline","4420.7","929.5","Metric tons,  thousand","0","929.5","4420.7","5350.2","49860958","61293808","12300","7444","fe8fc603bb47c3ced818a86a96a4ad4e97b3b8ceb0d6b28a66d123d5e2c4d5ba:54858","4030e2d946965aae430c9de2da1b51ae2c19b96dc5a585dc8838dc47384e16af:5789","/home/jin/research/SGP_ESE5004_Stage2/pypsa-asean/data/demand/unsd/data/UNdata_Export_20250502_110709784.txt","/home/jin/research/SGP_ESE5004_Stage2/pypsa-asean/data/demand/unsd/data/UNdata_Export_20250502_110331798.txt","fe8fc603bb47c3ced818a86a96a4ad4e97b3b8ceb0d6b28a66d123d5e2c4d5ba","4030e2d946965aae430c9de2da1b51ae2c19b96dc5a585dc8838dc47384e16af","1dcd65f63653168a957d298814be0eb2850af9e194f8f3346619f52d548a3ae4","Separate frozen source files match the same already-cached official response at exact values/scope/units/status; download date equality not assumed","research_inputs/assembly_v1/sources/unsd_targeted/questionnaire_guidelines.pdf","cee1915572e50daa3f660f3f3bfd3eb1a61a6c931502e2e5b8c1ca2cff0bf16a","[10,16]","ZG/ZD is the blended subset included in MO/DL and in AL/BD totals; no assumption about its realised share","Unique=P+B-Z; 0<=Z<=min(P,B)","E(Z)=(P-Z)*h_petroleum+B*h_bio; bio total counted once, mixed parent never receives a second full-energy posting","This2019 commodity pair only, using accepted rounded frozen NCV; no heat-value uncertainty envelope or complete country/sector total","research_inputs/assembly_v1/sources/FROZEN_UPSTREAM_CONVERSIONS.json","310b42cbe1dc4f3154bc7bfd5b8582d6af7130300da145c46ed2598628680821","[""PH:2050:Transport:RoadResidualFuel:biomass"",""PH:2050:Transport:RoadResidualFuel:oil""]","[{""InputID"":""PH:2050:Transport:RoadResidualFuel:biomass"",""MethodID"":""ASSEMBLY_V1_ROAD_NON_ELECTRIC_TRANSPORT_GROWTH_PROXY"",""DecisionReference"":null,""GrowthNumerator"":""374.9"",""GrowthDenominator"":""145.2"",""RegistryTransformationText"":""Qualified2019 road non-electric MWh * (374.9/145.2); not evaluated until source qualified"",""ApprovedRatio"":""2.581955922865013774104683196""},{""InputID"":""PH:2050:Transport:RoadResidualFuel:oil"",""MethodID"":""ASSEMBLY_V1_ROAD_NON_ELECTRIC_TRANSPORT_GROWTH_PROXY"",""DecisionReference"":null,""GrowthNumerator"":""374.9"",""GrowthDenominator"":""145.2"",""RegistryTransformationText"":""Qualified2019 road non-electric MWh * (374.9/145.2); not evaluated until source qualified"",""ApprovedRatio"":""2.581955922865013774104683196""}]","OneZ perUncertaintyID; all linked target references refer to this same unknown, not independent errors","No compatible-pair bounds missing; realisedZ, full account totals, actual heating-value uncertainty and a production point remain undetermined","false","false","false","0"
"PH:2019:5222:121","PH","121 / Consumption by manufacturing, construction and non-fuel industry","DERIVED_ACCOUNTING_ENVELOPE_ANALYSIS_ONLY","2019","Gas Oil/ Diesel Oil","Biodiesel","774.4","15.61","Metric tons,  thousand","0","15.61","774.4","790.01","9219486.8","9405870.2","11940","10220","1c2952a5f87bfcdb0eef1af6b6c774e741a99e5b72c5ced91a585d6efe9be50a:73879","5c72caaa64762e177e5e53c55b7f9fd07ee57f6a91681d600bdd6c6be174b8c2:7460","/home/jin/research/SGP_ESE5004_Stage2/pypsa-asean/data/demand/unsd/data/UNdata_Export_20250502_110559984.txt","/home/jin/research/SGP_ESE5004_Stage2/pypsa-asean/data/demand/unsd/data/UNdata_Export_20250502_110306307.txt","1c2952a5f87bfcdb0eef1af6b6c774e741a99e5b72c5ced91a585d6efe9be50a","5c72caaa64762e177e5e53c55b7f9fd07ee57f6a91681d600bdd6c6be174b8c2","1dcd65f63653168a957d298814be0eb2850af9e194f8f3346619f52d548a3ae4","Separate frozen source files match the same already-cached official response at exact values/scope/units/status; download date equality not assumed","research_inputs/assembly_v1/sources/unsd_targeted/questionnaire_guidelines.pdf","cee1915572e50daa3f660f3f3bfd3eb1a61a6c931502e2e5b8c1ca2cff0bf16a","[11,16,17]","ZG/ZD is the blended subset included in MO/DL and in AL/BD totals; no assumption about its realised share","Unique=P+B-Z; 0<=Z<=min(P,B)","E(Z)=(P-Z)*h_petroleum+B*h_bio; bio total counted once, mixed parent never receives a second full-energy posting","This2019 commodity pair only, using accepted rounded frozen NCV; no heat-value uncertainty envelope or complete country/sector total","research_inputs/assembly_v1/sources/FROZEN_UPSTREAM_CONVERSIONS.json","310b42cbe1dc4f3154bc7bfd5b8582d6af7130300da145c46ed2598628680821","[""PH:2050:Industry:IndustryFinalEnergy:biomass"",""PH:2050:Industry:IndustryFinalEnergy:oil""]","[{""InputID"":""PH:2050:Industry:IndustryFinalEnergy:biomass"",""MethodID"":""ASSEMBLY_V1_ACCEPTED_GROWTH_PROXY"",""DecisionReference"":null,""GrowthNumerator"":""561.0"",""GrowthDenominator"":""185.6"",""RegistryTransformationText"":""Qualified2019 MWh * (561.0/185.6); not evaluated until source qualified"",""ApprovedRatio"":""3.022629310344827586206896552""},{""InputID"":""PH:2050:Industry:IndustryFinalEnergy:oil"",""MethodID"":""ASSEMBLY_V1_ACCEPTED_GROWTH_PROXY"",""DecisionReference"":null,""GrowthNumerator"":""561.0"",""GrowthDenominator"":""185.6"",""RegistryTransformationText"":""Qualified2019 MWh * (561.0/185.6); not evaluated until source qualified"",""ApprovedRatio"":""3.022629310344827586206896552""}]","OneZ perUncertaintyID; all linked target references refer to this same unknown, not independent errors","No compatible-pair bounds missing; realisedZ, full account totals, actual heating-value uncertainty and a production point remain undetermined","false","false","false","0"
"PH:2019:5222:1221","PH","1221 / Consumption by road","DERIVED_ACCOUNTING_ENVELOPE_ANALYSIS_ONLY","2019","Gas Oil/ Diesel Oil","Biodiesel","6111.9","129.62","Metric tons,  thousand","0","129.62","6111.9","6241.52","72753139.6","74300802.4","11940","10220","1c2952a5f87bfcdb0eef1af6b6c774e741a99e5b72c5ced91a585d6efe9be50a:74137","5c72caaa64762e177e5e53c55b7f9fd07ee57f6a91681d600bdd6c6be174b8c2:7686","/home/jin/research/SGP_ESE5004_Stage2/pypsa-asean/data/demand/unsd/data/UNdata_Export_20250502_110559984.txt","/home/jin/research/SGP_ESE5004_Stage2/pypsa-asean/data/demand/unsd/data/UNdata_Export_20250502_110306307.txt","1c2952a5f87bfcdb0eef1af6b6c774e741a99e5b72c5ced91a585d6efe9be50a","5c72caaa64762e177e5e53c55b7f9fd07ee57f6a91681d600bdd6c6be174b8c2","1dcd65f63653168a957d298814be0eb2850af9e194f8f3346619f52d548a3ae4","Separate frozen source files match the same already-cached official response at exact values/scope/units/status; download date equality not assumed","research_inputs/assembly_v1/sources/unsd_targeted/questionnaire_guidelines.pdf","cee1915572e50daa3f660f3f3bfd3eb1a61a6c931502e2e5b8c1ca2cff0bf16a","[11,16,17]","ZG/ZD is the blended subset included in MO/DL and in AL/BD totals; no assumption about its realised share","Unique=P+B-Z; 0<=Z<=min(P,B)","E(Z)=(P-Z)*h_petroleum+B*h_bio; bio total counted once, mixed parent never receives a second full-energy posting","This2019 commodity pair only, using accepted rounded frozen NCV; no heat-value uncertainty envelope or complete country/sector total","research_inputs/assembly_v1/sources/FROZEN_UPSTREAM_CONVERSIONS.json","310b42cbe1dc4f3154bc7bfd5b8582d6af7130300da145c46ed2598628680821","[""PH:2050:Transport:RoadResidualFuel:biomass"",""PH:2050:Transport:RoadResidualFuel:oil""]","[{""InputID"":""PH:2050:Transport:RoadResidualFuel:biomass"",""MethodID"":""ASSEMBLY_V1_ROAD_NON_ELECTRIC_TRANSPORT_GROWTH_PROXY"",""DecisionReference"":null,""GrowthNumerator"":""374.9"",""GrowthDenominator"":""145.2"",""RegistryTransformationText"":""Qualified2019 road non-electric MWh * (374.9/145.2); not evaluated until source qualified"",""ApprovedRatio"":""2.581955922865013774104683196""},{""InputID"":""PH:2050:Transport:RoadResidualFuel:oil"",""MethodID"":""ASSEMBLY_V1_ROAD_NON_ELECTRIC_TRANSPORT_GROWTH_PROXY"",""DecisionReference"":null,""GrowthNumerator"":""374.9"",""GrowthDenominator"":""145.2"",""RegistryTransformationText"":""Qualified2019 road non-electric MWh * (374.9/145.2); not evaluated until source qualified"",""ApprovedRatio"":""2.581955922865013774104683196""}]","OneZ perUncertaintyID; all linked target references refer to this same unknown, not independent errors","No compatible-pair bounds missing; realisedZ, full account totals, actual heating-value uncertainty and a production point remain undetermined","false","false","false","0"
"PH:2019:5222:1222","PH","1222 / Consumption by rail","DERIVED_ACCOUNTING_ENVELOPE_ANALYSIS_ONLY","2019","Gas Oil/ Diesel Oil","Biodiesel","1.6","0.03","Metric tons,  thousand","0","0.03","1.6","1.63","19052.4","19410.6","11940","10220","1c2952a5f87bfcdb0eef1af6b6c774e741a99e5b72c5ced91a585d6efe9be50a:74160","5c72caaa64762e177e5e53c55b7f9fd07ee57f6a91681d600bdd6c6be174b8c2:7705","/home/jin/research/SGP_ESE5004_Stage2/pypsa-asean/data/demand/unsd/data/UNdata_Export_20250502_110559984.txt","/home/jin/research/SGP_ESE5004_Stage2/pypsa-asean/data/demand/unsd/data/UNdata_Export_20250502_110306307.txt","1c2952a5f87bfcdb0eef1af6b6c774e741a99e5b72c5ced91a585d6efe9be50a","5c72caaa64762e177e5e53c55b7f9fd07ee57f6a91681d600bdd6c6be174b8c2","1dcd65f63653168a957d298814be0eb2850af9e194f8f3346619f52d548a3ae4","Separate frozen source files match the same already-cached official response at exact values/scope/units/status; download date equality not assumed","research_inputs/assembly_v1/sources/unsd_targeted/questionnaire_guidelines.pdf","cee1915572e50daa3f660f3f3bfd3eb1a61a6c931502e2e5b8c1ca2cff0bf16a","[11,16,17]","ZG/ZD is the blended subset included in MO/DL and in AL/BD totals; no assumption about its realised share","Unique=P+B-Z; 0<=Z<=min(P,B)","E(Z)=(P-Z)*h_petroleum+B*h_bio; bio total counted once, mixed parent never receives a second full-energy posting","This2019 commodity pair only, using accepted rounded frozen NCV; no heat-value uncertainty envelope or complete country/sector total","research_inputs/assembly_v1/sources/FROZEN_UPSTREAM_CONVERSIONS.json","310b42cbe1dc4f3154bc7bfd5b8582d6af7130300da145c46ed2598628680821","[""PH:2050:Transport:RailNonElectric:biomass"",""PH:2050:Transport:RailNonElectric:oil""]","[{""InputID"":""PH:2050:Transport:RailNonElectric:biomass"",""MethodID"":""ASSEMBLY_V1_RAIL_CONSTANT_2019"",""DecisionReference"":""GATE4-20261005-CONSOLIDATED-BASELINE-CHOICES#D"",""GrowthNumerator"":null,""GrowthDenominator"":null,""RegistryTransformationText"":""Qualified2019 MWh * 2.581955922865013774104683196"",""ApprovedRatio"":""1"",""AuthoritativeSource"":""sources/GATE4_CONSOLIDATED_BASELINE_DECISIONS.json"",""RegistryTextConflict"":""Old transport-growth Transformation/Candidate fields remain in this PENDING account; not used by this analysis or production; approved method is constant2019""},{""InputID"":""PH:2050:Transport:RailNonElectric:oil"",""MethodID"":""ASSEMBLY_V1_RAIL_CONSTANT_2019"",""DecisionReference"":""GATE4-20261005-CONSOLIDATED-BASELINE-CHOICES#D"",""GrowthNumerator"":null,""GrowthDenominator"":null,""RegistryTransformationText"":""Qualified2019 MWh * 2.581955922865013774104683196"",""ApprovedRatio"":""1"",""AuthoritativeSource"":""sources/GATE4_CONSOLIDATED_BASELINE_DECISIONS.json"",""RegistryTextConflict"":""Old transport-growth Transformation/Candidate fields remain in this PENDING account; not used by this analysis or production; approved method is constant2019""}]","OneZ perUncertaintyID; all linked target references refer to this same unknown, not independent errors","No compatible-pair bounds missing; realisedZ, full account totals, actual heating-value uncertainty and a production point remain undetermined","false","false","false","0"
"PH:2019:5222:1232","PH","1232 / Consumption by agriculture, forestry and fishing","DERIVED_ACCOUNTING_ENVELOPE_ANALYSIS_ONLY","2019","Gas Oil/ Diesel Oil","Biodiesel","223.4","4.51","Metric tons,  thousand","0","4.51","223.4","227.91","2659638.8","2713488.2","11940","10220","1c2952a5f87bfcdb0eef1af6b6c774e741a99e5b72c5ced91a585d6efe9be50a:74231","5c72caaa64762e177e5e53c55b7f9fd07ee57f6a91681d600bdd6c6be174b8c2:7749","/home/jin/research/SGP_ESE5004_Stage2/pypsa-asean/data/demand/unsd/data/UNdata_Export_20250502_110559984.txt","/home/jin/research/SGP_ESE5004_Stage2/pypsa-asean/data/demand/unsd/data/UNdata_Export_20250502_110306307.txt","1c2952a5f87bfcdb0eef1af6b6c774e741a99e5b72c5ced91a585d6efe9be50a","5c72caaa64762e177e5e53c55b7f9fd07ee57f6a91681d600bdd6c6be174b8c2","1dcd65f63653168a957d298814be0eb2850af9e194f8f3346619f52d548a3ae4","Separate frozen source files match the same already-cached official response at exact values/scope/units/status; download date equality not assumed","research_inputs/assembly_v1/sources/unsd_targeted/questionnaire_guidelines.pdf","cee1915572e50daa3f660f3f3bfd3eb1a61a6c931502e2e5b8c1ca2cff0bf16a","[11,16,17]","ZG/ZD is the blended subset included in MO/DL and in AL/BD totals; no assumption about its realised share","Unique=P+B-Z; 0<=Z<=min(P,B)","E(Z)=(P-Z)*h_petroleum+B*h_bio; bio total counted once, mixed parent never receives a second full-energy posting","This2019 commodity pair only, using accepted rounded frozen NCV; no heat-value uncertainty envelope or complete country/sector total","research_inputs/assembly_v1/sources/FROZEN_UPSTREAM_CONVERSIONS.json","310b42cbe1dc4f3154bc7bfd5b8582d6af7130300da145c46ed2598628680821","[""PH:2050:Agriculture:AgricultureFinalEnergy:biomass"",""PH:2050:Agriculture:AgricultureFinalEnergy:oil""]","[{""InputID"":""PH:2050:Agriculture:AgricultureFinalEnergy:biomass"",""MethodID"":""ASSEMBLY_V1_ACCEPTED_GROWTH_PROXY"",""DecisionReference"":null,""GrowthNumerator"":""27.8"",""GrowthDenominator"":""8.8"",""RegistryTransformationText"":""Qualified2019 MWh * (27.8/8.8); not evaluated until source qualified"",""ApprovedRatio"":""3.159090909090909090909090909""},{""InputID"":""PH:2050:Agriculture:AgricultureFinalEnergy:oil"",""MethodID"":""ASSEMBLY_V1_ACCEPTED_GROWTH_PROXY"",""DecisionReference"":null,""GrowthNumerator"":""27.8"",""GrowthDenominator"":""8.8"",""RegistryTransformationText"":""Qualified2019 MWh * (27.8/8.8); not evaluated until source qualified"",""ApprovedRatio"":""3.159090909090909090909090909""}]","OneZ perUncertaintyID; all linked target references refer to this same unknown, not independent errors","No compatible-pair bounds missing; realisedZ, full account totals, actual heating-value uncertainty and a production point remain undetermined","false","false","false","0"
"PH:2019:5222:1235","PH","1235 / Consumption by commerce and public services","DERIVED_ACCOUNTING_ENVELOPE_ANALYSIS_ONLY","2019","Gas Oil/ Diesel Oil","Biodiesel","1752.2","35.34","Metric tons,  thousand","0","35.34","1752.2","1787.54","20860483.2","21282442.8","11940","10220","1c2952a5f87bfcdb0eef1af6b6c774e741a99e5b72c5ced91a585d6efe9be50a:74262","5c72caaa64762e177e5e53c55b7f9fd07ee57f6a91681d600bdd6c6be174b8c2:7768","/home/jin/research/SGP_ESE5004_Stage2/pypsa-asean/data/demand/unsd/data/UNdata_Export_20250502_110559984.txt","/home/jin/research/SGP_ESE5004_Stage2/pypsa-asean/data/demand/unsd/data/UNdata_Export_20250502_110306307.txt","1c2952a5f87bfcdb0eef1af6b6c774e741a99e5b72c5ced91a585d6efe9be50a","5c72caaa64762e177e5e53c55b7f9fd07ee57f6a91681d600bdd6c6be174b8c2","1dcd65f63653168a957d298814be0eb2850af9e194f8f3346619f52d548a3ae4","Separate frozen source files match the same already-cached official response at exact values/scope/units/status; download date equality not assumed","research_inputs/assembly_v1/sources/unsd_targeted/questionnaire_guidelines.pdf","cee1915572e50daa3f660f3f3bfd3eb1a61a6c931502e2e5b8c1ca2cff0bf16a","[11,16,17]","ZG/ZD is the blended subset included in MO/DL and in AL/BD totals; no assumption about its realised share","Unique=P+B-Z; 0<=Z<=min(P,B)","E(Z)=(P-Z)*h_petroleum+B*h_bio; bio total counted once, mixed parent never receives a second full-energy posting","This2019 commodity pair only, using accepted rounded frozen NCV; no heat-value uncertainty envelope or complete country/sector total","research_inputs/assembly_v1/sources/FROZEN_UPSTREAM_CONVERSIONS.json","310b42cbe1dc4f3154bc7bfd5b8582d6af7130300da145c46ed2598628680821","[""PH:2050:Buildings:ServicesFuel:biomass"",""PH:2050:Buildings:ServicesFuel:oil""]","[{""InputID"":""PH:2050:Buildings:ServicesFuel:biomass"",""MethodID"":""ASSEMBLY_V1_ACCEPTED_GROWTH_PROXY"",""DecisionReference"":null,""GrowthNumerator"":""75.9"",""GrowthDenominator"":""29.5"",""RegistryTransformationText"":""Qualified2019 MWh * (75.9/29.5); not evaluated until source qualified"",""ApprovedRatio"":""2.572881355932203389830508475""},{""InputID"":""PH:2050:Buildings:ServicesFuel:oil"",""MethodID"":""ASSEMBLY_V1_ACCEPTED_GROWTH_PROXY"",""DecisionReference"":null,""GrowthNumerator"":""75.9"",""GrowthDenominator"":""29.5"",""RegistryTransformationText"":""Qualified2019 MWh * (75.9/29.5); not evaluated until source qualified"",""ApprovedRatio"":""2.572881355932203389830508475""}]","OneZ perUncertaintyID; all linked target references refer to this same unknown, not independent errors","No compatible-pair bounds missing; realisedZ, full account totals, actual heating-value uncertainty and a production point remain undetermined","false","false","false","0"
"VN:2019:5212:1221","VN","1221 / Consumption by road","DERIVED_ACCOUNTING_ENVELOPE_ANALYSIS_ONLY","2019","Motor Gasoline","Biogasoline","6341","122","Metric tons,  thousand","0","122","6341","6463","77401868","78902468","12300","7444","fe8fc603bb47c3ced818a86a96a4ad4e97b3b8ceb0d6b28a66d123d5e2c4d5ba:76048","4030e2d946965aae430c9de2da1b51ae2c19b96dc5a585dc8838dc47384e16af:8099","/home/jin/research/SGP_ESE5004_Stage2/pypsa-asean/data/demand/unsd/data/UNdata_Export_20250502_110709784.txt","/home/jin/research/SGP_ESE5004_Stage2/pypsa-asean/data/demand/unsd/data/UNdata_Export_20250502_110331798.txt","fe8fc603bb47c3ced818a86a96a4ad4e97b3b8ceb0d6b28a66d123d5e2c4d5ba","4030e2d946965aae430c9de2da1b51ae2c19b96dc5a585dc8838dc47384e16af","163508034cf4a71b32da2209bf21a038c5349b0b45770f71564f3fcd6810aee8","Separate frozen source files match the same already-cached official response at exact values/scope/units/status; download date equality not assumed","research_inputs/assembly_v1/sources/unsd_targeted/questionnaire_guidelines.pdf","cee1915572e50daa3f660f3f3bfd3eb1a61a6c931502e2e5b8c1ca2cff0bf16a","[10,16]","ZG/ZD is the blended subset included in MO/DL and in AL/BD totals; no assumption about its realised share","Unique=P+B-Z; 0<=Z<=min(P,B)","E(Z)=(P-Z)*h_petroleum+B*h_bio; bio total counted once, mixed parent never receives a second full-energy posting","This2019 commodity pair only, using accepted rounded frozen NCV; no heat-value uncertainty envelope or complete country/sector total","research_inputs/assembly_v1/sources/FROZEN_UPSTREAM_CONVERSIONS.json","310b42cbe1dc4f3154bc7bfd5b8582d6af7130300da145c46ed2598628680821","[""VN:2050:Transport:RoadResidualFuel:biomass"",""VN:2050:Transport:RoadResidualFuel:oil""]","[{""InputID"":""VN:2050:Transport:RoadResidualFuel:biomass"",""MethodID"":""ASSEMBLY_V1_ROAD_NON_ELECTRIC_TRANSPORT_GROWTH_PROXY"",""DecisionReference"":null,""GrowthNumerator"":""374.9"",""GrowthDenominator"":""145.2"",""RegistryTransformationText"":""Qualified2019 road non-electric MWh * (374.9/145.2); not evaluated until source qualified"",""ApprovedRatio"":""2.581955922865013774104683196""},{""InputID"":""VN:2050:Transport:RoadResidualFuel:oil"",""MethodID"":""ASSEMBLY_V1_ROAD_NON_ELECTRIC_TRANSPORT_GROWTH_PROXY"",""DecisionReference"":null,""GrowthNumerator"":""374.9"",""GrowthDenominator"":""145.2"",""RegistryTransformationText"":""Qualified2019 road non-electric MWh * (374.9/145.2); not evaluated until source qualified"",""ApprovedRatio"":""2.581955922865013774104683196""}]","OneZ perUncertaintyID; all linked target references refer to this same unknown, not independent errors","No compatible-pair bounds missing; realisedZ, full account totals, actual heating-value uncertainty and a production point remain undetermined","false","false","false","0"
