"UncertaintyID","VariantRole","Country","TransactionCode","P","B","Z","UniqueQuantity","FossilMWh","BioMWh","UniqueEnergyMWh","Affected2050Accounts","AffectedTargets","BSourceRow","BVersion","BioCommodity","BioNCVMWhPerKton","CompatibleCachedVersion","DecisionReference","Formula","FossilRemainder","MethodID","PSourceRow","PVersion","PetroleumNCVMWhPerKton","Proof","RawUnit","RegistrySHA256","SourceEvidenceFile","SourceEvidenceSHA256","SourceReportedZ","ZIsHumanParameterNotReported"
"ID:2019:5222:121","BASELINE","ID","121","4908.285","362","362","4908.285","54282642.90000000","3699640.00000","57982282.90000000","[""ID:2050:Industry:IndustryFinalEnergy:biomass"",""ID:2050:Industry:IndustryFinalEnergy:oil""]","[{""InputID"":""ID:2050:Industry:IndustryFinalEnergy:biomass"",""BaseAccountID"":""ID:2019:IndustryFinalEnergy:biomass"",""BaseMWh"":""185502047.63000000"",""Value"":""560703926.2954202586206896551724137931034"",""GrowthNumerator"":""561.0"",""GrowthDenominator"":""185.6"",""TargetMethodID"":""ASSEMBLY_V1_ACCEPTED_GROWTH_PROXY"",""BlendMethodID"":""ASSEMBLY_V1_BLEND_MAXIMUM_OVERLAP_BASELINE"",""SourceRows"":[""9c32689fcf967b5d25086511b32fcfbfb4894f2b860deff953d781f92d749211:9847"",""5c72caaa64762e177e5e53c55b7f9fd07ee57f6a91681d600bdd6c6be174b8c2:4888"",""da54b258ffb4927f30834c01f4e9aff7c267dd70c5ef5760292dd21ef5802345:17044"",""26a364db4d763d9d5a69eff04aa717af5db5d2736c5c1f4e47223a12eae7db66:33471""],""UncertaintyIDs"":[""ID:2019:5222:121""],""SourceReportedOverlap"":false},{""InputID"":""ID:2050:Industry:IndustryFinalEnergy:oil"",""BaseAccountID"":""ID:2019:IndustryFinalEnergy:oil"",""BaseMWh"":""90889172.338000000"",""Value"":""274724276.3018211206896551724137931034483"",""GrowthNumerator"":""561.0"",""GrowthDenominator"":""185.6"",""TargetMethodID"":""ASSEMBLY_V1_ACCEPTED_GROWTH_PROXY"",""BlendMethodID"":""ASSEMBLY_V1_BLEND_MAXIMUM_OVERLAP_BASELINE"",""SourceRows"":[""b5ec374fcb60a4567468b3279fe6fa584ed0506d32f42a80e0760becce6c5cdb:43136"",""1c2952a5f87bfcdb0eef1af6b6c774e741a99e5b72c5ced91a585d6efe9be50a:43435"",""a45d82a3cffd1fcbca3d6702b88e511d913e833c1f4e9e3fa75dd5c1750eea9a:21309"",""b02371f39dec320e227fd3223fcf8ad545595b5b53b48d2834bf9a838191076e:39310"",""fe8fc603bb47c3ced818a86a96a4ad4e97b3b8ceb0d6b28a66d123d5e2c4d5ba:32205"",""b635acfa2728521abb05c3175cba6e1834327b8a909d346e14a399df673f946d:11216""],""UncertaintyIDs"":[""ID:2019:5222:121""],""SourceReportedOverlap"":false}]","5c72caaa64762e177e5e53c55b7f9fd07ee57f6a91681d600bdd6c6be174b8c2:4888","5c72caaa64762e177e5e53c55b7f9fd07ee57f6a91681d600bdd6c6be174b8c2","Biodiesel","10220.00000","54a421da8bdcb816dac2be52936ed15e52992ac9051378ddd00f863a85a29805","GATE4-20261006-FINAL-CLOSURE#A","Fossil = (P-Z)*petroleum_NCV; Bio = B*bio_NCV","4546.285","ASSEMBLY_V1_BLEND_MAXIMUM_OVERLAP_BASELINE","1c2952a5f87bfcdb0eef1af6b6c774e741a99e5b72c5ced91a585d6efe9be50a:43435","1c2952a5f87bfcdb0eef1af6b6c774e741a99e5b72c5ced91a585d6efe9be50a","11940.00000","{""Memo"":""ZD"",""InclusionVerified"":true,""VersionReconciled"":true,""DefinitionSource"":""research_inputs/assembly_v1/sources/unsd_targeted/questionnaire_guidelines.pdf"",""DefinitionSHA256"":""cee1915572e50daa3f660f3f3bfd3eb1a61a6c931502e2e5b8c1ca2cff0bf16a"",""DefinitionPages"":[11,16,17],""DefinitionMeaning"":""ZG/ZD is the blended subset included in MO/DL and in AL/BD totals; no assumption about its realised share"",""DSDSHA256"":""c2235063d0f4b2252e1834f959f0b3bbb0a6b6ed3c5358f8bb8d6603507ecb99"",""OfficialMemoName"":""Of which: biodiesel"",""SameResponseSHA256"":""54a421da8bdcb816dac2be52936ed15e52992ac9051378ddd00f863a85a29805"",""SameResponseRows"":[{""FREQ"":""A"",""REF_AREA"":""360"",""COMMODITY"":""4670"",""TRANSACTION"":""121"",""UNIT_MEASURE"":""TN"",""Year"":""2019"",""Quantity"":""4908.285"",""UNIT_MULT"":""3"",""OBS_STATUS"":""A"",""CONVERSION_FACTOR"":""43.0000000""},{""FREQ"":""A"",""REF_AREA"":""360"",""COMMODITY"":""5220"",""TRANSACTION"":""121"",""UNIT_MEASURE"":""TN"",""Year"":""2019"",""Quantity"":""362"",""UNIT_MULT"":""3"",""OBS_STATUS"":""A"",""CONVERSION_FACTOR"":""36.8000000""}],""OldParentAndBioMatchedIndividually"":true,""RevisionRule"":""Separate frozen source files match the same already-cached official response at exact values/scope/units/status; download date equality not assumed""}","Metric tons,  thousand","2e5963b7e8a89cbd6369258ead0ce4e7d807f90d0a38b40013b91ed91fbfc518","research_inputs/assembly_v1/sources/FINAL_ACCEPTED_BLEND_ENVELOPES.json","2735d2df6e21f6f6ef0248e4d25001c370d52720c40674adea4ccf66f17e903b","null","true"
"ID:2019:5222:1221","BASELINE","ID","1221","9328.141","4613","4613","9328.141","56298783.54000000","47144860.00000","103443643.54000000","[""ID:2050:Transport:RoadResidualFuel:biomass"",""ID:2050:Transport:RoadResidualFuel:oil""]","[{""InputID"":""ID:2050:Transport:RoadResidualFuel:biomass"",""BaseAccountID"":""ID:2019:RoadResidualFuel:biomass"",""BaseMWh"":""47144860.00000"",""Value"":""121725950.5096418732782369146005509641873"",""GrowthNumerator"":""374.9"",""GrowthDenominator"":""145.2"",""TargetMethodID"":""ASSEMBLY_V1_ROAD_NON_ELECTRIC_TRANSPORT_GROWTH_PROXY"",""BlendMethodID"":""ASSEMBLY_V1_BLEND_MAXIMUM_OVERLAP_BASELINE"",""SourceRows"":[""5c72caaa64762e177e5e53c55b7f9fd07ee57f6a91681d600bdd6c6be174b8c2:4914""],""UncertaintyIDs"":[""ID:2019:5222:1221""],""SourceReportedOverlap"":false},{""InputID"":""ID:2050:Transport:RoadResidualFuel:oil"",""BaseAccountID"":""ID:2019:RoadResidualFuel:oil"",""BaseMWh"":""152650956.54000000"",""Value"":""394138041.3694628099173553719008264462810"",""GrowthNumerator"":""374.9"",""GrowthDenominator"":""145.2"",""TargetMethodID"":""ASSEMBLY_V1_ROAD_NON_ELECTRIC_TRANSPORT_GROWTH_PROXY"",""BlendMethodID"":""ASSEMBLY_V1_BLEND_MAXIMUM_OVERLAP_BASELINE"",""SourceRows"":[""1c2952a5f87bfcdb0eef1af6b6c774e741a99e5b72c5ced91a585d6efe9be50a:43666"",""fe8fc603bb47c3ced818a86a96a4ad4e97b3b8ceb0d6b28a66d123d5e2c4d5ba:32359""],""UncertaintyIDs"":[""ID:2019:5222:1221""],""SourceReportedOverlap"":false}]","5c72caaa64762e177e5e53c55b7f9fd07ee57f6a91681d600bdd6c6be174b8c2:4914","5c72caaa64762e177e5e53c55b7f9fd07ee57f6a91681d600bdd6c6be174b8c2","Biodiesel","10220.00000","54a421da8bdcb816dac2be52936ed15e52992ac9051378ddd00f863a85a29805","GATE4-20261006-FINAL-CLOSURE#A","Fossil = (P-Z)*petroleum_NCV; Bio = B*bio_NCV","4715.141","ASSEMBLY_V1_BLEND_MAXIMUM_OVERLAP_BASELINE","1c2952a5f87bfcdb0eef1af6b6c774e741a99e5b72c5ced91a585d6efe9be50a:43666","1c2952a5f87bfcdb0eef1af6b6c774e741a99e5b72c5ced91a585d6efe9be50a","11940.00000","{""Memo"":""ZD"",""InclusionVerified"":true,""VersionReconciled"":true,""DefinitionSource"":""research_inputs/assembly_v1/sources/unsd_targeted/questionnaire_guidelines.pdf"",""DefinitionSHA256"":""cee1915572e50daa3f660f3f3bfd3eb1a61a6c931502e2e5b8c1ca2cff0bf16a"",""DefinitionPages"":[11,16,17],""DefinitionMeaning"":""ZG/ZD is the blended subset included in MO/DL and in AL/BD totals; no assumption about its realised share"",""DSDSHA256"":""c2235063d0f4b2252e1834f959f0b3bbb0a6b6ed3c5358f8bb8d6603507ecb99"",""OfficialMemoName"":""Of which: biodiesel"",""SameResponseSHA256"":""54a421da8bdcb816dac2be52936ed15e52992ac9051378ddd00f863a85a29805"",""SameResponseRows"":[{""FREQ"":""A"",""REF_AREA"":""360"",""COMMODITY"":""4670"",""TRANSACTION"":""1221"",""UNIT_MEASURE"":""TN"",""Year"":""2019"",""Quantity"":""9328.141"",""UNIT_MULT"":""3"",""OBS_STATUS"":""A"",""CONVERSION_FACTOR"":""43.0000000""},{""FREQ"":""A"",""REF_AREA"":""360"",""COMMODITY"":""5220"",""TRANSACTION"":""1221"",""UNIT_MEASURE"":""TN"",""Year"":""2019"",""Quantity"":""4613"",""UNIT_MULT"":""3"",""OBS_STATUS"":""A"",""CONVERSION_FACTOR"":""36.8000000""}],""OldParentAndBioMatchedIndividually"":true,""RevisionRule"":""Separate frozen source files match the same already-cached official response at exact values/scope/units/status; download date equality not assumed""}","Metric tons,  thousand","2e5963b7e8a89cbd6369258ead0ce4e7d807f90d0a38b40013b91ed91fbfc518","research_inputs/assembly_v1/sources/FINAL_ACCEPTED_BLEND_ENVELOPES.json","2735d2df6e21f6f6ef0248e4d25001c370d52720c40674adea4ccf66f17e903b","null","true"
"ID:2019:5222:1235","BASELINE","ID","1235","240.894","52","52","240.894","2255394.36000000","531440.00000","2786834.36000000","[""ID:2050:Buildings:ServicesFuel:biomass"",""ID:2050:Buildings:ServicesFuel:oil""]","[{""InputID"":""ID:2050:Buildings:ServicesFuel:biomass"",""BaseAccountID"":""ID:2019:ServicesFuel:biomass"",""BaseMWh"":""12022010.00000"",""Value"":""30931205.38983050847457627118644067796610"",""GrowthNumerator"":""75.9"",""GrowthDenominator"":""29.5"",""TargetMethodID"":""ASSEMBLY_V1_ACCEPTED_GROWTH_PROXY"",""BlendMethodID"":""ASSEMBLY_V1_BLEND_MAXIMUM_OVERLAP_BASELINE"",""SourceRows"":[""5c72caaa64762e177e5e53c55b7f9fd07ee57f6a91681d600bdd6c6be174b8c2:4936"",""da54b258ffb4927f30834c01f4e9aff7c267dd70c5ef5760292dd21ef5802345:17157""],""UncertaintyIDs"":[""ID:2019:5222:1235""],""SourceReportedOverlap"":false},{""InputID"":""ID:2050:Buildings:ServicesFuel:oil"",""BaseAccountID"":""ID:2019:ServicesFuel:oil"",""BaseMWh"":""11218324.89000000"",""Value"":""28863418.95427118644067796610169491525424"",""GrowthNumerator"":""75.9"",""GrowthDenominator"":""29.5"",""TargetMethodID"":""ASSEMBLY_V1_ACCEPTED_GROWTH_PROXY"",""BlendMethodID"":""ASSEMBLY_V1_BLEND_MAXIMUM_OVERLAP_BASELINE"",""SourceRows"":[""1c2952a5f87bfcdb0eef1af6b6c774e741a99e5b72c5ced91a585d6efe9be50a:43800"",""b02371f39dec320e227fd3223fcf8ad545595b5b53b48d2834bf9a838191076e:39539"",""fe8fc603bb47c3ced818a86a96a4ad4e97b3b8ceb0d6b28a66d123d5e2c4d5ba:32446""],""UncertaintyIDs"":[""ID:2019:5222:1235""],""SourceReportedOverlap"":false}]","5c72caaa64762e177e5e53c55b7f9fd07ee57f6a91681d600bdd6c6be174b8c2:4936","5c72caaa64762e177e5e53c55b7f9fd07ee57f6a91681d600bdd6c6be174b8c2","Biodiesel","10220.00000","54a421da8bdcb816dac2be52936ed15e52992ac9051378ddd00f863a85a29805","GATE4-20261006-FINAL-CLOSURE#A","Fossil = (P-Z)*petroleum_NCV; Bio = B*bio_NCV","188.894","ASSEMBLY_V1_BLEND_MAXIMUM_OVERLAP_BASELINE","1c2952a5f87bfcdb0eef1af6b6c774e741a99e5b72c5ced91a585d6efe9be50a:43800","1c2952a5f87bfcdb0eef1af6b6c774e741a99e5b72c5ced91a585d6efe9be50a","11940.00000","{""Memo"":""ZD"",""InclusionVerified"":true,""VersionReconciled"":true,""DefinitionSource"":""research_inputs/assembly_v1/sources/unsd_targeted/questionnaire_guidelines.pdf"",""DefinitionSHA256"":""cee1915572e50daa3f660f3f3bfd3eb1a61a6c931502e2e5b8c1ca2cff0bf16a"",""DefinitionPages"":[11,16,17],""DefinitionMeaning"":""ZG/ZD is the blended subset included in MO/DL and in AL/BD totals; no assumption about its realised share"",""DSDSHA256"":""c2235063d0f4b2252e1834f959f0b3bbb0a6b6ed3c5358f8bb8d6603507ecb99"",""OfficialMemoName"":""Of which: biodiesel"",""SameResponseSHA256"":""54a421da8bdcb816dac2be52936ed15e52992ac9051378ddd00f863a85a29805"",""SameResponseRows"":[{""FREQ"":""A"",""REF_AREA"":""360"",""COMMODITY"":""4670"",""TRANSACTION"":""1235"",""UNIT_MEASURE"":""TN"",""Year"":""2019"",""Quantity"":""240.894"",""UNIT_MULT"":""3"",""OBS_STATUS"":""A"",""CONVERSION_FACTOR"":""43.0000000""},{""FREQ"":""A"",""REF_AREA"":""360"",""COMMODITY"":""5220"",""TRANSACTION"":""1235"",""UNIT_MEASURE"":""TN"",""Year"":""2019"",""Quantity"":""52"",""UNIT_MULT"":""3"",""OBS_STATUS"":""A"",""CONVERSION_FACTOR"":""36.8000000""}],""OldParentAndBioMatchedIndividually"":true,""RevisionRule"":""Separate frozen source files match the same already-cached official response at exact values/scope/units/status; download date equality not assumed""}","Metric tons,  thousand","2e5963b7e8a89cbd6369258ead0ce4e7d807f90d0a38b40013b91ed91fbfc518","research_inputs/assembly_v1/sources/FINAL_ACCEPTED_BLEND_ENVELOPES.json","2735d2df6e21f6f6ef0248e4d25001c370d52720c40674adea4ccf66f17e903b","null","true"
"PH:2019:5212:1221","BASELINE","PH","1221","4420.7","929.5","929.5","4420.7","42941760.00000","6919198.0000000","49860958.0000000","[""PH:2050:Transport:RoadResidualFuel:biomass"",""PH:2050:Transport:RoadResidualFuel:oil""]","[{""InputID"":""PH:2050:Transport:RoadResidualFuel:biomass"",""BaseAccountID"":""PH:2019:RoadResidualFuel:biomass"",""BaseMWh"":""8243914.4000000"",""Value"":""21285423.61267217630853994490358126721763"",""GrowthNumerator"":""374.9"",""GrowthDenominator"":""145.2"",""TargetMethodID"":""ASSEMBLY_V1_ROAD_NON_ELECTRIC_TRANSPORT_GROWTH_PROXY"",""BlendMethodID"":""ASSEMBLY_V1_BLEND_MAXIMUM_OVERLAP_BASELINE"",""SourceRows"":[""5c72caaa64762e177e5e53c55b7f9fd07ee57f6a91681d600bdd6c6be174b8c2:7686"",""4030e2d946965aae430c9de2da1b51ae2c19b96dc5a585dc8838dc47384e16af:5789""],""UncertaintyIDs"":[""PH:2019:5212:1221"",""PH:2019:5222:1221""],""SourceReportedOverlap"":false},{""InputID"":""PH:2050:Transport:RoadResidualFuel:oil"",""BaseAccountID"":""PH:2019:RoadResidualFuel:oil"",""BaseMWh"":""114477849.2000000"",""Value"":""295576760.7787878787878787878787878787879"",""GrowthNumerator"":""374.9"",""GrowthDenominator"":""145.2"",""TargetMethodID"":""ASSEMBLY_V1_ROAD_NON_ELECTRIC_TRANSPORT_GROWTH_PROXY"",""BlendMethodID"":""ASSEMBLY_V1_BLEND_MAXIMUM_OVERLAP_BASELINE"",""SourceRows"":[""1c2952a5f87bfcdb0eef1af6b6c774e741a99e5b72c5ced91a585d6efe9be50a:74137"",""b02371f39dec320e227fd3223fcf8ad545595b5b53b48d2834bf9a838191076e:67476"",""fe8fc603bb47c3ced818a86a96a4ad4e97b3b8ceb0d6b28a66d123d5e2c4d5ba:54858""],""UncertaintyIDs"":[""PH:2019:5212:1221"",""PH:2019:5222:1221""],""SourceReportedOverlap"":false}]","4030e2d946965aae430c9de2da1b51ae2c19b96dc5a585dc8838dc47384e16af:5789","4030e2d946965aae430c9de2da1b51ae2c19b96dc5a585dc8838dc47384e16af","Biogasoline","7444.000000","1dcd65f63653168a957d298814be0eb2850af9e194f8f3346619f52d548a3ae4","GATE4-20261006-FINAL-CLOSURE#A","Fossil = (P-Z)*petroleum_NCV; Bio = B*bio_NCV","3491.2","ASSEMBLY_V1_BLEND_MAXIMUM_OVERLAP_BASELINE","fe8fc603bb47c3ced818a86a96a4ad4e97b3b8ceb0d6b28a66d123d5e2c4d5ba:54858","fe8fc603bb47c3ced818a86a96a4ad4e97b3b8ceb0d6b28a66d123d5e2c4d5ba","12300.0000","{""Memo"":""ZG"",""InclusionVerified"":true,""VersionReconciled"":true,""DefinitionSource"":""research_inputs/assembly_v1/sources/unsd_targeted/questionnaire_guidelines.pdf"",""DefinitionSHA256"":""cee1915572e50daa3f660f3f3bfd3eb1a61a6c931502e2e5b8c1ca2cff0bf16a"",""DefinitionPages"":[10,16],""DefinitionMeaning"":""ZG/ZD is the blended subset included in MO/DL and in AL/BD totals; no assumption about its realised share"",""DSDSHA256"":""c2235063d0f4b2252e1834f959f0b3bbb0a6b6ed3c5358f8bb8d6603507ecb99"",""OfficialMemoName"":""Of which: biogasoline"",""SameResponseSHA256"":""1dcd65f63653168a957d298814be0eb2850af9e194f8f3346619f52d548a3ae4"",""SameResponseRows"":[{""FREQ"":""A"",""REF_AREA"":""608"",""COMMODITY"":""4652"",""TRANSACTION"":""1221"",""UNIT_MEASURE"":""TN"",""Year"":""2019"",""Quantity"":""4420.7"",""UNIT_MULT"":""3"",""OBS_STATUS"":""A"",""CONVERSION_FACTOR"":""44.3000000""},{""FREQ"":""A"",""REF_AREA"":""608"",""COMMODITY"":""5210"",""TRANSACTION"":""1221"",""UNIT_MEASURE"":""TN"",""Year"":""2019"",""Quantity"":""929.5"",""UNIT_MULT"":""3"",""OBS_STATUS"":""A"",""CONVERSION_FACTOR"":""26.8000000""}],""OldParentAndBioMatchedIndividually"":true,""RevisionRule"":""Separate frozen source files match the same already-cached official response at exact values/scope/units/status; download date equality not assumed""}","Metric tons,  thousand","2e5963b7e8a89cbd6369258ead0ce4e7d807f90d0a38b40013b91ed91fbfc518","research_inputs/assembly_v1/sources/FINAL_ACCEPTED_BLEND_ENVELOPES.json","2735d2df6e21f6f6ef0248e4d25001c370d52720c40674adea4ccf66f17e903b","null","true"
"PH:2019:5222:121","BASELINE","PH","121","774.4","15.61","15.61","774.40","9059952.6000000","159534.2000000","9219486.8000000","[""PH:2050:Industry:IndustryFinalEnergy:biomass"",""PH:2050:Industry:IndustryFinalEnergy:oil""]","[{""InputID"":""PH:2050:Industry:IndustryFinalEnergy:biomass"",""BaseAccountID"":""PH:2019:IndustryFinalEnergy:biomass"",""BaseMWh"":""7403607.9918773933222222222222"",""Value"":""22378362.51855181925520833333326616379310"",""GrowthNumerator"":""561.0"",""GrowthDenominator"":""185.6"",""TargetMethodID"":""ASSEMBLY_V1_ACCEPTED_GROWTH_PROXY"",""BlendMethodID"":""ASSEMBLY_V1_BLEND_MAXIMUM_OVERLAP_BASELINE"",""SourceRows"":[""ea1088c05f10f5f3aa33fbc56b846401c1959ca6fdd8df2fa0b3f56f3335e72c:2412"",""9c32689fcf967b5d25086511b32fcfbfb4894f2b860deff953d781f92d749211:15060"",""5c72caaa64762e177e5e53c55b7f9fd07ee57f6a91681d600bdd6c6be174b8c2:7460"",""26a364db4d763d9d5a69eff04aa717af5db5d2736c5c1f4e47223a12eae7db66:56235""],""UncertaintyIDs"":[""PH:2019:5222:121""],""SourceReportedOverlap"":false},{""InputID"":""PH:2050:Industry:IndustryFinalEnergy:oil"",""BaseAccountID"":""PH:2019:IndustryFinalEnergy:oil"",""BaseMWh"":""16486170.6000000"",""Value"":""49831582.47090517241379310344827586206897"",""GrowthNumerator"":""561.0"",""GrowthDenominator"":""185.6"",""TargetMethodID"":""ASSEMBLY_V1_ACCEPTED_GROWTH_PROXY"",""BlendMethodID"":""ASSEMBLY_V1_BLEND_MAXIMUM_OVERLAP_BASELINE"",""SourceRows"":[""b5ec374fcb60a4567468b3279fe6fa584ed0506d32f42a80e0760becce6c5cdb:72784"",""1c2952a5f87bfcdb0eef1af6b6c774e741a99e5b72c5ced91a585d6efe9be50a:73879"",""b02371f39dec320e227fd3223fcf8ad545595b5b53b48d2834bf9a838191076e:67172""],""UncertaintyIDs"":[""PH:2019:5222:121""],""SourceReportedOverlap"":false}]","5c72caaa64762e177e5e53c55b7f9fd07ee57f6a91681d600bdd6c6be174b8c2:7460","5c72caaa64762e177e5e53c55b7f9fd07ee57f6a91681d600bdd6c6be174b8c2","Biodiesel","10220.00000","1dcd65f63653168a957d298814be0eb2850af9e194f8f3346619f52d548a3ae4","GATE4-20261006-FINAL-CLOSURE#A","Fossil = (P-Z)*petroleum_NCV; Bio = B*bio_NCV","758.79","ASSEMBLY_V1_BLEND_MAXIMUM_OVERLAP_BASELINE","1c2952a5f87bfcdb0eef1af6b6c774e741a99e5b72c5ced91a585d6efe9be50a:73879","1c2952a5f87bfcdb0eef1af6b6c774e741a99e5b72c5ced91a585d6efe9be50a","11940.00000","{""Memo"":""ZD"",""InclusionVerified"":true,""VersionReconciled"":true,""DefinitionSource"":""research_inputs/assembly_v1/sources/unsd_targeted/questionnaire_guidelines.pdf"",""DefinitionSHA256"":""cee1915572e50daa3f660f3f3bfd3eb1a61a6c931502e2e5b8c1ca2cff0bf16a"",""DefinitionPages"":[11,16,17],""DefinitionMeaning"":""ZG/ZD is the blended subset included in MO/DL and in AL/BD totals; no assumption about its realised share"",""DSDSHA256"":""c2235063d0f4b2252e1834f959f0b3bbb0a6b6ed3c5358f8bb8d6603507ecb99"",""OfficialMemoName"":""Of which: biodiesel"",""SameResponseSHA256"":""1dcd65f63653168a957d298814be0eb2850af9e194f8f3346619f52d548a3ae4"",""SameResponseRows"":[{""FREQ"":""A"",""REF_AREA"":""608"",""COMMODITY"":""4670"",""TRANSACTION"":""121"",""UNIT_MEASURE"":""TN"",""Year"":""2019"",""Quantity"":""774.4"",""UNIT_MULT"":""3"",""OBS_STATUS"":""A"",""CONVERSION_FACTOR"":""43.0000000""},{""FREQ"":""A"",""REF_AREA"":""608"",""COMMODITY"":""5220"",""TRANSACTION"":""121"",""UNIT_MEASURE"":""TN"",""Year"":""2019"",""Quantity"":""15.61"",""UNIT_MULT"":""3"",""OBS_STATUS"":""A"",""CONVERSION_FACTOR"":""36.8000000""}],""OldParentAndBioMatchedIndividually"":true,""RevisionRule"":""Separate frozen source files match the same already-cached official response at exact values/scope/units/status; download date equality not assumed""}","Metric tons,  thousand","2e5963b7e8a89cbd6369258ead0ce4e7d807f90d0a38b40013b91ed91fbfc518","research_inputs/assembly_v1/sources/FINAL_ACCEPTED_BLEND_ENVELOPES.json","2735d2df6e21f6f6ef0248e4d25001c370d52720c40674adea4ccf66f17e903b","null","true"
"PH:2019:5222:1221","BASELINE","PH","1221","6111.9","129.62","129.62","6111.90","71428423.2000000","1324716.4000000","72753139.6000000","[""PH:2050:Transport:RoadResidualFuel:biomass"",""PH:2050:Transport:RoadResidualFuel:oil""]","[{""InputID"":""PH:2050:Transport:RoadResidualFuel:biomass"",""BaseAccountID"":""PH:2019:RoadResidualFuel:biomass"",""BaseMWh"":""8243914.4000000"",""Value"":""21285423.61267217630853994490358126721763"",""GrowthNumerator"":""374.9"",""GrowthDenominator"":""145.2"",""TargetMethodID"":""ASSEMBLY_V1_ROAD_NON_ELECTRIC_TRANSPORT_GROWTH_PROXY"",""BlendMethodID"":""ASSEMBLY_V1_BLEND_MAXIMUM_OVERLAP_BASELINE"",""SourceRows"":[""5c72caaa64762e177e5e53c55b7f9fd07ee57f6a91681d600bdd6c6be174b8c2:7686"",""4030e2d946965aae430c9de2da1b51ae2c19b96dc5a585dc8838dc47384e16af:5789""],""UncertaintyIDs"":[""PH:2019:5212:1221"",""PH:2019:5222:1221""],""SourceReportedOverlap"":false},{""InputID"":""PH:2050:Transport:RoadResidualFuel:oil"",""BaseAccountID"":""PH:2019:RoadResidualFuel:oil"",""BaseMWh"":""114477849.2000000"",""Value"":""295576760.7787878787878787878787878787879"",""GrowthNumerator"":""374.9"",""GrowthDenominator"":""145.2"",""TargetMethodID"":""ASSEMBLY_V1_ROAD_NON_ELECTRIC_TRANSPORT_GROWTH_PROXY"",""BlendMethodID"":""ASSEMBLY_V1_BLEND_MAXIMUM_OVERLAP_BASELINE"",""SourceRows"":[""1c2952a5f87bfcdb0eef1af6b6c774e741a99e5b72c5ced91a585d6efe9be50a:74137"",""b02371f39dec320e227fd3223fcf8ad545595b5b53b48d2834bf9a838191076e:67476"",""fe8fc603bb47c3ced818a86a96a4ad4e97b3b8ceb0d6b28a66d123d5e2c4d5ba:54858""],""UncertaintyIDs"":[""PH:2019:5212:1221"",""PH:2019:5222:1221""],""SourceReportedOverlap"":false}]","5c72caaa64762e177e5e53c55b7f9fd07ee57f6a91681d600bdd6c6be174b8c2:7686","5c72caaa64762e177e5e53c55b7f9fd07ee57f6a91681d600bdd6c6be174b8c2","Biodiesel","10220.00000","1dcd65f63653168a957d298814be0eb2850af9e194f8f3346619f52d548a3ae4","GATE4-20261006-FINAL-CLOSURE#A","Fossil = (P-Z)*petroleum_NCV; Bio = B*bio_NCV","5982.28","ASSEMBLY_V1_BLEND_MAXIMUM_OVERLAP_BASELINE","1c2952a5f87bfcdb0eef1af6b6c774e741a99e5b72c5ced91a585d6efe9be50a:74137","1c2952a5f87bfcdb0eef1af6b6c774e741a99e5b72c5ced91a585d6efe9be50a","11940.00000","{""Memo"":""ZD"",""InclusionVerified"":true,""VersionReconciled"":true,""DefinitionSource"":""research_inputs/assembly_v1/sources/unsd_targeted/questionnaire_guidelines.pdf"",""DefinitionSHA256"":""cee1915572e50daa3f660f3f3bfd3eb1a61a6c931502e2e5b8c1ca2cff0bf16a"",""DefinitionPages"":[11,16,17],""DefinitionMeaning"":""ZG/ZD is the blended subset included in MO/DL and in AL/BD totals; no assumption about its realised share"",""DSDSHA256"":""c2235063d0f4b2252e1834f959f0b3bbb0a6b6ed3c5358f8bb8d6603507ecb99"",""OfficialMemoName"":""Of which: biodiesel"",""SameResponseSHA256"":""1dcd65f63653168a957d298814be0eb2850af9e194f8f3346619f52d548a3ae4"",""SameResponseRows"":[{""FREQ"":""A"",""REF_AREA"":""608"",""COMMODITY"":""4670"",""TRANSACTION"":""1221"",""UNIT_MEASURE"":""TN"",""Year"":""2019"",""Quantity"":""6111.9"",""UNIT_MULT"":""3"",""OBS_STATUS"":""A"",""CONVERSION_FACTOR"":""43.0000000""},{""FREQ"":""A"",""REF_AREA"":""608"",""COMMODITY"":""5220"",""TRANSACTION"":""1221"",""UNIT_MEASURE"":""TN"",""Year"":""2019"",""Quantity"":""129.62"",""UNIT_MULT"":""3"",""OBS_STATUS"":""A"",""CONVERSION_FACTOR"":""36.8000000""}],""OldParentAndBioMatchedIndividually"":true,""RevisionRule"":""Separate frozen source files match the same already-cached official response at exact values/scope/units/status; download date equality not assumed""}","Metric tons,  thousand","2e5963b7e8a89cbd6369258ead0ce4e7d807f90d0a38b40013b91ed91fbfc518","research_inputs/assembly_v1/sources/FINAL_ACCEPTED_BLEND_ENVELOPES.json","2735d2df6e21f6f6ef0248e4d25001c370d52720c40674adea4ccf66f17e903b","null","true"
"PH:2019:5222:1222","BASELINE","PH","1222","1.6","0.03","0.03","1.60","18745.8000000","306.6000000","19052.4000000","[""PH:2050:Transport:RailNonElectric:biomass"",""PH:2050:Transport:RailNonElectric:oil""]","[{""InputID"":""PH:2050:Transport:RailNonElectric:biomass"",""BaseAccountID"":""PH:2019:RailNonElectric:biomass"",""BaseMWh"":""306.6000000"",""Value"":""306.6000000"",""GrowthNumerator"":""1"",""GrowthDenominator"":""1"",""TargetMethodID"":""ASSEMBLY_V1_RAIL_CONSTANT_2019"",""BlendMethodID"":""ASSEMBLY_V1_BLEND_MAXIMUM_OVERLAP_BASELINE"",""SourceRows"":[""5c72caaa64762e177e5e53c55b7f9fd07ee57f6a91681d600bdd6c6be174b8c2:7705""],""UncertaintyIDs"":[""PH:2019:5222:1222""],""SourceReportedOverlap"":false},{""InputID"":""PH:2050:Transport:RailNonElectric:oil"",""BaseAccountID"":""PH:2019:RailNonElectric:oil"",""BaseMWh"":""18745.8000000"",""Value"":""18745.8000000"",""GrowthNumerator"":""1"",""GrowthDenominator"":""1"",""TargetMethodID"":""ASSEMBLY_V1_RAIL_CONSTANT_2019"",""BlendMethodID"":""ASSEMBLY_V1_BLEND_MAXIMUM_OVERLAP_BASELINE"",""SourceRows"":[""1c2952a5f87bfcdb0eef1af6b6c774e741a99e5b72c5ced91a585d6efe9be50a:74160""],""UncertaintyIDs"":[""PH:2019:5222:1222""],""SourceReportedOverlap"":false}]","5c72caaa64762e177e5e53c55b7f9fd07ee57f6a91681d600bdd6c6be174b8c2:7705","5c72caaa64762e177e5e53c55b7f9fd07ee57f6a91681d600bdd6c6be174b8c2","Biodiesel","10220.00000","1dcd65f63653168a957d298814be0eb2850af9e194f8f3346619f52d548a3ae4","GATE4-20261006-FINAL-CLOSURE#A","Fossil = (P-Z)*petroleum_NCV; Bio = B*bio_NCV","1.57","ASSEMBLY_V1_BLEND_MAXIMUM_OVERLAP_BASELINE","1c2952a5f87bfcdb0eef1af6b6c774e741a99e5b72c5ced91a585d6efe9be50a:74160","1c2952a5f87bfcdb0eef1af6b6c774e741a99e5b72c5ced91a585d6efe9be50a","11940.00000","{""Memo"":""ZD"",""InclusionVerified"":true,""VersionReconciled"":true,""DefinitionSource"":""research_inputs/assembly_v1/sources/unsd_targeted/questionnaire_guidelines.pdf"",""DefinitionSHA256"":""cee1915572e50daa3f660f3f3bfd3eb1a61a6c931502e2e5b8c1ca2cff0bf16a"",""DefinitionPages"":[11,16,17],""DefinitionMeaning"":""ZG/ZD is the blended subset included in MO/DL and in AL/BD totals; no assumption about its realised share"",""DSDSHA256"":""c2235063d0f4b2252e1834f959f0b3bbb0a6b6ed3c5358f8bb8d6603507ecb99"",""OfficialMemoName"":""Of which: biodiesel"",""SameResponseSHA256"":""1dcd65f63653168a957d298814be0eb2850af9e194f8f3346619f52d548a3ae4"",""SameResponseRows"":[{""FREQ"":""A"",""REF_AREA"":""608"",""COMMODITY"":""4670"",""TRANSACTION"":""1222"",""UNIT_MEASURE"":""TN"",""Year"":""2019"",""Quantity"":""1.6"",""UNIT_MULT"":""3"",""OBS_STATUS"":""A"",""CONVERSION_FACTOR"":""43.0000000""},{""FREQ"":""A"",""REF_AREA"":""608"",""COMMODITY"":""5220"",""TRANSACTION"":""1222"",""UNIT_MEASURE"":""TN"",""Year"":""2019"",""Quantity"":""0.03"",""UNIT_MULT"":""3"",""OBS_STATUS"":""A"",""CONVERSION_FACTOR"":""36.8000000""}],""OldParentAndBioMatchedIndividually"":true,""RevisionRule"":""Separate frozen source files match the same already-cached official response at exact values/scope/units/status; download date equality not assumed""}","Metric tons,  thousand","2e5963b7e8a89cbd6369258ead0ce4e7d807f90d0a38b40013b91ed91fbfc518","research_inputs/assembly_v1/sources/FINAL_ACCEPTED_BLEND_ENVELOPES.json","2735d2df6e21f6f6ef0248e4d25001c370d52720c40674adea4ccf66f17e903b","null","true"
"PH:2019:5222:1232","BASELINE","PH","1232","223.4","4.51","4.51","223.40","2613546.6000000","46092.2000000","2659638.8000000","[""PH:2050:Agriculture:AgricultureFinalEnergy:biomass"",""PH:2050:Agriculture:AgricultureFinalEnergy:oil""]","[{""InputID"":""PH:2050:Agriculture:AgricultureFinalEnergy:biomass"",""BaseAccountID"":""PH:2019:AgricultureFinalEnergy:biomass"",""BaseMWh"":""46092.2000000"",""Value"":""145609.4500000"",""GrowthNumerator"":""27.8"",""GrowthDenominator"":""8.8"",""TargetMethodID"":""ASSEMBLY_V1_ACCEPTED_GROWTH_PROXY"",""BlendMethodID"":""ASSEMBLY_V1_BLEND_MAXIMUM_OVERLAP_BASELINE"",""SourceRows"":[""5c72caaa64762e177e5e53c55b7f9fd07ee57f6a91681d600bdd6c6be174b8c2:7749""],""UncertaintyIDs"":[""PH:2019:5222:1232""],""SourceReportedOverlap"":false},{""InputID"":""PH:2050:Agriculture:AgricultureFinalEnergy:oil"",""BaseAccountID"":""PH:2019:AgricultureFinalEnergy:oil"",""BaseMWh"":""2747376.6000000"",""Value"":""8679212.440909090909090909090909090909091"",""GrowthNumerator"":""27.8"",""GrowthDenominator"":""8.8"",""TargetMethodID"":""ASSEMBLY_V1_ACCEPTED_GROWTH_PROXY"",""BlendMethodID"":""ASSEMBLY_V1_BLEND_MAXIMUM_OVERLAP_BASELINE"",""SourceRows"":[""b5ec374fcb60a4567468b3279fe6fa584ed0506d32f42a80e0760becce6c5cdb:73162"",""1c2952a5f87bfcdb0eef1af6b6c774e741a99e5b72c5ced91a585d6efe9be50a:74231"",""fe8fc603bb47c3ced818a86a96a4ad4e97b3b8ceb0d6b28a66d123d5e2c4d5ba:54960""],""UncertaintyIDs"":[""PH:2019:5222:1232""],""SourceReportedOverlap"":false}]","5c72caaa64762e177e5e53c55b7f9fd07ee57f6a91681d600bdd6c6be174b8c2:7749","5c72caaa64762e177e5e53c55b7f9fd07ee57f6a91681d600bdd6c6be174b8c2","Biodiesel","10220.00000","1dcd65f63653168a957d298814be0eb2850af9e194f8f3346619f52d548a3ae4","GATE4-20261006-FINAL-CLOSURE#A","Fossil = (P-Z)*petroleum_NCV; Bio = B*bio_NCV","218.89","ASSEMBLY_V1_BLEND_MAXIMUM_OVERLAP_BASELINE","1c2952a5f87bfcdb0eef1af6b6c774e741a99e5b72c5ced91a585d6efe9be50a:74231","1c2952a5f87bfcdb0eef1af6b6c774e741a99e5b72c5ced91a585d6efe9be50a","11940.00000","{""Memo"":""ZD"",""InclusionVerified"":true,""VersionReconciled"":true,""DefinitionSource"":""research_inputs/assembly_v1/sources/unsd_targeted/questionnaire_guidelines.pdf"",""DefinitionSHA256"":""cee1915572e50daa3f660f3f3bfd3eb1a61a6c931502e2e5b8c1ca2cff0bf16a"",""DefinitionPages"":[11,16,17],""DefinitionMeaning"":""ZG/ZD is the blended subset included in MO/DL and in AL/BD totals; no assumption about its realised share"",""DSDSHA256"":""c2235063d0f4b2252e1834f959f0b3bbb0a6b6ed3c5358f8bb8d6603507ecb99"",""OfficialMemoName"":""Of which: biodiesel"",""SameResponseSHA256"":""1dcd65f63653168a957d298814be0eb2850af9e194f8f3346619f52d548a3ae4"",""SameResponseRows"":[{""FREQ"":""A"",""REF_AREA"":""608"",""COMMODITY"":""4670"",""TRANSACTION"":""1232"",""UNIT_MEASURE"":""TN"",""Year"":""2019"",""Quantity"":""223.4"",""UNIT_MULT"":""3"",""OBS_STATUS"":""A"",""CONVERSION_FACTOR"":""43.0000000""},{""FREQ"":""A"",""REF_AREA"":""608"",""COMMODITY"":""5220"",""TRANSACTION"":""1232"",""UNIT_MEASURE"":""TN"",""Year"":""2019"",""Quantity"":""4.51"",""UNIT_MULT"":""3"",""OBS_STATUS"":""A"",""CONVERSION_FACTOR"":""36.8000000""}],""OldParentAndBioMatchedIndividually"":true,""RevisionRule"":""Separate frozen source files match the same already-cached official response at exact values/scope/units/status; download date equality not assumed""}","Metric tons,  thousand","2e5963b7e8a89cbd6369258ead0ce4e7d807f90d0a38b40013b91ed91fbfc518","research_inputs/assembly_v1/sources/FINAL_ACCEPTED_BLEND_ENVELOPES.json","2735d2df6e21f6f6ef0248e4d25001c370d52720c40674adea4ccf66f17e903b","null","true"
"PH:2019:5222:1235","BASELINE","PH","1235","1752.2","35.34","35.34","1752.20","20499308.4000000","361174.8000000","20860483.2000000","[""PH:2050:Buildings:ServicesFuel:biomass"",""PH:2050:Buildings:ServicesFuel:oil""]","[{""InputID"":""PH:2050:Buildings:ServicesFuel:biomass"",""BaseAccountID"":""PH:2019:ServicesFuel:biomass"",""BaseMWh"":""4562301.1531034474000000"",""Value"":""11738259.57696785280203389830508474576271"",""GrowthNumerator"":""75.9"",""GrowthDenominator"":""29.5"",""TargetMethodID"":""ASSEMBLY_V1_ACCEPTED_GROWTH_PROXY"",""BlendMethodID"":""ASSEMBLY_V1_BLEND_MAXIMUM_OVERLAP_BASELINE"",""SourceRows"":[""5c72caaa64762e177e5e53c55b7f9fd07ee57f6a91681d600bdd6c6be174b8c2:7768"",""da54b258ffb4927f30834c01f4e9aff7c267dd70c5ef5760292dd21ef5802345:29067"",""26a364db4d763d9d5a69eff04aa717af5db5d2736c5c1f4e47223a12eae7db66:56417""],""UncertaintyIDs"":[""PH:2019:5222:1235""],""SourceReportedOverlap"":false},{""InputID"":""PH:2050:Buildings:ServicesFuel:oil"",""BaseAccountID"":""PH:2019:ServicesFuel:oil"",""BaseMWh"":""28406713.4000000"",""Value"":""73087103.29016949152542372881355932203390"",""GrowthNumerator"":""75.9"",""GrowthDenominator"":""29.5"",""TargetMethodID"":""ASSEMBLY_V1_ACCEPTED_GROWTH_PROXY"",""BlendMethodID"":""ASSEMBLY_V1_BLEND_MAXIMUM_OVERLAP_BASELINE"",""SourceRows"":[""b5ec374fcb60a4567468b3279fe6fa584ed0506d32f42a80e0760becce6c5cdb:73207"",""1c2952a5f87bfcdb0eef1af6b6c774e741a99e5b72c5ced91a585d6efe9be50a:74262"",""b02371f39dec320e227fd3223fcf8ad545595b5b53b48d2834bf9a838191076e:67587""],""UncertaintyIDs"":[""PH:2019:5222:1235""],""SourceReportedOverlap"":false}]","5c72caaa64762e177e5e53c55b7f9fd07ee57f6a91681d600bdd6c6be174b8c2:7768","5c72caaa64762e177e5e53c55b7f9fd07ee57f6a91681d600bdd6c6be174b8c2","Biodiesel","10220.00000","1dcd65f63653168a957d298814be0eb2850af9e194f8f3346619f52d548a3ae4","GATE4-20261006-FINAL-CLOSURE#A","Fossil = (P-Z)*petroleum_NCV; Bio = B*bio_NCV","1716.86","ASSEMBLY_V1_BLEND_MAXIMUM_OVERLAP_BASELINE","1c2952a5f87bfcdb0eef1af6b6c774e741a99e5b72c5ced91a585d6efe9be50a:74262","1c2952a5f87bfcdb0eef1af6b6c774e741a99e5b72c5ced91a585d6efe9be50a","11940.00000","{""Memo"":""ZD"",""InclusionVerified"":true,""VersionReconciled"":true,""DefinitionSource"":""research_inputs/assembly_v1/sources/unsd_targeted/questionnaire_guidelines.pdf"",""DefinitionSHA256"":""cee1915572e50daa3f660f3f3bfd3eb1a61a6c931502e2e5b8c1ca2cff0bf16a"",""DefinitionPages"":[11,16,17],""DefinitionMeaning"":""ZG/ZD is the blended subset included in MO/DL and in AL/BD totals; no assumption about its realised share"",""DSDSHA256"":""c2235063d0f4b2252e1834f959f0b3bbb0a6b6ed3c5358f8bb8d6603507ecb99"",""OfficialMemoName"":""Of which: biodiesel"",""SameResponseSHA256"":""1dcd65f63653168a957d298814be0eb2850af9e194f8f3346619f52d548a3ae4"",""SameResponseRows"":[{""FREQ"":""A"",""REF_AREA"":""608"",""COMMODITY"":""4670"",""TRANSACTION"":""1235"",""UNIT_MEASURE"":""TN"",""Year"":""2019"",""Quantity"":""1752.2"",""UNIT_MULT"":""3"",""OBS_STATUS"":""A"",""CONVERSION_FACTOR"":""43.0000000""},{""FREQ"":""A"",""REF_AREA"":""608"",""COMMODITY"":""5220"",""TRANSACTION"":""1235"",""UNIT_MEASURE"":""TN"",""Year"":""2019"",""Quantity"":""35.34"",""UNIT_MULT"":""3"",""OBS_STATUS"":""A"",""CONVERSION_FACTOR"":""36.8000000""}],""OldParentAndBioMatchedIndividually"":true,""RevisionRule"":""Separate frozen source files match the same already-cached official response at exact values/scope/units/status; download date equality not assumed""}","Metric tons,  thousand","2e5963b7e8a89cbd6369258ead0ce4e7d807f90d0a38b40013b91ed91fbfc518","research_inputs/assembly_v1/sources/FINAL_ACCEPTED_BLEND_ENVELOPES.json","2735d2df6e21f6f6ef0248e4d25001c370d52720c40674adea4ccf66f17e903b","null","true"
"VN:2019:5212:1221","BASELINE","VN","1221","6341","122","122","6341","76493700.0000","908168.000000","77401868.000000","[""VN:2050:Transport:RoadResidualFuel:biomass"",""VN:2050:Transport:RoadResidualFuel:oil""]","[{""InputID"":""VN:2050:Transport:RoadResidualFuel:biomass"",""BaseAccountID"":""VN:2019:RoadResidualFuel:biomass"",""BaseMWh"":""908168.000000"",""Value"":""2344849.746556473829201101928374655647383"",""GrowthNumerator"":""374.9"",""GrowthDenominator"":""145.2"",""TargetMethodID"":""ASSEMBLY_V1_ROAD_NON_ELECTRIC_TRANSPORT_GROWTH_PROXY"",""BlendMethodID"":""ASSEMBLY_V1_BLEND_MAXIMUM_OVERLAP_BASELINE"",""SourceRows"":[""4030e2d946965aae430c9de2da1b51ae2c19b96dc5a585dc8838dc47384e16af:8099""],""UncertaintyIDs"":[""VN:2019:5212:1221""],""SourceReportedOverlap"":false},{""InputID"":""VN:2050:Transport:RoadResidualFuel:oil"",""BaseAccountID"":""VN:2019:RoadResidualFuel:oil"",""BaseMWh"":""76493700.0000"",""Value"":""197503361.7768595041322314049586776859504"",""GrowthNumerator"":""374.9"",""GrowthDenominator"":""145.2"",""TargetMethodID"":""ASSEMBLY_V1_ROAD_NON_ELECTRIC_TRANSPORT_GROWTH_PROXY"",""BlendMethodID"":""ASSEMBLY_V1_BLEND_MAXIMUM_OVERLAP_BASELINE"",""SourceRows"":[""fe8fc603bb47c3ced818a86a96a4ad4e97b3b8ceb0d6b28a66d123d5e2c4d5ba:76048""],""UncertaintyIDs"":[""VN:2019:5212:1221""],""SourceReportedOverlap"":false}]","4030e2d946965aae430c9de2da1b51ae2c19b96dc5a585dc8838dc47384e16af:8099","4030e2d946965aae430c9de2da1b51ae2c19b96dc5a585dc8838dc47384e16af","Biogasoline","7444.000000","163508034cf4a71b32da2209bf21a038c5349b0b45770f71564f3fcd6810aee8","GATE4-20261006-FINAL-CLOSURE#A","Fossil = (P-Z)*petroleum_NCV; Bio = B*bio_NCV","6219","ASSEMBLY_V1_BLEND_MAXIMUM_OVERLAP_BASELINE","fe8fc603bb47c3ced818a86a96a4ad4e97b3b8ceb0d6b28a66d123d5e2c4d5ba:76048","fe8fc603bb47c3ced818a86a96a4ad4e97b3b8ceb0d6b28a66d123d5e2c4d5ba","12300.0000","{""Memo"":""ZG"",""InclusionVerified"":true,""VersionReconciled"":true,""DefinitionSource"":""research_inputs/assembly_v1/sources/unsd_targeted/questionnaire_guidelines.pdf"",""DefinitionSHA256"":""cee1915572e50daa3f660f3f3bfd3eb1a61a6c931502e2e5b8c1ca2cff0bf16a"",""DefinitionPages"":[10,16],""DefinitionMeaning"":""ZG/ZD is the blended subset included in MO/DL and in AL/BD totals; no assumption about its realised share"",""DSDSHA256"":""c2235063d0f4b2252e1834f959f0b3bbb0a6b6ed3c5358f8bb8d6603507ecb99"",""OfficialMemoName"":""Of which: biogasoline"",""SameResponseSHA256"":""163508034cf4a71b32da2209bf21a038c5349b0b45770f71564f3fcd6810aee8"",""SameResponseRows"":[{""FREQ"":""A"",""REF_AREA"":""704"",""COMMODITY"":""4652"",""TRANSACTION"":""1221"",""UNIT_MEASURE"":""TN"",""Year"":""2019"",""Quantity"":""6341"",""UNIT_MULT"":""3"",""OBS_STATUS"":""A"",""CONVERSION_FACTOR"":""44.3000000""},{""FREQ"":""A"",""REF_AREA"":""704"",""COMMODITY"":""5210"",""TRANSACTION"":""1221"",""UNIT_MEASURE"":""TN"",""Year"":""2019"",""Quantity"":""122"",""UNIT_MULT"":""3"",""OBS_STATUS"":""A"",""CONVERSION_FACTOR"":""26.8000000""}],""OldParentAndBioMatchedIndividually"":true,""RevisionRule"":""Separate frozen source files match the same already-cached official response at exact values/scope/units/status; download date equality not assumed""}","Metric tons,  thousand","2e5963b7e8a89cbd6369258ead0ce4e7d807f90d0a38b40013b91ed91fbfc518","research_inputs/assembly_v1/sources/FINAL_ACCEPTED_BLEND_ENVELOPES.json","2735d2df6e21f6f6ef0248e4d25001c370d52720c40674adea4ccf66f17e903b","null","true"
"ID:2019:5222:121","FUTURE_SENSITIVITY_INPUT_NOT_RUN","ID","121","4908.285","362","0","5270.285","58604922.90000000","3699640.00000","62304562.90000000","[""ID:2050:Industry:IndustryFinalEnergy:biomass"",""ID:2050:Industry:IndustryFinalEnergy:oil""]","[{""InputID"":""ID:2050:Industry:IndustryFinalEnergy:biomass"",""BaseAccountID"":""ID:2019:IndustryFinalEnergy:biomass"",""BaseMWh"":""185502047.63000000"",""Value"":""560703926.2954202586206896551724137931034"",""GrowthNumerator"":""561.0"",""GrowthDenominator"":""185.6"",""TargetMethodID"":""ASSEMBLY_V1_ACCEPTED_GROWTH_PROXY"",""BlendMethodID"":""ASSEMBLY_V1_BLEND_NO_OVERLAP_UPPER"",""SourceRows"":[""9c32689fcf967b5d25086511b32fcfbfb4894f2b860deff953d781f92d749211:9847"",""5c72caaa64762e177e5e53c55b7f9fd07ee57f6a91681d600bdd6c6be174b8c2:4888"",""da54b258ffb4927f30834c01f4e9aff7c267dd70c5ef5760292dd21ef5802345:17044"",""26a364db4d763d9d5a69eff04aa717af5db5d2736c5c1f4e47223a12eae7db66:33471""],""UncertaintyIDs"":[""ID:2019:5222:121""],""SourceReportedOverlap"":false},{""InputID"":""ID:2050:Industry:IndustryFinalEnergy:oil"",""BaseAccountID"":""ID:2019:IndustryFinalEnergy:oil"",""BaseMWh"":""95211452.338000000"",""Value"":""287788926.5173383620689655172413793103448"",""GrowthNumerator"":""561.0"",""GrowthDenominator"":""185.6"",""TargetMethodID"":""ASSEMBLY_V1_ACCEPTED_GROWTH_PROXY"",""BlendMethodID"":""ASSEMBLY_V1_BLEND_NO_OVERLAP_UPPER"",""SourceRows"":[""b5ec374fcb60a4567468b3279fe6fa584ed0506d32f42a80e0760becce6c5cdb:43136"",""1c2952a5f87bfcdb0eef1af6b6c774e741a99e5b72c5ced91a585d6efe9be50a:43435"",""a45d82a3cffd1fcbca3d6702b88e511d913e833c1f4e9e3fa75dd5c1750eea9a:21309"",""b02371f39dec320e227fd3223fcf8ad545595b5b53b48d2834bf9a838191076e:39310"",""fe8fc603bb47c3ced818a86a96a4ad4e97b3b8ceb0d6b28a66d123d5e2c4d5ba:32205"",""b635acfa2728521abb05c3175cba6e1834327b8a909d346e14a399df673f946d:11216""],""UncertaintyIDs"":[""ID:2019:5222:121""],""SourceReportedOverlap"":false}]","5c72caaa64762e177e5e53c55b7f9fd07ee57f6a91681d600bdd6c6be174b8c2:4888","5c72caaa64762e177e5e53c55b7f9fd07ee57f6a91681d600bdd6c6be174b8c2","Biodiesel","10220.00000","54a421da8bdcb816dac2be52936ed15e52992ac9051378ddd00f863a85a29805","GATE4-20261006-FINAL-CLOSURE#A","Fossil = (P-Z)*petroleum_NCV; Bio = B*bio_NCV","4908.285","ASSEMBLY_V1_BLEND_NO_OVERLAP_UPPER","1c2952a5f87bfcdb0eef1af6b6c774e741a99e5b72c5ced91a585d6efe9be50a:43435","1c2952a5f87bfcdb0eef1af6b6c774e741a99e5b72c5ced91a585d6efe9be50a","11940.00000","{""Memo"":""ZD"",""InclusionVerified"":true,""VersionReconciled"":true,""DefinitionSource"":""research_inputs/assembly_v1/sources/unsd_targeted/questionnaire_guidelines.pdf"",""DefinitionSHA256"":""cee1915572e50daa3f660f3f3bfd3eb1a61a6c931502e2e5b8c1ca2cff0bf16a"",""DefinitionPages"":[11,16,17],""DefinitionMeaning"":""ZG/ZD is the blended subset included in MO/DL and in AL/BD totals; no assumption about its realised share"",""DSDSHA256"":""c2235063d0f4b2252e1834f959f0b3bbb0a6b6ed3c5358f8bb8d6603507ecb99"",""OfficialMemoName"":""Of which: biodiesel"",""SameResponseSHA256"":""54a421da8bdcb816dac2be52936ed15e52992ac9051378ddd00f863a85a29805"",""SameResponseRows"":[{""FREQ"":""A"",""REF_AREA"":""360"",""COMMODITY"":""4670"",""TRANSACTION"":""121"",""UNIT_MEASURE"":""TN"",""Year"":""2019"",""Quantity"":""4908.285"",""UNIT_MULT"":""3"",""OBS_STATUS"":""A"",""CONVERSION_FACTOR"":""43.0000000""},{""FREQ"":""A"",""REF_AREA"":""360"",""COMMODITY"":""5220"",""TRANSACTION"":""121"",""UNIT_MEASURE"":""TN"",""Year"":""2019"",""Quantity"":""362"",""UNIT_MULT"":""3"",""OBS_STATUS"":""A"",""CONVERSION_FACTOR"":""36.8000000""}],""OldParentAndBioMatchedIndividually"":true,""RevisionRule"":""Separate frozen source files match the same already-cached official response at exact values/scope/units/status; download date equality not assumed""}","Metric tons,  thousand","e7a7aa99fdeab07e1d5bd613bfd138f45c7d65dcf08047fb062a0aadbc066060","research_inputs/assembly_v1/sources/FINAL_ACCEPTED_BLEND_ENVELOPES.json","2735d2df6e21f6f6ef0248e4d25001c370d52720c40674adea4ccf66f17e903b","null","true"
"ID:2019:5222:1221","FUTURE_SENSITIVITY_INPUT_NOT_RUN","ID","1221","9328.141","4613","0","13941.141","111378003.54000000","47144860.00000","158522863.54000000","[""ID:2050:Transport:RoadResidualFuel:biomass"",""ID:2050:Transport:RoadResidualFuel:oil""]","[{""InputID"":""ID:2050:Transport:RoadResidualFuel:biomass"",""BaseAccountID"":""ID:2019:RoadResidualFuel:biomass"",""BaseMWh"":""47144860.00000"",""Value"":""121725950.5096418732782369146005509641873"",""GrowthNumerator"":""374.9"",""GrowthDenominator"":""145.2"",""TargetMethodID"":""ASSEMBLY_V1_ROAD_NON_ELECTRIC_TRANSPORT_GROWTH_PROXY"",""BlendMethodID"":""ASSEMBLY_V1_BLEND_NO_OVERLAP_UPPER"",""SourceRows"":[""5c72caaa64762e177e5e53c55b7f9fd07ee57f6a91681d600bdd6c6be174b8c2:4914""],""UncertaintyIDs"":[""ID:2019:5222:1221""],""SourceReportedOverlap"":false},{""InputID"":""ID:2050:Transport:RoadResidualFuel:oil"",""BaseAccountID"":""ID:2019:RoadResidualFuel:oil"",""BaseMWh"":""207730176.54000000"",""Value"":""536350159.6752479338842975206611570247934"",""GrowthNumerator"":""374.9"",""GrowthDenominator"":""145.2"",""TargetMethodID"":""ASSEMBLY_V1_ROAD_NON_ELECTRIC_TRANSPORT_GROWTH_PROXY"",""BlendMethodID"":""ASSEMBLY_V1_BLEND_NO_OVERLAP_UPPER"",""SourceRows"":[""1c2952a5f87bfcdb0eef1af6b6c774e741a99e5b72c5ced91a585d6efe9be50a:43666"",""fe8fc603bb47c3ced818a86a96a4ad4e97b3b8ceb0d6b28a66d123d5e2c4d5ba:32359""],""UncertaintyIDs"":[""ID:2019:5222:1221""],""SourceReportedOverlap"":false}]","5c72caaa64762e177e5e53c55b7f9fd07ee57f6a91681d600bdd6c6be174b8c2:4914","5c72caaa64762e177e5e53c55b7f9fd07ee57f6a91681d600bdd6c6be174b8c2","Biodiesel","10220.00000","54a421da8bdcb816dac2be52936ed15e52992ac9051378ddd00f863a85a29805","GATE4-20261006-FINAL-CLOSURE#A","Fossil = (P-Z)*petroleum_NCV; Bio = B*bio_NCV","9328.141","ASSEMBLY_V1_BLEND_NO_OVERLAP_UPPER","1c2952a5f87bfcdb0eef1af6b6c774e741a99e5b72c5ced91a585d6efe9be50a:43666","1c2952a5f87bfcdb0eef1af6b6c774e741a99e5b72c5ced91a585d6efe9be50a","11940.00000","{""Memo"":""ZD"",""InclusionVerified"":true,""VersionReconciled"":true,""DefinitionSource"":""research_inputs/assembly_v1/sources/unsd_targeted/questionnaire_guidelines.pdf"",""DefinitionSHA256"":""cee1915572e50daa3f660f3f3bfd3eb1a61a6c931502e2e5b8c1ca2cff0bf16a"",""DefinitionPages"":[11,16,17],""DefinitionMeaning"":""ZG/ZD is the blended subset included in MO/DL and in AL/BD totals; no assumption about its realised share"",""DSDSHA256"":""c2235063d0f4b2252e1834f959f0b3bbb0a6b6ed3c5358f8bb8d6603507ecb99"",""OfficialMemoName"":""Of which: biodiesel"",""SameResponseSHA256"":""54a421da8bdcb816dac2be52936ed15e52992ac9051378ddd00f863a85a29805"",""SameResponseRows"":[{""FREQ"":""A"",""REF_AREA"":""360"",""COMMODITY"":""4670"",""TRANSACTION"":""1221"",""UNIT_MEASURE"":""TN"",""Year"":""2019"",""Quantity"":""9328.141"",""UNIT_MULT"":""3"",""OBS_STATUS"":""A"",""CONVERSION_FACTOR"":""43.0000000""},{""FREQ"":""A"",""REF_AREA"":""360"",""COMMODITY"":""5220"",""TRANSACTION"":""1221"",""UNIT_MEASURE"":""TN"",""Year"":""2019"",""Quantity"":""4613"",""UNIT_MULT"":""3"",""OBS_STATUS"":""A"",""CONVERSION_FACTOR"":""36.8000000""}],""OldParentAndBioMatchedIndividually"":true,""RevisionRule"":""Separate frozen source files match the same already-cached official response at exact values/scope/units/status; download date equality not assumed""}","Metric tons,  thousand","e7a7aa99fdeab07e1d5bd613bfd138f45c7d65dcf08047fb062a0aadbc066060","research_inputs/assembly_v1/sources/FINAL_ACCEPTED_BLEND_ENVELOPES.json","2735d2df6e21f6f6ef0248e4d25001c370d52720c40674adea4ccf66f17e903b","null","true"
"ID:2019:5222:1235","FUTURE_SENSITIVITY_INPUT_NOT_RUN","ID","1235","240.894","52","0","292.894","2876274.36000000","531440.00000","3407714.36000000","[""ID:2050:Buildings:ServicesFuel:biomass"",""ID:2050:Buildings:ServicesFuel:oil""]","[{""InputID"":""ID:2050:Buildings:ServicesFuel:biomass"",""BaseAccountID"":""ID:2019:ServicesFuel:biomass"",""BaseMWh"":""12022010.00000"",""Value"":""30931205.38983050847457627118644067796610"",""GrowthNumerator"":""75.9"",""GrowthDenominator"":""29.5"",""TargetMethodID"":""ASSEMBLY_V1_ACCEPTED_GROWTH_PROXY"",""BlendMethodID"":""ASSEMBLY_V1_BLEND_NO_OVERLAP_UPPER"",""SourceRows"":[""5c72caaa64762e177e5e53c55b7f9fd07ee57f6a91681d600bdd6c6be174b8c2:4936"",""da54b258ffb4927f30834c01f4e9aff7c267dd70c5ef5760292dd21ef5802345:17157""],""UncertaintyIDs"":[""ID:2019:5222:1235""],""SourceReportedOverlap"":false},{""InputID"":""ID:2050:Buildings:ServicesFuel:oil"",""BaseAccountID"":""ID:2019:ServicesFuel:oil"",""BaseMWh"":""11839204.89000000"",""Value"":""30460869.53054237288135593220338983050847"",""GrowthNumerator"":""75.9"",""GrowthDenominator"":""29.5"",""TargetMethodID"":""ASSEMBLY_V1_ACCEPTED_GROWTH_PROXY"",""BlendMethodID"":""ASSEMBLY_V1_BLEND_NO_OVERLAP_UPPER"",""SourceRows"":[""1c2952a5f87bfcdb0eef1af6b6c774e741a99e5b72c5ced91a585d6efe9be50a:43800"",""b02371f39dec320e227fd3223fcf8ad545595b5b53b48d2834bf9a838191076e:39539"",""fe8fc603bb47c3ced818a86a96a4ad4e97b3b8ceb0d6b28a66d123d5e2c4d5ba:32446""],""UncertaintyIDs"":[""ID:2019:5222:1235""],""SourceReportedOverlap"":false}]","5c72caaa64762e177e5e53c55b7f9fd07ee57f6a91681d600bdd6c6be174b8c2:4936","5c72caaa64762e177e5e53c55b7f9fd07ee57f6a91681d600bdd6c6be174b8c2","Biodiesel","10220.00000","54a421da8bdcb816dac2be52936ed15e52992ac9051378ddd00f863a85a29805","GATE4-20261006-FINAL-CLOSURE#A","Fossil = (P-Z)*petroleum_NCV; Bio = B*bio_NCV","240.894","ASSEMBLY_V1_BLEND_NO_OVERLAP_UPPER","1c2952a5f87bfcdb0eef1af6b6c774e741a99e5b72c5ced91a585d6efe9be50a:43800","1c2952a5f87bfcdb0eef1af6b6c774e741a99e5b72c5ced91a585d6efe9be50a","11940.00000","{""Memo"":""ZD"",""InclusionVerified"":true,""VersionReconciled"":true,""DefinitionSource"":""research_inputs/assembly_v1/sources/unsd_targeted/questionnaire_guidelines.pdf"",""DefinitionSHA256"":""cee1915572e50daa3f660f3f3bfd3eb1a61a6c931502e2e5b8c1ca2cff0bf16a"",""DefinitionPages"":[11,16,17],""DefinitionMeaning"":""ZG/ZD is the blended subset included in MO/DL and in AL/BD totals; no assumption about its realised share"",""DSDSHA256"":""c2235063d0f4b2252e1834f959f0b3bbb0a6b6ed3c5358f8bb8d6603507ecb99"",""OfficialMemoName"":""Of which: biodiesel"",""SameResponseSHA256"":""54a421da8bdcb816dac2be52936ed15e52992ac9051378ddd00f863a85a29805"",""SameResponseRows"":[{""FREQ"":""A"",""REF_AREA"":""360"",""COMMODITY"":""4670"",""TRANSACTION"":""1235"",""UNIT_MEASURE"":""TN"",""Year"":""2019"",""Quantity"":""240.894"",""UNIT_MULT"":""3"",""OBS_STATUS"":""A"",""CONVERSION_FACTOR"":""43.0000000""},{""FREQ"":""A"",""REF_AREA"":""360"",""COMMODITY"":""5220"",""TRANSACTION"":""1235"",""UNIT_MEASURE"":""TN"",""Year"":""2019"",""Quantity"":""52"",""UNIT_MULT"":""3"",""OBS_STATUS"":""A"",""CONVERSION_FACTOR"":""36.8000000""}],""OldParentAndBioMatchedIndividually"":true,""RevisionRule"":""Separate frozen source files match the same already-cached official response at exact values/scope/units/status; download date equality not assumed""}","Metric tons,  thousand","e7a7aa99fdeab07e1d5bd613bfd138f45c7d65dcf08047fb062a0aadbc066060","research_inputs/assembly_v1/sources/FINAL_ACCEPTED_BLEND_ENVELOPES.json","2735d2df6e21f6f6ef0248e4d25001c370d52720c40674adea4ccf66f17e903b","null","true"
"PH:2019:5212:1221","FUTURE_SENSITIVITY_INPUT_NOT_RUN","PH","1221","4420.7","929.5","0","5350.2","54374610.00000","6919198.0000000","61293808.0000000","[""PH:2050:Transport:RoadResidualFuel:biomass"",""PH:2050:Transport:RoadResidualFuel:oil""]","[{""InputID"":""PH:2050:Transport:RoadResidualFuel:biomass"",""BaseAccountID"":""PH:2019:RoadResidualFuel:biomass"",""BaseMWh"":""8243914.4000000"",""Value"":""21285423.61267217630853994490358126721763"",""GrowthNumerator"":""374.9"",""GrowthDenominator"":""145.2"",""TargetMethodID"":""ASSEMBLY_V1_ROAD_NON_ELECTRIC_TRANSPORT_GROWTH_PROXY"",""BlendMethodID"":""ASSEMBLY_V1_BLEND_NO_OVERLAP_UPPER"",""SourceRows"":[""5c72caaa64762e177e5e53c55b7f9fd07ee57f6a91681d600bdd6c6be174b8c2:7686"",""4030e2d946965aae430c9de2da1b51ae2c19b96dc5a585dc8838dc47384e16af:5789""],""UncertaintyIDs"":[""PH:2019:5212:1221"",""PH:2019:5222:1221""],""SourceReportedOverlap"":false},{""InputID"":""PH:2050:Transport:RoadResidualFuel:oil"",""BaseAccountID"":""PH:2019:RoadResidualFuel:oil"",""BaseMWh"":""127458362.000000"",""Value"":""329091872.6845730027548209366391184573003"",""GrowthNumerator"":""374.9"",""GrowthDenominator"":""145.2"",""TargetMethodID"":""ASSEMBLY_V1_ROAD_NON_ELECTRIC_TRANSPORT_GROWTH_PROXY"",""BlendMethodID"":""ASSEMBLY_V1_BLEND_NO_OVERLAP_UPPER"",""SourceRows"":[""1c2952a5f87bfcdb0eef1af6b6c774e741a99e5b72c5ced91a585d6efe9be50a:74137"",""b02371f39dec320e227fd3223fcf8ad545595b5b53b48d2834bf9a838191076e:67476"",""fe8fc603bb47c3ced818a86a96a4ad4e97b3b8ceb0d6b28a66d123d5e2c4d5ba:54858""],""UncertaintyIDs"":[""PH:2019:5212:1221"",""PH:2019:5222:1221""],""SourceReportedOverlap"":false}]","4030e2d946965aae430c9de2da1b51ae2c19b96dc5a585dc8838dc47384e16af:5789","4030e2d946965aae430c9de2da1b51ae2c19b96dc5a585dc8838dc47384e16af","Biogasoline","7444.000000","1dcd65f63653168a957d298814be0eb2850af9e194f8f3346619f52d548a3ae4","GATE4-20261006-FINAL-CLOSURE#A","Fossil = (P-Z)*petroleum_NCV; Bio = B*bio_NCV","4420.7","ASSEMBLY_V1_BLEND_NO_OVERLAP_UPPER","fe8fc603bb47c3ced818a86a96a4ad4e97b3b8ceb0d6b28a66d123d5e2c4d5ba:54858","fe8fc603bb47c3ced818a86a96a4ad4e97b3b8ceb0d6b28a66d123d5e2c4d5ba","12300.0000","{""Memo"":""ZG"",""InclusionVerified"":true,""VersionReconciled"":true,""DefinitionSource"":""research_inputs/assembly_v1/sources/unsd_targeted/questionnaire_guidelines.pdf"",""DefinitionSHA256"":""cee1915572e50daa3f660f3f3bfd3eb1a61a6c931502e2e5b8c1ca2cff0bf16a"",""DefinitionPages"":[10,16],""DefinitionMeaning"":""ZG/ZD is the blended subset included in MO/DL and in AL/BD totals; no assumption about its realised share"",""DSDSHA256"":""c2235063d0f4b2252e1834f959f0b3bbb0a6b6ed3c5358f8bb8d6603507ecb99"",""OfficialMemoName"":""Of which: biogasoline"",""SameResponseSHA256"":""1dcd65f63653168a957d298814be0eb2850af9e194f8f3346619f52d548a3ae4"",""SameResponseRows"":[{""FREQ"":""A"",""REF_AREA"":""608"",""COMMODITY"":""4652"",""TRANSACTION"":""1221"",""UNIT_MEASURE"":""TN"",""Year"":""2019"",""Quantity"":""4420.7"",""UNIT_MULT"":""3"",""OBS_STATUS"":""A"",""CONVERSION_FACTOR"":""44.3000000""},{""FREQ"":""A"",""REF_AREA"":""608"",""COMMODITY"":""5210"",""TRANSACTION"":""1221"",""UNIT_MEASURE"":""TN"",""Year"":""2019"",""Quantity"":""929.5"",""UNIT_MULT"":""3"",""OBS_STATUS"":""A"",""CONVERSION_FACTOR"":""26.8000000""}],""OldParentAndBioMatchedIndividually"":true,""RevisionRule"":""Separate frozen source files match the same already-cached official response at exact values/scope/units/status; download date equality not assumed""}","Metric tons,  thousand","e7a7aa99fdeab07e1d5bd613bfd138f45c7d65dcf08047fb062a0aadbc066060","research_inputs/assembly_v1/sources/FINAL_ACCEPTED_BLEND_ENVELOPES.json","2735d2df6e21f6f6ef0248e4d25001c370d52720c40674adea4ccf66f17e903b","null","true"
"PH:2019:5222:121","FUTURE_SENSITIVITY_INPUT_NOT_RUN","PH","121","774.4","15.61","0","790.01","9246336.000000","159534.2000000","9405870.2000000","[""PH:2050:Industry:IndustryFinalEnergy:biomass"",""PH:2050:Industry:IndustryFinalEnergy:oil""]","[{""InputID"":""PH:2050:Industry:IndustryFinalEnergy:biomass"",""BaseAccountID"":""PH:2019:IndustryFinalEnergy:biomass"",""BaseMWh"":""7403607.9918773933222222222222"",""Value"":""22378362.51855181925520833333326616379310"",""GrowthNumerator"":""561.0"",""GrowthDenominator"":""185.6"",""TargetMethodID"":""ASSEMBLY_V1_ACCEPTED_GROWTH_PROXY"",""BlendMethodID"":""ASSEMBLY_V1_BLEND_NO_OVERLAP_UPPER"",""SourceRows"":[""ea1088c05f10f5f3aa33fbc56b846401c1959ca6fdd8df2fa0b3f56f3335e72c:2412"",""9c32689fcf967b5d25086511b32fcfbfb4894f2b860deff953d781f92d749211:15060"",""5c72caaa64762e177e5e53c55b7f9fd07ee57f6a91681d600bdd6c6be174b8c2:7460"",""26a364db4d763d9d5a69eff04aa717af5db5d2736c5c1f4e47223a12eae7db66:56235""],""UncertaintyIDs"":[""PH:2019:5222:121""],""SourceReportedOverlap"":false},{""InputID"":""PH:2050:Industry:IndustryFinalEnergy:oil"",""BaseAccountID"":""PH:2019:IndustryFinalEnergy:oil"",""BaseMWh"":""16672554.000000"",""Value"":""50394950.39870689655172413793103448275862"",""GrowthNumerator"":""561.0"",""GrowthDenominator"":""185.6"",""TargetMethodID"":""ASSEMBLY_V1_ACCEPTED_GROWTH_PROXY"",""BlendMethodID"":""ASSEMBLY_V1_BLEND_NO_OVERLAP_UPPER"",""SourceRows"":[""b5ec374fcb60a4567468b3279fe6fa584ed0506d32f42a80e0760becce6c5cdb:72784"",""1c2952a5f87bfcdb0eef1af6b6c774e741a99e5b72c5ced91a585d6efe9be50a:73879"",""b02371f39dec320e227fd3223fcf8ad545595b5b53b48d2834bf9a838191076e:67172""],""UncertaintyIDs"":[""PH:2019:5222:121""],""SourceReportedOverlap"":false}]","5c72caaa64762e177e5e53c55b7f9fd07ee57f6a91681d600bdd6c6be174b8c2:7460","5c72caaa64762e177e5e53c55b7f9fd07ee57f6a91681d600bdd6c6be174b8c2","Biodiesel","10220.00000","1dcd65f63653168a957d298814be0eb2850af9e194f8f3346619f52d548a3ae4","GATE4-20261006-FINAL-CLOSURE#A","Fossil = (P-Z)*petroleum_NCV; Bio = B*bio_NCV","774.4","ASSEMBLY_V1_BLEND_NO_OVERLAP_UPPER","1c2952a5f87bfcdb0eef1af6b6c774e741a99e5b72c5ced91a585d6efe9be50a:73879","1c2952a5f87bfcdb0eef1af6b6c774e741a99e5b72c5ced91a585d6efe9be50a","11940.00000","{""Memo"":""ZD"",""InclusionVerified"":true,""VersionReconciled"":true,""DefinitionSource"":""research_inputs/assembly_v1/sources/unsd_targeted/questionnaire_guidelines.pdf"",""DefinitionSHA256"":""cee1915572e50daa3f660f3f3bfd3eb1a61a6c931502e2e5b8c1ca2cff0bf16a"",""DefinitionPages"":[11,16,17],""DefinitionMeaning"":""ZG/ZD is the blended subset included in MO/DL and in AL/BD totals; no assumption about its realised share"",""DSDSHA256"":""c2235063d0f4b2252e1834f959f0b3bbb0a6b6ed3c5358f8bb8d6603507ecb99"",""OfficialMemoName"":""Of which: biodiesel"",""SameResponseSHA256"":""1dcd65f63653168a957d298814be0eb2850af9e194f8f3346619f52d548a3ae4"",""SameResponseRows"":[{""FREQ"":""A"",""REF_AREA"":""608"",""COMMODITY"":""4670"",""TRANSACTION"":""121"",""UNIT_MEASURE"":""TN"",""Year"":""2019"",""Quantity"":""774.4"",""UNIT_MULT"":""3"",""OBS_STATUS"":""A"",""CONVERSION_FACTOR"":""43.0000000""},{""FREQ"":""A"",""REF_AREA"":""608"",""COMMODITY"":""5220"",""TRANSACTION"":""121"",""UNIT_MEASURE"":""TN"",""Year"":""2019"",""Quantity"":""15.61"",""UNIT_MULT"":""3"",""OBS_STATUS"":""A"",""CONVERSION_FACTOR"":""36.8000000""}],""OldParentAndBioMatchedIndividually"":true,""RevisionRule"":""Separate frozen source files match the same already-cached official response at exact values/scope/units/status; download date equality not assumed""}","Metric tons,  thousand","e7a7aa99fdeab07e1d5bd613bfd138f45c7d65dcf08047fb062a0aadbc066060","research_inputs/assembly_v1/sources/FINAL_ACCEPTED_BLEND_ENVELOPES.json","2735d2df6e21f6f6ef0248e4d25001c370d52720c40674adea4ccf66f17e903b","null","true"
"PH:2019:5222:1221","FUTURE_SENSITIVITY_INPUT_NOT_RUN","PH","1221","6111.9","129.62","0","6241.52","72976086.000000","1324716.4000000","74300802.4000000","[""PH:2050:Transport:RoadResidualFuel:biomass"",""PH:2050:Transport:RoadResidualFuel:oil""]","[{""InputID"":""PH:2050:Transport:RoadResidualFuel:biomass"",""BaseAccountID"":""PH:2019:RoadResidualFuel:biomass"",""BaseMWh"":""8243914.4000000"",""Value"":""21285423.61267217630853994490358126721763"",""GrowthNumerator"":""374.9"",""GrowthDenominator"":""145.2"",""TargetMethodID"":""ASSEMBLY_V1_ROAD_NON_ELECTRIC_TRANSPORT_GROWTH_PROXY"",""BlendMethodID"":""ASSEMBLY_V1_BLEND_NO_OVERLAP_UPPER"",""SourceRows"":[""5c72caaa64762e177e5e53c55b7f9fd07ee57f6a91681d600bdd6c6be174b8c2:7686"",""4030e2d946965aae430c9de2da1b51ae2c19b96dc5a585dc8838dc47384e16af:5789""],""UncertaintyIDs"":[""PH:2019:5212:1221"",""PH:2019:5222:1221""],""SourceReportedOverlap"":false},{""InputID"":""PH:2050:Transport:RoadResidualFuel:oil"",""BaseAccountID"":""PH:2019:RoadResidualFuel:oil"",""BaseMWh"":""127458362.000000"",""Value"":""329091872.6845730027548209366391184573003"",""GrowthNumerator"":""374.9"",""GrowthDenominator"":""145.2"",""TargetMethodID"":""ASSEMBLY_V1_ROAD_NON_ELECTRIC_TRANSPORT_GROWTH_PROXY"",""BlendMethodID"":""ASSEMBLY_V1_BLEND_NO_OVERLAP_UPPER"",""SourceRows"":[""1c2952a5f87bfcdb0eef1af6b6c774e741a99e5b72c5ced91a585d6efe9be50a:74137"",""b02371f39dec320e227fd3223fcf8ad545595b5b53b48d2834bf9a838191076e:67476"",""fe8fc603bb47c3ced818a86a96a4ad4e97b3b8ceb0d6b28a66d123d5e2c4d5ba:54858""],""UncertaintyIDs"":[""PH:2019:5212:1221"",""PH:2019:5222:1221""],""SourceReportedOverlap"":false}]","5c72caaa64762e177e5e53c55b7f9fd07ee57f6a91681d600bdd6c6be174b8c2:7686","5c72caaa64762e177e5e53c55b7f9fd07ee57f6a91681d600bdd6c6be174b8c2","Biodiesel","10220.00000","1dcd65f63653168a957d298814be0eb2850af9e194f8f3346619f52d548a3ae4","GATE4-20261006-FINAL-CLOSURE#A","Fossil = (P-Z)*petroleum_NCV; Bio = B*bio_NCV","6111.9","ASSEMBLY_V1_BLEND_NO_OVERLAP_UPPER","1c2952a5f87bfcdb0eef1af6b6c774e741a99e5b72c5ced91a585d6efe9be50a:74137","1c2952a5f87bfcdb0eef1af6b6c774e741a99e5b72c5ced91a585d6efe9be50a","11940.00000","{""Memo"":""ZD"",""InclusionVerified"":true,""VersionReconciled"":true,""DefinitionSource"":""research_inputs/assembly_v1/sources/unsd_targeted/questionnaire_guidelines.pdf"",""DefinitionSHA256"":""cee1915572e50daa3f660f3f3bfd3eb1a61a6c931502e2e5b8c1ca2cff0bf16a"",""DefinitionPages"":[11,16,17],""DefinitionMeaning"":""ZG/ZD is the blended subset included in MO/DL and in AL/BD totals; no assumption about its realised share"",""DSDSHA256"":""c2235063d0f4b2252e1834f959f0b3bbb0a6b6ed3c5358f8bb8d6603507ecb99"",""OfficialMemoName"":""Of which: biodiesel"",""SameResponseSHA256"":""1dcd65f63653168a957d298814be0eb2850af9e194f8f3346619f52d548a3ae4"",""SameResponseRows"":[{""FREQ"":""A"",""REF_AREA"":""608"",""COMMODITY"":""4670"",""TRANSACTION"":""1221"",""UNIT_MEASURE"":""TN"",""Year"":""2019"",""Quantity"":""6111.9"",""UNIT_MULT"":""3"",""OBS_STATUS"":""A"",""CONVERSION_FACTOR"":""43.0000000""},{""FREQ"":""A"",""REF_AREA"":""608"",""COMMODITY"":""5220"",""TRANSACTION"":""1221"",""UNIT_MEASURE"":""TN"",""Year"":""2019"",""Quantity"":""129.62"",""UNIT_MULT"":""3"",""OBS_STATUS"":""A"",""CONVERSION_FACTOR"":""36.8000000""}],""OldParentAndBioMatchedIndividually"":true,""RevisionRule"":""Separate frozen source files match the same already-cached official response at exact values/scope/units/status; download date equality not assumed""}","Metric tons,  thousand","e7a7aa99fdeab07e1d5bd613bfd138f45c7d65dcf08047fb062a0aadbc066060","research_inputs/assembly_v1/sources/FINAL_ACCEPTED_BLEND_ENVELOPES.json","2735d2df6e21f6f6ef0248e4d25001c370d52720c40674adea4ccf66f17e903b","null","true"
"PH:2019:5222:1222","FUTURE_SENSITIVITY_INPUT_NOT_RUN","PH","1222","1.6","0.03","0","1.63","19104.000000","306.6000000","19410.6000000","[""PH:2050:Transport:RailNonElectric:biomass"",""PH:2050:Transport:RailNonElectric:oil""]","[{""InputID"":""PH:2050:Transport:RailNonElectric:biomass"",""BaseAccountID"":""PH:2019:RailNonElectric:biomass"",""BaseMWh"":""306.6000000"",""Value"":""306.6000000"",""GrowthNumerator"":""1"",""GrowthDenominator"":""1"",""TargetMethodID"":""ASSEMBLY_V1_RAIL_CONSTANT_2019"",""BlendMethodID"":""ASSEMBLY_V1_BLEND_NO_OVERLAP_UPPER"",""SourceRows"":[""5c72caaa64762e177e5e53c55b7f9fd07ee57f6a91681d600bdd6c6be174b8c2:7705""],""UncertaintyIDs"":[""PH:2019:5222:1222""],""SourceReportedOverlap"":false},{""InputID"":""PH:2050:Transport:RailNonElectric:oil"",""BaseAccountID"":""PH:2019:RailNonElectric:oil"",""BaseMWh"":""19104.000000"",""Value"":""19104.000000"",""GrowthNumerator"":""1"",""GrowthDenominator"":""1"",""TargetMethodID"":""ASSEMBLY_V1_RAIL_CONSTANT_2019"",""BlendMethodID"":""ASSEMBLY_V1_BLEND_NO_OVERLAP_UPPER"",""SourceRows"":[""1c2952a5f87bfcdb0eef1af6b6c774e741a99e5b72c5ced91a585d6efe9be50a:74160""],""UncertaintyIDs"":[""PH:2019:5222:1222""],""SourceReportedOverlap"":false}]","5c72caaa64762e177e5e53c55b7f9fd07ee57f6a91681d600bdd6c6be174b8c2:7705","5c72caaa64762e177e5e53c55b7f9fd07ee57f6a91681d600bdd6c6be174b8c2","Biodiesel","10220.00000","1dcd65f63653168a957d298814be0eb2850af9e194f8f3346619f52d548a3ae4","GATE4-20261006-FINAL-CLOSURE#A","Fossil = (P-Z)*petroleum_NCV; Bio = B*bio_NCV","1.6","ASSEMBLY_V1_BLEND_NO_OVERLAP_UPPER","1c2952a5f87bfcdb0eef1af6b6c774e741a99e5b72c5ced91a585d6efe9be50a:74160","1c2952a5f87bfcdb0eef1af6b6c774e741a99e5b72c5ced91a585d6efe9be50a","11940.00000","{""Memo"":""ZD"",""InclusionVerified"":true,""VersionReconciled"":true,""DefinitionSource"":""research_inputs/assembly_v1/sources/unsd_targeted/questionnaire_guidelines.pdf"",""DefinitionSHA256"":""cee1915572e50daa3f660f3f3bfd3eb1a61a6c931502e2e5b8c1ca2cff0bf16a"",""DefinitionPages"":[11,16,17],""DefinitionMeaning"":""ZG/ZD is the blended subset included in MO/DL and in AL/BD totals; no assumption about its realised share"",""DSDSHA256"":""c2235063d0f4b2252e1834f959f0b3bbb0a6b6ed3c5358f8bb8d6603507ecb99"",""OfficialMemoName"":""Of which: biodiesel"",""SameResponseSHA256"":""1dcd65f63653168a957d298814be0eb2850af9e194f8f3346619f52d548a3ae4"",""SameResponseRows"":[{""FREQ"":""A"",""REF_AREA"":""608"",""COMMODITY"":""4670"",""TRANSACTION"":""1222"",""UNIT_MEASURE"":""TN"",""Year"":""2019"",""Quantity"":""1.6"",""UNIT_MULT"":""3"",""OBS_STATUS"":""A"",""CONVERSION_FACTOR"":""43.0000000""},{""FREQ"":""A"",""REF_AREA"":""608"",""COMMODITY"":""5220"",""TRANSACTION"":""1222"",""UNIT_MEASURE"":""TN"",""Year"":""2019"",""Quantity"":""0.03"",""UNIT_MULT"":""3"",""OBS_STATUS"":""A"",""CONVERSION_FACTOR"":""36.8000000""}],""OldParentAndBioMatchedIndividually"":true,""RevisionRule"":""Separate frozen source files match the same already-cached official response at exact values/scope/units/status; download date equality not assumed""}","Metric tons,  thousand","e7a7aa99fdeab07e1d5bd613bfd138f45c7d65dcf08047fb062a0aadbc066060","research_inputs/assembly_v1/sources/FINAL_ACCEPTED_BLEND_ENVELOPES.json","2735d2df6e21f6f6ef0248e4d25001c370d52720c40674adea4ccf66f17e903b","null","true"
"PH:2019:5222:1232","FUTURE_SENSITIVITY_INPUT_NOT_RUN","PH","1232","223.4","4.51","0","227.91","2667396.000000","46092.2000000","2713488.2000000","[""PH:2050:Agriculture:AgricultureFinalEnergy:biomass"",""PH:2050:Agriculture:AgricultureFinalEnergy:oil""]","[{""InputID"":""PH:2050:Agriculture:AgricultureFinalEnergy:biomass"",""BaseAccountID"":""PH:2019:AgricultureFinalEnergy:biomass"",""BaseMWh"":""46092.2000000"",""Value"":""145609.4500000"",""GrowthNumerator"":""27.8"",""GrowthDenominator"":""8.8"",""TargetMethodID"":""ASSEMBLY_V1_ACCEPTED_GROWTH_PROXY"",""BlendMethodID"":""ASSEMBLY_V1_BLEND_NO_OVERLAP_UPPER"",""SourceRows"":[""5c72caaa64762e177e5e53c55b7f9fd07ee57f6a91681d600bdd6c6be174b8c2:7749""],""UncertaintyIDs"":[""PH:2019:5222:1232""],""SourceReportedOverlap"":false},{""InputID"":""PH:2050:Agriculture:AgricultureFinalEnergy:oil"",""BaseAccountID"":""PH:2019:AgricultureFinalEnergy:oil"",""BaseMWh"":""2801226.000000"",""Value"":""8849327.590909090909090909090909090909091"",""GrowthNumerator"":""27.8"",""GrowthDenominator"":""8.8"",""TargetMethodID"":""ASSEMBLY_V1_ACCEPTED_GROWTH_PROXY"",""BlendMethodID"":""ASSEMBLY_V1_BLEND_NO_OVERLAP_UPPER"",""SourceRows"":[""b5ec374fcb60a4567468b3279fe6fa584ed0506d32f42a80e0760becce6c5cdb:73162"",""1c2952a5f87bfcdb0eef1af6b6c774e741a99e5b72c5ced91a585d6efe9be50a:74231"",""fe8fc603bb47c3ced818a86a96a4ad4e97b3b8ceb0d6b28a66d123d5e2c4d5ba:54960""],""UncertaintyIDs"":[""PH:2019:5222:1232""],""SourceReportedOverlap"":false}]","5c72caaa64762e177e5e53c55b7f9fd07ee57f6a91681d600bdd6c6be174b8c2:7749","5c72caaa64762e177e5e53c55b7f9fd07ee57f6a91681d600bdd6c6be174b8c2","Biodiesel","10220.00000","1dcd65f63653168a957d298814be0eb2850af9e194f8f3346619f52d548a3ae4","GATE4-20261006-FINAL-CLOSURE#A","Fossil = (P-Z)*petroleum_NCV; Bio = B*bio_NCV","223.4","ASSEMBLY_V1_BLEND_NO_OVERLAP_UPPER","1c2952a5f87bfcdb0eef1af6b6c774e741a99e5b72c5ced91a585d6efe9be50a:74231","1c2952a5f87bfcdb0eef1af6b6c774e741a99e5b72c5ced91a585d6efe9be50a","11940.00000","{""Memo"":""ZD"",""InclusionVerified"":true,""VersionReconciled"":true,""DefinitionSource"":""research_inputs/assembly_v1/sources/unsd_targeted/questionnaire_guidelines.pdf"",""DefinitionSHA256"":""cee1915572e50daa3f660f3f3bfd3eb1a61a6c931502e2e5b8c1ca2cff0bf16a"",""DefinitionPages"":[11,16,17],""DefinitionMeaning"":""ZG/ZD is the blended subset included in MO/DL and in AL/BD totals; no assumption about its realised share"",""DSDSHA256"":""c2235063d0f4b2252e1834f959f0b3bbb0a6b6ed3c5358f8bb8d6603507ecb99"",""OfficialMemoName"":""Of which: biodiesel"",""SameResponseSHA256"":""1dcd65f63653168a957d298814be0eb2850af9e194f8f3346619f52d548a3ae4"",""SameResponseRows"":[{""FREQ"":""A"",""REF_AREA"":""608"",""COMMODITY"":""4670"",""TRANSACTION"":""1232"",""UNIT_MEASURE"":""TN"",""Year"":""2019"",""Quantity"":""223.4"",""UNIT_MULT"":""3"",""OBS_STATUS"":""A"",""CONVERSION_FACTOR"":""43.0000000""},{""FREQ"":""A"",""REF_AREA"":""608"",""COMMODITY"":""5220"",""TRANSACTION"":""1232"",""UNIT_MEASURE"":""TN"",""Year"":""2019"",""Quantity"":""4.51"",""UNIT_MULT"":""3"",""OBS_STATUS"":""A"",""CONVERSION_FACTOR"":""36.8000000""}],""OldParentAndBioMatchedIndividually"":true,""RevisionRule"":""Separate frozen source files match the same already-cached official response at exact values/scope/units/status; download date equality not assumed""}","Metric tons,  thousand","e7a7aa99fdeab07e1d5bd613bfd138f45c7d65dcf08047fb062a0aadbc066060","research_inputs/assembly_v1/sources/FINAL_ACCEPTED_BLEND_ENVELOPES.json","2735d2df6e21f6f6ef0248e4d25001c370d52720c40674adea4ccf66f17e903b","null","true"
"PH:2019:5222:1235","FUTURE_SENSITIVITY_INPUT_NOT_RUN","PH","1235","1752.2","35.34","0","1787.54","20921268.000000","361174.8000000","21282442.8000000","[""PH:2050:Buildings:ServicesFuel:biomass"",""PH:2050:Buildings:ServicesFuel:oil""]","[{""InputID"":""PH:2050:Buildings:ServicesFuel:biomass"",""BaseAccountID"":""PH:2019:ServicesFuel:biomass"",""BaseMWh"":""4562301.1531034474000000"",""Value"":""11738259.57696785280203389830508474576271"",""GrowthNumerator"":""75.9"",""GrowthDenominator"":""29.5"",""TargetMethodID"":""ASSEMBLY_V1_ACCEPTED_GROWTH_PROXY"",""BlendMethodID"":""ASSEMBLY_V1_BLEND_NO_OVERLAP_UPPER"",""SourceRows"":[""5c72caaa64762e177e5e53c55b7f9fd07ee57f6a91681d600bdd6c6be174b8c2:7768"",""da54b258ffb4927f30834c01f4e9aff7c267dd70c5ef5760292dd21ef5802345:29067"",""26a364db4d763d9d5a69eff04aa717af5db5d2736c5c1f4e47223a12eae7db66:56417""],""UncertaintyIDs"":[""PH:2019:5222:1235""],""SourceReportedOverlap"":false},{""InputID"":""PH:2050:Buildings:ServicesFuel:oil"",""BaseAccountID"":""PH:2019:ServicesFuel:oil"",""BaseMWh"":""28828673.000000"",""Value"":""74172755.27796610169491525423728813559322"",""GrowthNumerator"":""75.9"",""GrowthDenominator"":""29.5"",""TargetMethodID"":""ASSEMBLY_V1_ACCEPTED_GROWTH_PROXY"",""BlendMethodID"":""ASSEMBLY_V1_BLEND_NO_OVERLAP_UPPER"",""SourceRows"":[""b5ec374fcb60a4567468b3279fe6fa584ed0506d32f42a80e0760becce6c5cdb:73207"",""1c2952a5f87bfcdb0eef1af6b6c774e741a99e5b72c5ced91a585d6efe9be50a:74262"",""b02371f39dec320e227fd3223fcf8ad545595b5b53b48d2834bf9a838191076e:67587""],""UncertaintyIDs"":[""PH:2019:5222:1235""],""SourceReportedOverlap"":false}]","5c72caaa64762e177e5e53c55b7f9fd07ee57f6a91681d600bdd6c6be174b8c2:7768","5c72caaa64762e177e5e53c55b7f9fd07ee57f6a91681d600bdd6c6be174b8c2","Biodiesel","10220.00000","1dcd65f63653168a957d298814be0eb2850af9e194f8f3346619f52d548a3ae4","GATE4-20261006-FINAL-CLOSURE#A","Fossil = (P-Z)*petroleum_NCV; Bio = B*bio_NCV","1752.2","ASSEMBLY_V1_BLEND_NO_OVERLAP_UPPER","1c2952a5f87bfcdb0eef1af6b6c774e741a99e5b72c5ced91a585d6efe9be50a:74262","1c2952a5f87bfcdb0eef1af6b6c774e741a99e5b72c5ced91a585d6efe9be50a","11940.00000","{""Memo"":""ZD"",""InclusionVerified"":true,""VersionReconciled"":true,""DefinitionSource"":""research_inputs/assembly_v1/sources/unsd_targeted/questionnaire_guidelines.pdf"",""DefinitionSHA256"":""cee1915572e50daa3f660f3f3bfd3eb1a61a6c931502e2e5b8c1ca2cff0bf16a"",""DefinitionPages"":[11,16,17],""DefinitionMeaning"":""ZG/ZD is the blended subset included in MO/DL and in AL/BD totals; no assumption about its realised share"",""DSDSHA256"":""c2235063d0f4b2252e1834f959f0b3bbb0a6b6ed3c5358f8bb8d6603507ecb99"",""OfficialMemoName"":""Of which: biodiesel"",""SameResponseSHA256"":""1dcd65f63653168a957d298814be0eb2850af9e194f8f3346619f52d548a3ae4"",""SameResponseRows"":[{""FREQ"":""A"",""REF_AREA"":""608"",""COMMODITY"":""4670"",""TRANSACTION"":""1235"",""UNIT_MEASURE"":""TN"",""Year"":""2019"",""Quantity"":""1752.2"",""UNIT_MULT"":""3"",""OBS_STATUS"":""A"",""CONVERSION_FACTOR"":""43.0000000""},{""FREQ"":""A"",""REF_AREA"":""608"",""COMMODITY"":""5220"",""TRANSACTION"":""1235"",""UNIT_MEASURE"":""TN"",""Year"":""2019"",""Quantity"":""35.34"",""UNIT_MULT"":""3"",""OBS_STATUS"":""A"",""CONVERSION_FACTOR"":""36.8000000""}],""OldParentAndBioMatchedIndividually"":true,""RevisionRule"":""Separate frozen source files match the same already-cached official response at exact values/scope/units/status; download date equality not assumed""}","Metric tons,  thousand","e7a7aa99fdeab07e1d5bd613bfd138f45c7d65dcf08047fb062a0aadbc066060","research_inputs/assembly_v1/sources/FINAL_ACCEPTED_BLEND_ENVELOPES.json","2735d2df6e21f6f6ef0248e4d25001c370d52720c40674adea4ccf66f17e903b","null","true"
"VN:2019:5212:1221","FUTURE_SENSITIVITY_INPUT_NOT_RUN","VN","1221","6341","122","0","6463","77994300.0000","908168.000000","78902468.000000","[""VN:2050:Transport:RoadResidualFuel:biomass"",""VN:2050:Transport:RoadResidualFuel:oil""]","[{""InputID"":""VN:2050:Transport:RoadResidualFuel:biomass"",""BaseAccountID"":""VN:2019:RoadResidualFuel:biomass"",""BaseMWh"":""908168.000000"",""Value"":""2344849.746556473829201101928374655647383"",""GrowthNumerator"":""374.9"",""GrowthDenominator"":""145.2"",""TargetMethodID"":""ASSEMBLY_V1_ROAD_NON_ELECTRIC_TRANSPORT_GROWTH_PROXY"",""BlendMethodID"":""ASSEMBLY_V1_BLEND_NO_OVERLAP_UPPER"",""SourceRows"":[""4030e2d946965aae430c9de2da1b51ae2c19b96dc5a585dc8838dc47384e16af:8099""],""UncertaintyIDs"":[""VN:2019:5212:1221""],""SourceReportedOverlap"":false},{""InputID"":""VN:2050:Transport:RoadResidualFuel:oil"",""BaseAccountID"":""VN:2019:RoadResidualFuel:oil"",""BaseMWh"":""77994300.0000"",""Value"":""201377844.8347107438016528925619834710744"",""GrowthNumerator"":""374.9"",""GrowthDenominator"":""145.2"",""TargetMethodID"":""ASSEMBLY_V1_ROAD_NON_ELECTRIC_TRANSPORT_GROWTH_PROXY"",""BlendMethodID"":""ASSEMBLY_V1_BLEND_NO_OVERLAP_UPPER"",""SourceRows"":[""fe8fc603bb47c3ced818a86a96a4ad4e97b3b8ceb0d6b28a66d123d5e2c4d5ba:76048""],""UncertaintyIDs"":[""VN:2019:5212:1221""],""SourceReportedOverlap"":false}]","4030e2d946965aae430c9de2da1b51ae2c19b96dc5a585dc8838dc47384e16af:8099","4030e2d946965aae430c9de2da1b51ae2c19b96dc5a585dc8838dc47384e16af","Biogasoline","7444.000000","163508034cf4a71b32da2209bf21a038c5349b0b45770f71564f3fcd6810aee8","GATE4-20261006-FINAL-CLOSURE#A","Fossil = (P-Z)*petroleum_NCV; Bio = B*bio_NCV","6341","ASSEMBLY_V1_BLEND_NO_OVERLAP_UPPER","fe8fc603bb47c3ced818a86a96a4ad4e97b3b8ceb0d6b28a66d123d5e2c4d5ba:76048","fe8fc603bb47c3ced818a86a96a4ad4e97b3b8ceb0d6b28a66d123d5e2c4d5ba","12300.0000","{""Memo"":""ZG"",""InclusionVerified"":true,""VersionReconciled"":true,""DefinitionSource"":""research_inputs/assembly_v1/sources/unsd_targeted/questionnaire_guidelines.pdf"",""DefinitionSHA256"":""cee1915572e50daa3f660f3f3bfd3eb1a61a6c931502e2e5b8c1ca2cff0bf16a"",""DefinitionPages"":[10,16],""DefinitionMeaning"":""ZG/ZD is the blended subset included in MO/DL and in AL/BD totals; no assumption about its realised share"",""DSDSHA256"":""c2235063d0f4b2252e1834f959f0b3bbb0a6b6ed3c5358f8bb8d6603507ecb99"",""OfficialMemoName"":""Of which: biogasoline"",""SameResponseSHA256"":""163508034cf4a71b32da2209bf21a038c5349b0b45770f71564f3fcd6810aee8"",""SameResponseRows"":[{""FREQ"":""A"",""REF_AREA"":""704"",""COMMODITY"":""4652"",""TRANSACTION"":""1221"",""UNIT_MEASURE"":""TN"",""Year"":""2019"",""Quantity"":""6341"",""UNIT_MULT"":""3"",""OBS_STATUS"":""A"",""CONVERSION_FACTOR"":""44.3000000""},{""FREQ"":""A"",""REF_AREA"":""704"",""COMMODITY"":""5210"",""TRANSACTION"":""1221"",""UNIT_MEASURE"":""TN"",""Year"":""2019"",""Quantity"":""122"",""UNIT_MULT"":""3"",""OBS_STATUS"":""A"",""CONVERSION_FACTOR"":""26.8000000""}],""OldParentAndBioMatchedIndividually"":true,""RevisionRule"":""Separate frozen source files match the same already-cached official response at exact values/scope/units/status; download date equality not assumed""}","Metric tons,  thousand","e7a7aa99fdeab07e1d5bd613bfd138f45c7d65dcf08047fb062a0aadbc066060","research_inputs/assembly_v1/sources/FINAL_ACCEPTED_BLEND_ENVELOPES.json","2735d2df6e21f6f6ef0248e4d25001c370d52720c40674adea4ccf66f17e903b","null","true"
