"Check","Status","Scope","Evidence"
"UNIQUE_COMPONENTS_AND_ENDPOINTS","PASS","MATERIALISED_SCOPE","{""buses"":2807,""generators"":860,""links"":2872,""stores"":768,""storage_units"":43}"
"EXACTLY_ONCE_ACCOUNT_BINDING","PASS","QUALIFIED_ACCOUNTS","{""accounts"":153,""loads"":1437,""unique_array_keys"":153}"
"ANNUAL_DEMAND_COUNTRY_CONSERVATION","PASS","QUALIFIED_ACCOUNTS","2920 snapshots; 3h weights; source_account_id/carrier/sector/country retained"
"EXISTING_STOCK_PRESERVED","PASS","QUALIFIED_STOCK","{""source_units"":745,""capacity_mw"":187400.4}"
"NON_ELECTRIC_COUNTRY_ISOLATION","PASS","MATERIALISED_PATHS","No direct or multihop physical cross-country fuel pool"
"STRUCTURAL_SUPPLY_REACHABILITY","PASS","NECESSARY_GRAPH_CONDITION_ONLY","{""loads_reachable"":1437,""source_buses"":1068,""interpretation"":""Necessary graph reachability only; does not establish joint multi-input, capacity or temporal feasibility""}"
"ELECTRIC_BORDER_CLASSIFICATION","PASS","MATERIALISED_TOPOLOGY","[{""type"":""Link"",""name"":""250878579-1_0"",""countries"":[""MY"",""TH""]},{""type"":""Link"",""name"":""250878579-2_0"",""countries"":[""MY"",""TH""]},{""type"":""Link"",""name"":""250878579-3_0"",""countries"":[""MY"",""TH""]},{""type"":""Link"",""name"":""250878579-4_0"",""countries"":[""MY"",""TH""]},{""type"":""Link"",""name"":""Khlong Ngae – Gurun"",""countries"":[""MY"",""TH""]},{""type"":""Line"",""name"":""23"",""countries"":[""ID"",""MY""]},{""type"":""Line"",""name"":""39"",""countries"":[""KH"",""VN""]},{""type"":""Line"",""name"":""43"",""countries"":[""KH"",""LA""]},{""type"":""Line"",""name"":""47"",""countries"":[""KH"",""TH""]},{""type"":""Line"",""name"":""49"",""countries"":[""LA"",""TH""]},{""type"":""Line"",""name"":""52"",""countries"":[""LA"",""TH""]},{""type"":""Line"",""name"":""53"",""countries"":[""LA"",""TH""]},{""type"":""Line"",""name"":""55"",""countries"":[""LA"",""TH""]},{""type"":""Line"",""name"":""56"",""countries"":[""LA"",""TH""]},{""type"":""Line"",""name"":""58"",""countries"":[""LA"",""TH""]},{""type"":""Line"",""name"":""59"",""countries"":[""LA"",""VN""]},{""type"":""Line"",""name"":""60"",""countries"":[""LA"",""VN""]},{""type"":""Line"",""name"":""61"",""countries"":[""LA"",""TH""]},{""type"":""Line"",""name"":""62"",""countries"":[""LA"",""TH""]},{""type"":""Line"",""name"":""63"",""countries"":[""LA"",""VN""]},{""type"":""Line"",""name"":""64"",""countries"":[""LA"",""VN""]},{""type"":""Line"",""name"":""66"",""countries"":[""LA"",""TH""]},{""type"":""Line"",""name"":""91"",""countries"":[""MY"",""TH""]},{""type"":""Line"",""name"":""92"",""countries"":[""MY"",""SG""]}]"
"FIXED_ACCOUNT_EXCLUSIVITY","PASS","ACTUAL_COMBINED_NETWORK","{""records"":471,""unknown_values"":""null; outside priced objective""}"
"CARBON_EVENT_IDENTITY_AND_POLICY","PASS","MATERIALISED_EVENTS","{""events"":1598,""pending_policy"":200,""policy_enabled"":false}"
"REQUIRED_HOOKS_RETAINED","PASS","REGISTRATION_NOT_EXECUTION","[""install_fragment_constraints"",""research_battery_inverter_capacity_equality"",""research_existing_assets""]"
"NETCDF_ROUNDTRIP","PASS","ALL_STATIC_AND_DYNAMIC_INPUTS_AND_META","Every component field, input series, weight and metadata compared"
"DIAGNOSTIC_GUARDS","PASS","PERSISTED_AND_RELOADED","{""artifact_role"":""DIAGNOSTIC_PARTIAL_UNSOLVED"",""fullsc_network_complete"":false,""input_coverage_complete"":false,""solver_allowed"":false,""scientific_results_allowed"":false,""gate5_allowed"":false}"
"FULL_MODEL_GATE_STILL_CLOSED","PASS","UNCHANGED_FULL_ENTRY","BLOCKED_INPUT_FREEZE"
