"AssetID","Country","Technology","Status","RawUnitID","ParentAssetID","SurvivingMW","ActualIntegratedMW","Component","Node","HydroSubtype","ResourceIdentity","PendingReason","Source","SourceVersion","DecisionReference"
"GEM:G100001051668","VN","Hydro","ACTUALLY_INTEGRATED","G100001051668","PPM:1","44","44","existing_survivor::VN2 2::Hydro::2fdf8aaeea34","VN2 2","Reservoir","06152be56ee41f64bfdca42fd24aeaf363ab61f931fec7b5e4bc12f6d6456ecb:StorageUnit:VN2 2:hydro","","Global-Hydropower-Tracker-April-2025.xlsx","d2fe29a7d198fd6752cb4cec3d88caf9f1d1105a7052fd0805f5cf5fc43777c4","GATE4-20261005-HYDRO-PHYSICAL-POLICY-SEPARATION"
"GEM:G100000604043","VN","Hydro","ACTUALLY_INTEGRATED","G100000604043","PPM:2","97","97","existing_survivor::VN2 3::Hydro::31fd8e492352","VN2 3","Reservoir","06152be56ee41f64bfdca42fd24aeaf363ab61f931fec7b5e4bc12f6d6456ecb:StorageUnit:VN2 3:hydro","","Global-Hydropower-Tracker-April-2025.xlsx","d2fe29a7d198fd6752cb4cec3d88caf9f1d1105a7052fd0805f5cf5fc43777c4","GATE4-20261005-HYDRO-PHYSICAL-POLICY-SEPARATION"
"GEM:G100000604042","VN","Hydro","ACTUALLY_INTEGRATED","G100000604042","PPM:3","90","90","existing_survivor::VN2 1::Hydro::ff86ce2c06d3","VN2 1","Reservoir","06152be56ee41f64bfdca42fd24aeaf363ab61f931fec7b5e4bc12f6d6456ecb:StorageUnit:VN2 1:hydro","","Global-Hydropower-Tracker-April-2025.xlsx","d2fe29a7d198fd6752cb4cec3d88caf9f1d1105a7052fd0805f5cf5fc43777c4","GATE4-20261005-HYDRO-PHYSICAL-POLICY-SEPARATION"
"GEM:G100000604041","VN","Hydro","PENDING_INPUT_GROUP","G100000604041","PPM:6","78","0","","VN2 5","Run-Of-River","06152be56ee41f64bfdca42fd24aeaf363ab61f931fec7b5e4bc12f6d6456ecb:Generator:VN2 5:ror","NO_UNIQUE_SAME_NODE_INPUT_RESOURCE_GROUP; no cross-node or cross-partition fallback","Global-Hydropower-Tracker-April-2025.xlsx","d2fe29a7d198fd6752cb4cec3d88caf9f1d1105a7052fd0805f5cf5fc43777c4","GATE4-20261005-HYDRO-PHYSICAL-POLICY-SEPARATION"
"GEM:G100000604040","VN","Hydro","ACTUALLY_INTEGRATED","G100000604040","PPM:11","86","86","existing_survivor::VN2 4::Hydro::496c66207529","VN2 4","Reservoir","06152be56ee41f64bfdca42fd24aeaf363ab61f931fec7b5e4bc12f6d6456ecb:StorageUnit:VN2 4:hydro","","Global-Hydropower-Tracker-April-2025.xlsx","d2fe29a7d198fd6752cb4cec3d88caf9f1d1105a7052fd0805f5cf5fc43777c4","GATE4-20261005-HYDRO-PHYSICAL-POLICY-SEPARATION"
"GEM:G100000604039","VN","Hydro","ACTUALLY_INTEGRATED","G100000604039","PPM:12","280","280","existing_survivor::VN2 4::Hydro::496c66207529","VN2 4","Reservoir","06152be56ee41f64bfdca42fd24aeaf363ab61f931fec7b5e4bc12f6d6456ecb:StorageUnit:VN2 4:hydro","","Global-Hydropower-Tracker-April-2025.xlsx","d2fe29a7d198fd6752cb4cec3d88caf9f1d1105a7052fd0805f5cf5fc43777c4","GATE4-20261005-HYDRO-PHYSICAL-POLICY-SEPARATION"
"GEM:G100000604038","VN","Hydro","ACTUALLY_INTEGRATED","G100000604038","PPM:14","320","320","existing_survivor::VN2 3::Hydro::31fd8e492352","VN2 3","Reservoir","06152be56ee41f64bfdca42fd24aeaf363ab61f931fec7b5e4bc12f6d6456ecb:StorageUnit:VN2 3:hydro","","Global-Hydropower-Tracker-April-2025.xlsx","d2fe29a7d198fd6752cb4cec3d88caf9f1d1105a7052fd0805f5cf5fc43777c4","GATE4-20261005-HYDRO-PHYSICAL-POLICY-SEPARATION"
"GEM:G100000604045","VN","Hydro","ACTUALLY_INTEGRATED","G100000604045","PPM:15","243","243","existing_survivor::VN2 4::Hydro::496c66207529","VN2 4","Reservoir","06152be56ee41f64bfdca42fd24aeaf363ab61f931fec7b5e4bc12f6d6456ecb:StorageUnit:VN2 4:hydro","","Global-Hydropower-Tracker-April-2025.xlsx","d2fe29a7d198fd6752cb4cec3d88caf9f1d1105a7052fd0805f5cf5fc43777c4","GATE4-20261005-HYDRO-PHYSICAL-POLICY-SEPARATION"
"GEM:G100000604037","VN","Hydro","ACTUALLY_INTEGRATED","G100000604037","PPM:16","220","220","existing_survivor::VN2 1::Hydro::ff86ce2c06d3","VN2 1","Reservoir","06152be56ee41f64bfdca42fd24aeaf363ab61f931fec7b5e4bc12f6d6456ecb:StorageUnit:VN2 1:hydro","","Global-Hydropower-Tracker-April-2025.xlsx","d2fe29a7d198fd6752cb4cec3d88caf9f1d1105a7052fd0805f5cf5fc43777c4","GATE4-20261005-HYDRO-PHYSICAL-POLICY-SEPARATION"
"GEM:G100000604035","VN","Hydro","ACTUALLY_INTEGRATED","G100000604035","PPM:18","80","80","existing_survivor::VN2 6::Hydro::d535d7518595","VN2 6","Run-Of-River","06152be56ee41f64bfdca42fd24aeaf363ab61f931fec7b5e4bc12f6d6456ecb:Generator:VN2 6:ror","","Global-Hydropower-Tracker-April-2025.xlsx","d2fe29a7d198fd6752cb4cec3d88caf9f1d1105a7052fd0805f5cf5fc43777c4","GATE4-20261005-HYDRO-PHYSICAL-POLICY-SEPARATION"
"GEM:G100000604034","VN","Hydro","ACTUALLY_INTEGRATED","G100000604034","PPM:20","160","160","existing_survivor::VN2 7::Hydro::339b5799c455","VN2 7","Reservoir","06152be56ee41f64bfdca42fd24aeaf363ab61f931fec7b5e4bc12f6d6456ecb:StorageUnit:VN2 7:hydro","","Global-Hydropower-Tracker-April-2025.xlsx","d2fe29a7d198fd6752cb4cec3d88caf9f1d1105a7052fd0805f5cf5fc43777c4","GATE4-20261005-HYDRO-PHYSICAL-POLICY-SEPARATION"
"GEM:G100000600378","KH","Hydro","ACTUALLY_INTEGRATED","G100000600378","PPM:24","132","132","existing_survivor::KH2 2::Hydro::1f0ea48a6f04","KH2 2","Reservoir","06152be56ee41f64bfdca42fd24aeaf363ab61f931fec7b5e4bc12f6d6456ecb:StorageUnit:KH2 2:hydro","","Global-Hydropower-Tracker-April-2025.xlsx","d2fe29a7d198fd6752cb4cec3d88caf9f1d1105a7052fd0805f5cf5fc43777c4","GATE4-20261005-HYDRO-PHYSICAL-POLICY-SEPARATION"
"GEM:G100000600379","KH","Hydro","ACTUALLY_INTEGRATED","G100000600379","PPM:24","206","206","existing_survivor::KH2 2::Hydro::1f0ea48a6f04","KH2 2","Reservoir","06152be56ee41f64bfdca42fd24aeaf363ab61f931fec7b5e4bc12f6d6456ecb:StorageUnit:KH2 2:hydro","","Global-Hydropower-Tracker-April-2025.xlsx","d2fe29a7d198fd6752cb4cec3d88caf9f1d1105a7052fd0805f5cf5fc43777c4","GATE4-20261005-HYDRO-PHYSICAL-POLICY-SEPARATION"
"GEM:G100000600376","KH","Hydro","ACTUALLY_INTEGRATED","G100000600376","PPM:25","194","194","existing_survivor::GEM:G100000600376","KH2 0","Reservoir","06152be56ee41f64bfdca42fd24aeaf363ab61f931fec7b5e4bc12f6d6456ecb:StorageUnit:KH2 0:hydro","","Global-Hydropower-Tracker-April-2025.xlsx","d2fe29a7d198fd6752cb4cec3d88caf9f1d1105a7052fd0805f5cf5fc43777c4","GATE4-20261005-HYDRO-PHYSICAL-POLICY-SEPARATION"
"GEM:G100000604057","VN","Hydro","ACTUALLY_INTEGRATED","G100000604057","PPM:28","300","300","existing_survivor::VN2 4::Hydro::496c66207529","VN2 4","Reservoir","06152be56ee41f64bfdca42fd24aeaf363ab61f931fec7b5e4bc12f6d6456ecb:StorageUnit:VN2 4:hydro","","Global-Hydropower-Tracker-April-2025.xlsx","d2fe29a7d198fd6752cb4cec3d88caf9f1d1105a7052fd0805f5cf5fc43777c4","GATE4-20261005-HYDRO-PHYSICAL-POLICY-SEPARATION"
"GEM:G100000604046","VN","Hydro","ACTUALLY_INTEGRATED","G100000604046","PPM:29","300","300","existing_survivor::VN2 4::Hydro::496c66207529","VN2 4","Reservoir","06152be56ee41f64bfdca42fd24aeaf363ab61f931fec7b5e4bc12f6d6456ecb:StorageUnit:VN2 4:hydro","","Global-Hydropower-Tracker-April-2025.xlsx","d2fe29a7d198fd6752cb4cec3d88caf9f1d1105a7052fd0805f5cf5fc43777c4","GATE4-20261005-HYDRO-PHYSICAL-POLICY-SEPARATION"
"GEM:G100000604032","VN","Hydro","ACTUALLY_INTEGRATED","G100000604032","PPM:36","170","170","existing_survivor::VN2 2::Hydro::2fdf8aaeea34","VN2 2","Reservoir","06152be56ee41f64bfdca42fd24aeaf363ab61f931fec7b5e4bc12f6d6456ecb:StorageUnit:VN2 2:hydro","","Global-Hydropower-Tracker-April-2025.xlsx","d2fe29a7d198fd6752cb4cec3d88caf9f1d1105a7052fd0805f5cf5fc43777c4","GATE4-20261005-HYDRO-PHYSICAL-POLICY-SEPARATION"
"GEM:G100000604065","VN","Hydro","ACTUALLY_INTEGRATED","G100000604065","PPM:37","1200","1200","existing_survivor::VN2 1::Hydro::ff86ce2c06d3","VN2 1","Reservoir","06152be56ee41f64bfdca42fd24aeaf363ab61f931fec7b5e4bc12f6d6456ecb:StorageUnit:VN2 1:hydro","","Global-Hydropower-Tracker-April-2025.xlsx","d2fe29a7d198fd6752cb4cec3d88caf9f1d1105a7052fd0805f5cf5fc43777c4","GATE4-20261005-HYDRO-PHYSICAL-POLICY-SEPARATION"
"GEM:G100000604063","VN","Hydro","ACTUALLY_INTEGRATED","G100000604063","PPM:38","360","360","existing_survivor::VN2 7::Hydro::339b5799c455","VN2 7","Reservoir","06152be56ee41f64bfdca42fd24aeaf363ab61f931fec7b5e4bc12f6d6456ecb:StorageUnit:VN2 7:hydro","","Global-Hydropower-Tracker-April-2025.xlsx","d2fe29a7d198fd6752cb4cec3d88caf9f1d1105a7052fd0805f5cf5fc43777c4","GATE4-20261005-HYDRO-PHYSICAL-POLICY-SEPARATION"
"GEM:G100000604062","VN","Hydro","ACTUALLY_INTEGRATED","G100000604062","PPM:39","81","81","existing_survivor::VN2 2::Hydro::2fdf8aaeea34","VN2 2","Reservoir","06152be56ee41f64bfdca42fd24aeaf363ab61f931fec7b5e4bc12f6d6456ecb:StorageUnit:VN2 2:hydro","","Global-Hydropower-Tracker-April-2025.xlsx","d2fe29a7d198fd6752cb4cec3d88caf9f1d1105a7052fd0805f5cf5fc43777c4","GATE4-20261005-HYDRO-PHYSICAL-POLICY-SEPARATION"
"GEM:G100000604061","VN","Hydro","ACTUALLY_INTEGRATED","G100000604061","PPM:40","520","520","existing_survivor::VN2 1::Hydro::ff86ce2c06d3","VN2 1","Reservoir","06152be56ee41f64bfdca42fd24aeaf363ab61f931fec7b5e4bc12f6d6456ecb:StorageUnit:VN2 1:hydro","","Global-Hydropower-Tracker-April-2025.xlsx","d2fe29a7d198fd6752cb4cec3d88caf9f1d1105a7052fd0805f5cf5fc43777c4","GATE4-20261005-HYDRO-PHYSICAL-POLICY-SEPARATION"
"GEM:G100000604060","VN","Hydro","ACTUALLY_INTEGRATED","G100000604060","PPM:41","180","180","existing_survivor::VN2 3::Hydro::31fd8e492352","VN2 3","Reservoir","06152be56ee41f64bfdca42fd24aeaf363ab61f931fec7b5e4bc12f6d6456ecb:StorageUnit:VN2 3:hydro","","Global-Hydropower-Tracker-April-2025.xlsx","d2fe29a7d198fd6752cb4cec3d88caf9f1d1105a7052fd0805f5cf5fc43777c4","GATE4-20261005-HYDRO-PHYSICAL-POLICY-SEPARATION"
"GEM:G100000604058","VN","Hydro","ACTUALLY_INTEGRATED","G100000604058","PPM:42","2400","2400","existing_survivor::VN2 6::Hydro::152a88962659","VN2 6","Reservoir","06152be56ee41f64bfdca42fd24aeaf363ab61f931fec7b5e4bc12f6d6456ecb:StorageUnit:VN2 6:hydro","","Global-Hydropower-Tracker-April-2025.xlsx","d2fe29a7d198fd6752cb4cec3d88caf9f1d1105a7052fd0805f5cf5fc43777c4","GATE4-20261005-HYDRO-PHYSICAL-POLICY-SEPARATION"
"GEM:G100000604047","VN","Hydro","ACTUALLY_INTEGRATED","G100000604047","PPM:45","125","125","existing_survivor::VN2 7::Hydro::339b5799c455","VN2 7","Reservoir","06152be56ee41f64bfdca42fd24aeaf363ab61f931fec7b5e4bc12f6d6456ecb:StorageUnit:VN2 7:hydro","","Global-Hydropower-Tracker-April-2025.xlsx","d2fe29a7d198fd6752cb4cec3d88caf9f1d1105a7052fd0805f5cf5fc43777c4","GATE4-20261005-HYDRO-PHYSICAL-POLICY-SEPARATION"
"GEM:G100000604053","VN","Hydro","ACTUALLY_INTEGRATED","G100000604053","PPM:49","180","180","existing_survivor::VN2 4::Hydro::496c66207529","VN2 4","Reservoir","06152be56ee41f64bfdca42fd24aeaf363ab61f931fec7b5e4bc12f6d6456ecb:StorageUnit:VN2 4:hydro","","Global-Hydropower-Tracker-April-2025.xlsx","d2fe29a7d198fd6752cb4cec3d88caf9f1d1105a7052fd0805f5cf5fc43777c4","GATE4-20261005-HYDRO-PHYSICAL-POLICY-SEPARATION"
"GEM:G100000604055","VN","Hydro","ACTUALLY_INTEGRATED","G100000604055","PPM:50","150","150","existing_survivor::VN2 4::Hydro::496c66207529","VN2 4","Reservoir","06152be56ee41f64bfdca42fd24aeaf363ab61f931fec7b5e4bc12f6d6456ecb:StorageUnit:VN2 4:hydro","","Global-Hydropower-Tracker-April-2025.xlsx","d2fe29a7d198fd6752cb4cec3d88caf9f1d1105a7052fd0805f5cf5fc43777c4","GATE4-20261005-HYDRO-PHYSICAL-POLICY-SEPARATION"
"GEM:G100000604054","VN","Hydro","ACTUALLY_INTEGRATED","G100000604054","PPM:51","340","340","existing_survivor::VN2 4::Hydro::496c66207529","VN2 4","Reservoir","06152be56ee41f64bfdca42fd24aeaf363ab61f931fec7b5e4bc12f6d6456ecb:StorageUnit:VN2 4:hydro","","Global-Hydropower-Tracker-April-2025.xlsx","d2fe29a7d198fd6752cb4cec3d88caf9f1d1105a7052fd0805f5cf5fc43777c4","GATE4-20261005-HYDRO-PHYSICAL-POLICY-SEPARATION"
"GEM:G100001027570","VN","Hydro","ACTUALLY_INTEGRATED","G100001027570","PPM:52","70","70","existing_survivor::VN2 4::Hydro::496c66207529","VN2 4","Reservoir","06152be56ee41f64bfdca42fd24aeaf363ab61f931fec7b5e4bc12f6d6456ecb:StorageUnit:VN2 4:hydro","","Global-Hydropower-Tracker-April-2025.xlsx","d2fe29a7d198fd6752cb4cec3d88caf9f1d1105a7052fd0805f5cf5fc43777c4","GATE4-20261005-HYDRO-PHYSICAL-POLICY-SEPARATION"
"GEM:G100000604052","VN","Hydro","ACTUALLY_INTEGRATED","G100000604052","PPM:54","75","75","existing_survivor::VN2 4::Hydro::f523ed27dfa9","VN2 4","Run-Of-River","06152be56ee41f64bfdca42fd24aeaf363ab61f931fec7b5e4bc12f6d6456ecb:Generator:VN2 4:ror","","Global-Hydropower-Tracker-April-2025.xlsx","d2fe29a7d198fd6752cb4cec3d88caf9f1d1105a7052fd0805f5cf5fc43777c4","GATE4-20261005-HYDRO-PHYSICAL-POLICY-SEPARATION"
"GEM:G100000604051","VN","Hydro","ACTUALLY_INTEGRATED","G100000604051","PPM:55","82","82","existing_survivor::VN2 4::Hydro::496c66207529","VN2 4","Reservoir","06152be56ee41f64bfdca42fd24aeaf363ab61f931fec7b5e4bc12f6d6456ecb:StorageUnit:VN2 4:hydro","","Global-Hydropower-Tracker-April-2025.xlsx","d2fe29a7d198fd6752cb4cec3d88caf9f1d1105a7052fd0805f5cf5fc43777c4","GATE4-20261005-HYDRO-PHYSICAL-POLICY-SEPARATION"
"GEM:G100000604049","VN","Hydro","ACTUALLY_INTEGRATED","G100000604049","PPM:56","148","148","existing_survivor::VN2 2::Hydro::2fdf8aaeea34","VN2 2","Reservoir","06152be56ee41f64bfdca42fd24aeaf363ab61f931fec7b5e4bc12f6d6456ecb:StorageUnit:VN2 2:hydro","","Global-Hydropower-Tracker-April-2025.xlsx","d2fe29a7d198fd6752cb4cec3d88caf9f1d1105a7052fd0805f5cf5fc43777c4","GATE4-20261005-HYDRO-PHYSICAL-POLICY-SEPARATION"
"GEM:G100000602443","LA","Hydro","ACTUALLY_INTEGRATED","G100000602443","PPM:58","76","76","existing_survivor::LA2 4::Hydro::0d66b994afb2","LA2 4","Run-Of-River","06152be56ee41f64bfdca42fd24aeaf363ab61f931fec7b5e4bc12f6d6456ecb:Generator:LA2 4:ror","","Global-Hydropower-Tracker-April-2025.xlsx","d2fe29a7d198fd6752cb4cec3d88caf9f1d1105a7052fd0805f5cf5fc43777c4","GATE4-20261005-HYDRO-PHYSICAL-POLICY-SEPARATION"
"GEM:G100001051363","LA","Hydro","ACTUALLY_INTEGRATED","G100001051363","PPM:58","45","45","existing_survivor::LA2 4::Hydro::0d66b994afb2","LA2 4","Run-Of-River","06152be56ee41f64bfdca42fd24aeaf363ab61f931fec7b5e4bc12f6d6456ecb:Generator:LA2 4:ror","","Global-Hydropower-Tracker-April-2025.xlsx","d2fe29a7d198fd6752cb4cec3d88caf9f1d1105a7052fd0805f5cf5fc43777c4","GATE4-20261005-HYDRO-PHYSICAL-POLICY-SEPARATION"
"GEM:G100000602436","LA","Hydro","ACTUALLY_INTEGRATED","G100000602436","PPM:59","250","250","existing_survivor::LA2 4::Hydro::b7d2112a081a","LA2 4","Reservoir","06152be56ee41f64bfdca42fd24aeaf363ab61f931fec7b5e4bc12f6d6456ecb:StorageUnit:LA2 4:hydro","","Global-Hydropower-Tracker-April-2025.xlsx","d2fe29a7d198fd6752cb4cec3d88caf9f1d1105a7052fd0805f5cf5fc43777c4","GATE4-20261005-HYDRO-PHYSICAL-POLICY-SEPARATION"
"GEM:G100000602431","LA","Hydro","ACTUALLY_INTEGRATED","G100000602431","PPM:60","440","440","existing_survivor::GEM:G100000602431","LA2 3","Run-Of-River","06152be56ee41f64bfdca42fd24aeaf363ab61f931fec7b5e4bc12f6d6456ecb:Generator:LA2 3:ror","","Global-Hydropower-Tracker-April-2025.xlsx","d2fe29a7d198fd6752cb4cec3d88caf9f1d1105a7052fd0805f5cf5fc43777c4","GATE4-20261005-HYDRO-PHYSICAL-POLICY-SEPARATION"
"GEM:G100000602471","MY","Hydro","ACTUALLY_INTEGRATED","G100000602471","PPM:67","120","120","existing_survivor::MY_Peninsular2 0::Hydro::d639e312f4a7","MY_Peninsular2 0","Reservoir","06152be56ee41f64bfdca42fd24aeaf363ab61f931fec7b5e4bc12f6d6456ecb:StorageUnit:MY_Peninsular2 0:hydro","","Global-Hydropower-Tracker-April-2025.xlsx","d2fe29a7d198fd6752cb4cec3d88caf9f1d1105a7052fd0805f5cf5fc43777c4","GATE4-20261005-HYDRO-PHYSICAL-POLICY-SEPARATION"
"GEM:G100000602470","MY","Hydro","ACTUALLY_INTEGRATED","G100000602470","PPM:70","265","265","existing_survivor::MY_Peninsular2 0::Hydro::d639e312f4a7","MY_Peninsular2 0","Reservoir","06152be56ee41f64bfdca42fd24aeaf363ab61f931fec7b5e4bc12f6d6456ecb:StorageUnit:MY_Peninsular2 0:hydro","","Global-Hydropower-Tracker-April-2025.xlsx","d2fe29a7d198fd6752cb4cec3d88caf9f1d1105a7052fd0805f5cf5fc43777c4","GATE4-20261005-HYDRO-PHYSICAL-POLICY-SEPARATION"
"GEM:G100000602426","LA","Hydro","ACTUALLY_INTEGRATED","G100000602426","PPM:75","1070","1070","existing_survivor::LA2 3::Hydro::1577c4b59ef0","LA2 3","Reservoir","06152be56ee41f64bfdca42fd24aeaf363ab61f931fec7b5e4bc12f6d6456ecb:StorageUnit:LA2 3:hydro","","Global-Hydropower-Tracker-April-2025.xlsx","d2fe29a7d198fd6752cb4cec3d88caf9f1d1105a7052fd0805f5cf5fc43777c4","GATE4-20261005-HYDRO-PHYSICAL-POLICY-SEPARATION"
"GEM:G100001027324","MY","Hydro","ACTUALLY_INTEGRATED","G100001027324","PPM:76","72","72","existing_survivor::MY_Peninsular2 0::Hydro::d639e312f4a7","MY_Peninsular2 0","Reservoir","06152be56ee41f64bfdca42fd24aeaf363ab61f931fec7b5e4bc12f6d6456ecb:StorageUnit:MY_Peninsular2 0:hydro","","Global-Hydropower-Tracker-April-2025.xlsx","d2fe29a7d198fd6752cb4cec3d88caf9f1d1105a7052fd0805f5cf5fc43777c4","GATE4-20261005-HYDRO-PHYSICAL-POLICY-SEPARATION"
"GEM:G100000602468","MY","Hydro","ACTUALLY_INTEGRATED","G100000602468","PPM:77","108","108","existing_survivor::GEM:G100000602468","MY_Sarawak4 1","Reservoir","06152be56ee41f64bfdca42fd24aeaf363ab61f931fec7b5e4bc12f6d6456ecb:StorageUnit:MY_Sarawak4 1:hydro","","Global-Hydropower-Tracker-April-2025.xlsx","d2fe29a7d198fd6752cb4cec3d88caf9f1d1105a7052fd0805f5cf5fc43777c4","GATE4-20261005-HYDRO-PHYSICAL-POLICY-SEPARATION"
"GEM:G100000603610","TH","Hydro","ACTUALLY_INTEGRATED","G100000603610","PPM:84","300","300","existing_survivor::TH2 2::Hydro::9b473f82103c","TH2 2","Reservoir","06152be56ee41f64bfdca42fd24aeaf363ab61f931fec7b5e4bc12f6d6456ecb:StorageUnit:TH2 2:hydro","","Global-Hydropower-Tracker-April-2025.xlsx","d2fe29a7d198fd6752cb4cec3d88caf9f1d1105a7052fd0805f5cf5fc43777c4","GATE4-20261005-HYDRO-PHYSICAL-POLICY-SEPARATION"
"GEM:G100000602411","LA","Hydro","ACTUALLY_INTEGRATED","G100000602411","PPM:91","120","120","existing_survivor::LA2 1::Hydro::bc0b69793276","LA2 1","Reservoir","06152be56ee41f64bfdca42fd24aeaf363ab61f931fec7b5e4bc12f6d6456ecb:StorageUnit:LA2 1:hydro","","Global-Hydropower-Tracker-April-2025.xlsx","d2fe29a7d198fd6752cb4cec3d88caf9f1d1105a7052fd0805f5cf5fc43777c4","GATE4-20261005-HYDRO-PHYSICAL-POLICY-SEPARATION"
"GEM:G100000602408","LA","Hydro","ACTUALLY_INTEGRATED","G100000602408","PPM:92","615","615","existing_survivor::LA2 2::Hydro::7909cd705b09","LA2 2","Reservoir","06152be56ee41f64bfdca42fd24aeaf363ab61f931fec7b5e4bc12f6d6456ecb:StorageUnit:LA2 2:hydro","","Global-Hydropower-Tracker-April-2025.xlsx","d2fe29a7d198fd6752cb4cec3d88caf9f1d1105a7052fd0805f5cf5fc43777c4","GATE4-20261005-HYDRO-PHYSICAL-POLICY-SEPARATION"
"GEM:G100000602402","LA","Hydro","ACTUALLY_INTEGRATED","G100000602402","PPM:93","100","100","existing_survivor::LA2 2::Hydro::7909cd705b09","LA2 2","Reservoir","06152be56ee41f64bfdca42fd24aeaf363ab61f931fec7b5e4bc12f6d6456ecb:StorageUnit:LA2 2:hydro","","Global-Hydropower-Tracker-April-2025.xlsx","d2fe29a7d198fd6752cb4cec3d88caf9f1d1105a7052fd0805f5cf5fc43777c4","GATE4-20261005-HYDRO-PHYSICAL-POLICY-SEPARATION"
"GEM:G100001027322","LA","Hydro","ACTUALLY_INTEGRATED","G100001027322","PPM:94","60","60","existing_survivor::LA2 2::Hydro::cc3dfd083c77","LA2 2","Run-Of-River","06152be56ee41f64bfdca42fd24aeaf363ab61f931fec7b5e4bc12f6d6456ecb:Generator:LA2 2:ror","","Global-Hydropower-Tracker-April-2025.xlsx","d2fe29a7d198fd6752cb4cec3d88caf9f1d1105a7052fd0805f5cf5fc43777c4","GATE4-20261005-HYDRO-PHYSICAL-POLICY-SEPARATION"
"GEM:G100000602391","LA","Hydro","ACTUALLY_INTEGRATED","G100000602391","PPM:95","152","152","existing_survivor::LA2 4::Hydro::b7d2112a081a","LA2 4","Reservoir","06152be56ee41f64bfdca42fd24aeaf363ab61f931fec7b5e4bc12f6d6456ecb:StorageUnit:LA2 4:hydro","","Global-Hydropower-Tracker-April-2025.xlsx","d2fe29a7d198fd6752cb4cec3d88caf9f1d1105a7052fd0805f5cf5fc43777c4","GATE4-20261005-HYDRO-PHYSICAL-POLICY-SEPARATION"
"GEM:G100000602487","MY","Hydro","ACTUALLY_INTEGRATED","G100000602487","PPM:98","75","75","existing_survivor::GEM:G100000602487","MY_Sabah4 0","Run-Of-River","06152be56ee41f64bfdca42fd24aeaf363ab61f931fec7b5e4bc12f6d6456ecb:Generator:MY_Sabah4 0:ror","","Global-Hydropower-Tracker-April-2025.xlsx","d2fe29a7d198fd6752cb4cec3d88caf9f1d1105a7052fd0805f5cf5fc43777c4","GATE4-20261005-HYDRO-PHYSICAL-POLICY-SEPARATION"
"GEM:G100000602486","MY","Hydro","ACTUALLY_INTEGRATED","G100000602486","PPM:99","348","348","existing_survivor::MY_Peninsular2 0::Hydro::d639e312f4a7","MY_Peninsular2 0","Reservoir","06152be56ee41f64bfdca42fd24aeaf363ab61f931fec7b5e4bc12f6d6456ecb:StorageUnit:MY_Peninsular2 0:hydro","","Global-Hydropower-Tracker-April-2025.xlsx","d2fe29a7d198fd6752cb4cec3d88caf9f1d1105a7052fd0805f5cf5fc43777c4","GATE4-20261005-HYDRO-PHYSICAL-POLICY-SEPARATION"
"GEM:G100001027325","MY","Hydro","PENDING_INPUT_GROUP","G100001027325","PPM:101","54","0","","MY_Peninsular2 0","Run-Of-River","06152be56ee41f64bfdca42fd24aeaf363ab61f931fec7b5e4bc12f6d6456ecb:Generator:MY_Peninsular2 0:ror","NO_UNIQUE_SAME_NODE_INPUT_RESOURCE_GROUP; no cross-node or cross-partition fallback","Global-Hydropower-Tracker-April-2025.xlsx","d2fe29a7d198fd6752cb4cec3d88caf9f1d1105a7052fd0805f5cf5fc43777c4","GATE4-20261005-HYDRO-PHYSICAL-POLICY-SEPARATION"
"GEM:G100000602482","MY","Hydro","ACTUALLY_INTEGRATED","G100000602482","PPM:102","400","400","existing_survivor::MY_Peninsular2 0::Hydro::d639e312f4a7","MY_Peninsular2 0","Reservoir","06152be56ee41f64bfdca42fd24aeaf363ab61f931fec7b5e4bc12f6d6456ecb:StorageUnit:MY_Peninsular2 0:hydro","","Global-Hydropower-Tracker-April-2025.xlsx","d2fe29a7d198fd6752cb4cec3d88caf9f1d1105a7052fd0805f5cf5fc43777c4","GATE4-20261005-HYDRO-PHYSICAL-POLICY-SEPARATION"
"GEM:G100000602479","MY","Hydro","ACTUALLY_INTEGRATED","G100000602479","PPM:115","600","600","existing_survivor::MY_Peninsular2 0::Hydro::d639e312f4a7","MY_Peninsular2 0","Reservoir","06152be56ee41f64bfdca42fd24aeaf363ab61f931fec7b5e4bc12f6d6456ecb:StorageUnit:MY_Peninsular2 0:hydro","","Global-Hydropower-Tracker-April-2025.xlsx","d2fe29a7d198fd6752cb4cec3d88caf9f1d1105a7052fd0805f5cf5fc43777c4","GATE4-20261005-HYDRO-PHYSICAL-POLICY-SEPARATION"
"GEM:G100000604066","VN","Hydro","ACTUALLY_INTEGRATED","G100000604066","PPM:117","200","200","existing_survivor::VN2 1::Hydro::ff86ce2c06d3","VN2 1","Reservoir","06152be56ee41f64bfdca42fd24aeaf363ab61f931fec7b5e4bc12f6d6456ecb:StorageUnit:VN2 1:hydro","","Global-Hydropower-Tracker-April-2025.xlsx","d2fe29a7d198fd6752cb4cec3d88caf9f1d1105a7052fd0805f5cf5fc43777c4","GATE4-20261005-HYDRO-PHYSICAL-POLICY-SEPARATION"
"GEM:G100000604067","VN","Hydro","ACTUALLY_INTEGRATED","G100000604067","PPM:118","84","84","existing_survivor::VN2 1::Hydro::ff86ce2c06d3","VN2 1","Reservoir","06152be56ee41f64bfdca42fd24aeaf363ab61f931fec7b5e4bc12f6d6456ecb:StorageUnit:VN2 1:hydro","","Global-Hydropower-Tracker-April-2025.xlsx","d2fe29a7d198fd6752cb4cec3d88caf9f1d1105a7052fd0805f5cf5fc43777c4","GATE4-20261005-HYDRO-PHYSICAL-POLICY-SEPARATION"
"GEM:G100000603197","PH","Hydro","ACTUALLY_INTEGRATED","G100000603197","PPM:120","380","380","existing_survivor::PH_Luzon5 0::Hydro::644e2f522476","PH_Luzon5 0","Reservoir","06152be56ee41f64bfdca42fd24aeaf363ab61f931fec7b5e4bc12f6d6456ecb:StorageUnit:PH_Luzon5 0:hydro","","Global-Hydropower-Tracker-April-2025.xlsx","d2fe29a7d198fd6752cb4cec3d88caf9f1d1105a7052fd0805f5cf5fc43777c4","GATE4-20261005-HYDRO-PHYSICAL-POLICY-SEPARATION"
"GEM:G100000603193","PH","Hydro","ACTUALLY_INTEGRATED","G100000603193","PPM:125","366","366","existing_survivor::PH_Luzon5 0::Hydro::9b58cd604c82","PH_Luzon5 0","Pumped Storage","06152be56ee41f64bfdca42fd24aeaf363ab61f931fec7b5e4bc12f6d6456ecb:StorageUnit:PH_Luzon5 0:PHS","","Global-Hydropower-Tracker-April-2025.xlsx","d2fe29a7d198fd6752cb4cec3d88caf9f1d1105a7052fd0805f5cf5fc43777c4","GATE4-20261005-HYDRO-PHYSICAL-POLICY-SEPARATION"
"GEM:G100000603194","PH","Hydro","ACTUALLY_INTEGRATED","G100000603194","PPM:125","370","370","existing_survivor::PH_Luzon5 0::Hydro::9b58cd604c82","PH_Luzon5 0","Pumped Storage","06152be56ee41f64bfdca42fd24aeaf363ab61f931fec7b5e4bc12f6d6456ecb:StorageUnit:PH_Luzon5 0:PHS","","Global-Hydropower-Tracker-April-2025.xlsx","d2fe29a7d198fd6752cb4cec3d88caf9f1d1105a7052fd0805f5cf5fc43777c4","GATE4-20261005-HYDRO-PHYSICAL-POLICY-SEPARATION"
"GEM:G100000603184","PH","Hydro","ACTUALLY_INTEGRATED","G100000603184","PPM:139","150","150","existing_survivor::PH_Luzon5 0::Hydro::6fb611a07487","PH_Luzon5 0","Run-Of-River","06152be56ee41f64bfdca42fd24aeaf363ab61f931fec7b5e4bc12f6d6456ecb:Generator:PH_Luzon5 0:ror","","Global-Hydropower-Tracker-April-2025.xlsx","d2fe29a7d198fd6752cb4cec3d88caf9f1d1105a7052fd0805f5cf5fc43777c4","GATE4-20261005-HYDRO-PHYSICAL-POLICY-SEPARATION"
"GEM:G100000603205","PH","Hydro","ACTUALLY_INTEGRATED","G100000603205","PPM:155","435","435","existing_survivor::PH_Luzon5 0::Hydro::644e2f522476","PH_Luzon5 0","Reservoir","06152be56ee41f64bfdca42fd24aeaf363ab61f931fec7b5e4bc12f6d6456ecb:StorageUnit:PH_Luzon5 0:hydro","","Global-Hydropower-Tracker-April-2025.xlsx","d2fe29a7d198fd6752cb4cec3d88caf9f1d1105a7052fd0805f5cf5fc43777c4","GATE4-20261005-HYDRO-PHYSICAL-POLICY-SEPARATION"
"GEM:G100000603203","PH","Hydro","ACTUALLY_INTEGRATED","G100000603203","PPM:162","255","255","existing_survivor::PH_Mindanao6 1::Hydro::ee95b23e67c0","PH_Mindanao6 1","Run-Of-River","06152be56ee41f64bfdca42fd24aeaf363ab61f931fec7b5e4bc12f6d6456ecb:Generator:PH_Mindanao6 1:ror","","Global-Hydropower-Tracker-April-2025.xlsx","d2fe29a7d198fd6752cb4cec3d88caf9f1d1105a7052fd0805f5cf5fc43777c4","GATE4-20261005-HYDRO-PHYSICAL-POLICY-SEPARATION"
"GEM:G100000603201","PH","Hydro","ACTUALLY_INTEGRATED","G100000603201","PPM:163","120","120","existing_survivor::PH_Luzon5 0::Hydro::644e2f522476","PH_Luzon5 0","Reservoir","06152be56ee41f64bfdca42fd24aeaf363ab61f931fec7b5e4bc12f6d6456ecb:StorageUnit:PH_Luzon5 0:hydro","","Global-Hydropower-Tracker-April-2025.xlsx","d2fe29a7d198fd6752cb4cec3d88caf9f1d1105a7052fd0805f5cf5fc43777c4","GATE4-20261005-HYDRO-PHYSICAL-POLICY-SEPARATION"
"GEM:G100000603179","PH","Hydro","ACTUALLY_INTEGRATED","G100000603179","PPM:173","140","140","existing_survivor::PH_Luzon5 0::Hydro::644e2f522476","PH_Luzon5 0","Reservoir","06152be56ee41f64bfdca42fd24aeaf363ab61f931fec7b5e4bc12f6d6456ecb:StorageUnit:PH_Luzon5 0:hydro","","Global-Hydropower-Tracker-April-2025.xlsx","d2fe29a7d198fd6752cb4cec3d88caf9f1d1105a7052fd0805f5cf5fc43777c4","GATE4-20261005-HYDRO-PHYSICAL-POLICY-SEPARATION"
"GEM:G100001027571","VN","Hydro","ACTUALLY_INTEGRATED","G100001027571","PPM:174","66","66","existing_survivor::VN2 1::Hydro::3757fb110e2d","VN2 1","Run-Of-River","06152be56ee41f64bfdca42fd24aeaf363ab61f931fec7b5e4bc12f6d6456ecb:Generator:VN2 1:ror","","Global-Hydropower-Tracker-April-2025.xlsx","d2fe29a7d198fd6752cb4cec3d88caf9f1d1105a7052fd0805f5cf5fc43777c4","GATE4-20261005-HYDRO-PHYSICAL-POLICY-SEPARATION"
"GEM:G100000604072","VN","Hydro","ACTUALLY_INTEGRATED","G100000604072","PPM:175","108","108","existing_survivor::VN2 7::Hydro::339b5799c455","VN2 7","Reservoir","06152be56ee41f64bfdca42fd24aeaf363ab61f931fec7b5e4bc12f6d6456ecb:StorageUnit:VN2 7:hydro","","Global-Hydropower-Tracker-April-2025.xlsx","d2fe29a7d198fd6752cb4cec3d88caf9f1d1105a7052fd0805f5cf5fc43777c4","GATE4-20261005-HYDRO-PHYSICAL-POLICY-SEPARATION"
"GEM:G100000604078","VN","Hydro","ACTUALLY_INTEGRATED","G100000604078","PPM:176","190","190","existing_survivor::VN2 2::Hydro::f39a528e5bba","VN2 2","Run-Of-River","06152be56ee41f64bfdca42fd24aeaf363ab61f931fec7b5e4bc12f6d6456ecb:Generator:VN2 2:ror","","Global-Hydropower-Tracker-April-2025.xlsx","d2fe29a7d198fd6752cb4cec3d88caf9f1d1105a7052fd0805f5cf5fc43777c4","GATE4-20261005-HYDRO-PHYSICAL-POLICY-SEPARATION"
"GEM:G100001027579","VN","Hydro","ACTUALLY_INTEGRATED","G100001027579","PPM:177","62","62","existing_survivor::VN2 2::Hydro::2fdf8aaeea34","VN2 2","Reservoir","06152be56ee41f64bfdca42fd24aeaf363ab61f931fec7b5e4bc12f6d6456ecb:StorageUnit:VN2 2:hydro","","Global-Hydropower-Tracker-April-2025.xlsx","d2fe29a7d198fd6752cb4cec3d88caf9f1d1105a7052fd0805f5cf5fc43777c4","GATE4-20261005-HYDRO-PHYSICAL-POLICY-SEPARATION"
"GEM:G100001027578","VN","Hydro","ACTUALLY_INTEGRATED","G100001027578","PPM:178","70","70","existing_survivor::VN2 7::Hydro::339b5799c455","VN2 7","Reservoir","06152be56ee41f64bfdca42fd24aeaf363ab61f931fec7b5e4bc12f6d6456ecb:StorageUnit:VN2 7:hydro","","Global-Hydropower-Tracker-April-2025.xlsx","d2fe29a7d198fd6752cb4cec3d88caf9f1d1105a7052fd0805f5cf5fc43777c4","GATE4-20261005-HYDRO-PHYSICAL-POLICY-SEPARATION"
"GEM:G100001027577","VN","Hydro","ACTUALLY_INTEGRATED","G100001027577","PPM:179","63","63","existing_survivor::VN2 2::Hydro::f39a528e5bba","VN2 2","Run-Of-River","06152be56ee41f64bfdca42fd24aeaf363ab61f931fec7b5e4bc12f6d6456ecb:Generator:VN2 2:ror","","Global-Hydropower-Tracker-April-2025.xlsx","d2fe29a7d198fd6752cb4cec3d88caf9f1d1105a7052fd0805f5cf5fc43777c4","GATE4-20261005-HYDRO-PHYSICAL-POLICY-SEPARATION"
"GEM:G100001027575","VN","Hydro","ACTUALLY_INTEGRATED","G100001027575","PPM:180","49","49","existing_survivor::VN2 2::Hydro::2fdf8aaeea34","VN2 2","Reservoir","06152be56ee41f64bfdca42fd24aeaf363ab61f931fec7b5e4bc12f6d6456ecb:StorageUnit:VN2 2:hydro","","Global-Hydropower-Tracker-April-2025.xlsx","d2fe29a7d198fd6752cb4cec3d88caf9f1d1105a7052fd0805f5cf5fc43777c4","GATE4-20261005-HYDRO-PHYSICAL-POLICY-SEPARATION"
"GEM:G100000604077","VN","Hydro","ACTUALLY_INTEGRATED","G100000604077","PPM:181","156","156","existing_survivor::VN2 2::Hydro::2fdf8aaeea34","VN2 2","Reservoir","06152be56ee41f64bfdca42fd24aeaf363ab61f931fec7b5e4bc12f6d6456ecb:StorageUnit:VN2 2:hydro","","Global-Hydropower-Tracker-April-2025.xlsx","d2fe29a7d198fd6752cb4cec3d88caf9f1d1105a7052fd0805f5cf5fc43777c4","GATE4-20261005-HYDRO-PHYSICAL-POLICY-SEPARATION"
"GEM:G100001027576","VN","Hydro","ACTUALLY_INTEGRATED","G100001027576","PPM:182","57","57","existing_survivor::VN2 2::Hydro::2fdf8aaeea34","VN2 2","Reservoir","06152be56ee41f64bfdca42fd24aeaf363ab61f931fec7b5e4bc12f6d6456ecb:StorageUnit:VN2 2:hydro","","Global-Hydropower-Tracker-April-2025.xlsx","d2fe29a7d198fd6752cb4cec3d88caf9f1d1105a7052fd0805f5cf5fc43777c4","GATE4-20261005-HYDRO-PHYSICAL-POLICY-SEPARATION"
"GEM:G100000604075","VN","Hydro","ACTUALLY_INTEGRATED","G100000604075","PPM:183","220","220","existing_survivor::VN2 7::Hydro::339b5799c455","VN2 7","Reservoir","06152be56ee41f64bfdca42fd24aeaf363ab61f931fec7b5e4bc12f6d6456ecb:StorageUnit:VN2 7:hydro","","Global-Hydropower-Tracker-April-2025.xlsx","d2fe29a7d198fd6752cb4cec3d88caf9f1d1105a7052fd0805f5cf5fc43777c4","GATE4-20261005-HYDRO-PHYSICAL-POLICY-SEPARATION"
"GEM:G100000604074","VN","Hydro","ACTUALLY_INTEGRATED","G100000604074","PPM:184","2400","2400","existing_survivor::VN2 1::Hydro::ff86ce2c06d3","VN2 1","Reservoir","06152be56ee41f64bfdca42fd24aeaf363ab61f931fec7b5e4bc12f6d6456ecb:StorageUnit:VN2 1:hydro","","Global-Hydropower-Tracker-April-2025.xlsx","d2fe29a7d198fd6752cb4cec3d88caf9f1d1105a7052fd0805f5cf5fc43777c4","GATE4-20261005-HYDRO-PHYSICAL-POLICY-SEPARATION"
"GEM:G100001027574","VN","Hydro","ACTUALLY_INTEGRATED","G100001027574","PPM:186","63","63","existing_survivor::VN2 7::Hydro::339b5799c455","VN2 7","Reservoir","06152be56ee41f64bfdca42fd24aeaf363ab61f931fec7b5e4bc12f6d6456ecb:StorageUnit:VN2 7:hydro","","Global-Hydropower-Tracker-April-2025.xlsx","d2fe29a7d198fd6752cb4cec3d88caf9f1d1105a7052fd0805f5cf5fc43777c4","GATE4-20261005-HYDRO-PHYSICAL-POLICY-SEPARATION"
"GEM:G100000604073","VN","Hydro","ACTUALLY_INTEGRATED","G100000604073","PPM:187","360","360","existing_survivor::VN2 7::Hydro::339b5799c455","VN2 7","Reservoir","06152be56ee41f64bfdca42fd24aeaf363ab61f931fec7b5e4bc12f6d6456ecb:StorageUnit:VN2 7:hydro","","Global-Hydropower-Tracker-April-2025.xlsx","d2fe29a7d198fd6752cb4cec3d88caf9f1d1105a7052fd0805f5cf5fc43777c4","GATE4-20261005-HYDRO-PHYSICAL-POLICY-SEPARATION"
"GEM:G100000604071","VN","Hydro","ACTUALLY_INTEGRATED","G100000604071","PPM:188","260","260","existing_survivor::VN2 7::Hydro::339b5799c455","VN2 7","Reservoir","06152be56ee41f64bfdca42fd24aeaf363ab61f931fec7b5e4bc12f6d6456ecb:StorageUnit:VN2 7:hydro","","Global-Hydropower-Tracker-April-2025.xlsx","d2fe29a7d198fd6752cb4cec3d88caf9f1d1105a7052fd0805f5cf5fc43777c4","GATE4-20261005-HYDRO-PHYSICAL-POLICY-SEPARATION"
"GEM:G100000604070","VN","Hydro","ACTUALLY_INTEGRATED","G100000604070","PPM:191","100","100","existing_survivor::VN2 7::Hydro::339b5799c455","VN2 7","Reservoir","06152be56ee41f64bfdca42fd24aeaf363ab61f931fec7b5e4bc12f6d6456ecb:StorageUnit:VN2 7:hydro","","Global-Hydropower-Tracker-April-2025.xlsx","d2fe29a7d198fd6752cb4cec3d88caf9f1d1105a7052fd0805f5cf5fc43777c4","GATE4-20261005-HYDRO-PHYSICAL-POLICY-SEPARATION"
"GEM:G100000604068","VN","Hydro","ACTUALLY_INTEGRATED","G100000604068","PPM:198","110","110","existing_survivor::VN2 6::Hydro::152a88962659","VN2 6","Reservoir","06152be56ee41f64bfdca42fd24aeaf363ab61f931fec7b5e4bc12f6d6456ecb:StorageUnit:VN2 6:hydro","","Global-Hydropower-Tracker-April-2025.xlsx","d2fe29a7d198fd6752cb4cec3d88caf9f1d1105a7052fd0805f5cf5fc43777c4","GATE4-20261005-HYDRO-PHYSICAL-POLICY-SEPARATION"
"GEM:G100001051654","VN","Hydro","ACTUALLY_INTEGRATED","G100001051654","PPM:198","48","48","existing_survivor::VN2 6::Hydro::152a88962659","VN2 6","Reservoir","06152be56ee41f64bfdca42fd24aeaf363ab61f931fec7b5e4bc12f6d6456ecb:StorageUnit:VN2 6:hydro","","Global-Hydropower-Tracker-April-2025.xlsx","d2fe29a7d198fd6752cb4cec3d88caf9f1d1105a7052fd0805f5cf5fc43777c4","GATE4-20261005-HYDRO-PHYSICAL-POLICY-SEPARATION"
"GEM:G100001027573","VN","Hydro","ACTUALLY_INTEGRATED","G100001027573","PPM:199","84","84","existing_survivor::VN2 1::Hydro::3757fb110e2d","VN2 1","Run-Of-River","06152be56ee41f64bfdca42fd24aeaf363ab61f931fec7b5e4bc12f6d6456ecb:Generator:VN2 1:ror","","Global-Hydropower-Tracker-April-2025.xlsx","d2fe29a7d198fd6752cb4cec3d88caf9f1d1105a7052fd0805f5cf5fc43777c4","GATE4-20261005-HYDRO-PHYSICAL-POLICY-SEPARATION"
"GEM:G100001027572","VN","Hydro","ACTUALLY_INTEGRATED","G100001027572","PPM:200","48","48","existing_survivor::VN2 1::Hydro::ff86ce2c06d3","VN2 1","Reservoir","06152be56ee41f64bfdca42fd24aeaf363ab61f931fec7b5e4bc12f6d6456ecb:StorageUnit:VN2 1:hydro","","Global-Hydropower-Tracker-April-2025.xlsx","d2fe29a7d198fd6752cb4cec3d88caf9f1d1105a7052fd0805f5cf5fc43777c4","GATE4-20261005-HYDRO-PHYSICAL-POLICY-SEPARATION"
"GEM:G100000604079","VN","Hydro","ACTUALLY_INTEGRATED","G100000604079","PPM:202","220","220","existing_survivor::VN2 4::Hydro::496c66207529","VN2 4","Reservoir","06152be56ee41f64bfdca42fd24aeaf363ab61f931fec7b5e4bc12f6d6456ecb:StorageUnit:VN2 4:hydro","","Global-Hydropower-Tracker-April-2025.xlsx","d2fe29a7d198fd6752cb4cec3d88caf9f1d1105a7052fd0805f5cf5fc43777c4","GATE4-20261005-HYDRO-PHYSICAL-POLICY-SEPARATION"
"GEM:G100000604080","VN","Hydro","ACTUALLY_INTEGRATED","G100000604080","PPM:203","80","80","existing_survivor::VN2 4::Hydro::f523ed27dfa9","VN2 4","Run-Of-River","06152be56ee41f64bfdca42fd24aeaf363ab61f931fec7b5e4bc12f6d6456ecb:Generator:VN2 4:ror","","Global-Hydropower-Tracker-April-2025.xlsx","d2fe29a7d198fd6752cb4cec3d88caf9f1d1105a7052fd0805f5cf5fc43777c4","GATE4-20261005-HYDRO-PHYSICAL-POLICY-SEPARATION"
"GEM:G100001027580","VN","Hydro","ACTUALLY_INTEGRATED","G100001027580","PPM:204","64","64","existing_survivor::VN2 4::Hydro::f523ed27dfa9","VN2 4","Run-Of-River","06152be56ee41f64bfdca42fd24aeaf363ab61f931fec7b5e4bc12f6d6456ecb:Generator:VN2 4:ror","","Global-Hydropower-Tracker-April-2025.xlsx","d2fe29a7d198fd6752cb4cec3d88caf9f1d1105a7052fd0805f5cf5fc43777c4","GATE4-20261005-HYDRO-PHYSICAL-POLICY-SEPARATION"
"GEM:G100001027581","VN","Hydro","PENDING_INPUT_GROUP","G100001027581","PPM:205","51","0","","VN2 5","Run-Of-River","06152be56ee41f64bfdca42fd24aeaf363ab61f931fec7b5e4bc12f6d6456ecb:Generator:VN2 5:ror","NO_UNIQUE_SAME_NODE_INPUT_RESOURCE_GROUP; no cross-node or cross-partition fallback","Global-Hydropower-Tracker-April-2025.xlsx","d2fe29a7d198fd6752cb4cec3d88caf9f1d1105a7052fd0805f5cf5fc43777c4","GATE4-20261005-HYDRO-PHYSICAL-POLICY-SEPARATION"
"GEM:G100000604224","PH","Hydro","ACTUALLY_INTEGRATED","G100000604224","PPM:208","75","75","existing_survivor::PH_Luzon5 0::Hydro::6fb611a07487","PH_Luzon5 0","Run-Of-River","06152be56ee41f64bfdca42fd24aeaf363ab61f931fec7b5e4bc12f6d6456ecb:Generator:PH_Luzon5 0:ror","","Global-Hydropower-Tracker-April-2025.xlsx","d2fe29a7d198fd6752cb4cec3d88caf9f1d1105a7052fd0805f5cf5fc43777c4","GATE4-20261005-HYDRO-PHYSICAL-POLICY-SEPARATION"
"GEM:G100000603178","PH","Hydro","ACTUALLY_INTEGRATED","G100000603178","PPM:210","218","218","existing_survivor::PH_Luzon5 0::Hydro::6fb611a07487","PH_Luzon5 0","Run-Of-River","06152be56ee41f64bfdca42fd24aeaf363ab61f931fec7b5e4bc12f6d6456ecb:Generator:PH_Luzon5 0:ror","","Global-Hydropower-Tracker-April-2025.xlsx","d2fe29a7d198fd6752cb4cec3d88caf9f1d1105a7052fd0805f5cf5fc43777c4","GATE4-20261005-HYDRO-PHYSICAL-POLICY-SEPARATION"
"GEM:G100000603177","PH","Hydro","ACTUALLY_INTEGRATED","G100000603177","PPM:211","105","105","existing_survivor::PH_Luzon5 0::Hydro::644e2f522476","PH_Luzon5 0","Reservoir","06152be56ee41f64bfdca42fd24aeaf363ab61f931fec7b5e4bc12f6d6456ecb:StorageUnit:PH_Luzon5 0:hydro","","Global-Hydropower-Tracker-April-2025.xlsx","d2fe29a7d198fd6752cb4cec3d88caf9f1d1105a7052fd0805f5cf5fc43777c4","GATE4-20261005-HYDRO-PHYSICAL-POLICY-SEPARATION"
"GEM:G100000603170","PH","Hydro","PENDING_INPUT_GROUP","G100000603170","PPM:212","80","0","","PH_Mindanao6 1","Reservoir","06152be56ee41f64bfdca42fd24aeaf363ab61f931fec7b5e4bc12f6d6456ecb:StorageUnit:PH_Mindanao6 1:hydro","NO_UNIQUE_SAME_NODE_INPUT_RESOURCE_GROUP; no cross-node or cross-partition fallback","Global-Hydropower-Tracker-April-2025.xlsx","d2fe29a7d198fd6752cb4cec3d88caf9f1d1105a7052fd0805f5cf5fc43777c4","GATE4-20261005-HYDRO-PHYSICAL-POLICY-SEPARATION"
"GEM:G100000603171","PH","Hydro","PENDING_INPUT_GROUP","G100000603171","PPM:212","180","0","","PH_Mindanao6 1","Reservoir","06152be56ee41f64bfdca42fd24aeaf363ab61f931fec7b5e4bc12f6d6456ecb:StorageUnit:PH_Mindanao6 1:hydro","NO_UNIQUE_SAME_NODE_INPUT_RESOURCE_GROUP; no cross-node or cross-partition fallback","Global-Hydropower-Tracker-April-2025.xlsx","d2fe29a7d198fd6752cb4cec3d88caf9f1d1105a7052fd0805f5cf5fc43777c4","GATE4-20261005-HYDRO-PHYSICAL-POLICY-SEPARATION"
"GEM:G100000603173","PH","Hydro","PENDING_INPUT_GROUP","G100000603173","PPM:213","158","0","","PH_Mindanao6 0","Reservoir","06152be56ee41f64bfdca42fd24aeaf363ab61f931fec7b5e4bc12f6d6456ecb:StorageUnit:PH_Mindanao6 0:hydro","NO_UNIQUE_SAME_NODE_INPUT_RESOURCE_GROUP; no cross-node or cross-partition fallback","Global-Hydropower-Tracker-April-2025.xlsx","d2fe29a7d198fd6752cb4cec3d88caf9f1d1105a7052fd0805f5cf5fc43777c4","GATE4-20261005-HYDRO-PHYSICAL-POLICY-SEPARATION"
"GEM:G100001051425","PH","Hydro","PENDING_INPUT_GROUP","G100001051425","PPM:213","55","0","","PH_Mindanao6 0","Reservoir","06152be56ee41f64bfdca42fd24aeaf363ab61f931fec7b5e4bc12f6d6456ecb:StorageUnit:PH_Mindanao6 0:hydro","NO_UNIQUE_SAME_NODE_INPUT_RESOURCE_GROUP; no cross-node or cross-partition fallback","Global-Hydropower-Tracker-April-2025.xlsx","d2fe29a7d198fd6752cb4cec3d88caf9f1d1105a7052fd0805f5cf5fc43777c4","GATE4-20261005-HYDRO-PHYSICAL-POLICY-SEPARATION"
"GEM:G100000603174","PH","Hydro","PENDING_INPUT_GROUP","G100000603174","PPM:214","250","0","","PH_Mindanao6 0","Run-Of-River","06152be56ee41f64bfdca42fd24aeaf363ab61f931fec7b5e4bc12f6d6456ecb:Generator:PH_Mindanao6 0:ror","NO_UNIQUE_SAME_NODE_INPUT_RESOURCE_GROUP; no cross-node or cross-partition fallback","Global-Hydropower-Tracker-April-2025.xlsx","d2fe29a7d198fd6752cb4cec3d88caf9f1d1105a7052fd0805f5cf5fc43777c4","GATE4-20261005-HYDRO-PHYSICAL-POLICY-SEPARATION"
"GEM:G100001051426","PH","Hydro","PENDING_INPUT_GROUP","G100001051426","PPM:214","54","0","","PH_Mindanao6 0","Run-Of-River","06152be56ee41f64bfdca42fd24aeaf363ab61f931fec7b5e4bc12f6d6456ecb:Generator:PH_Mindanao6 0:ror","NO_UNIQUE_SAME_NODE_INPUT_RESOURCE_GROUP; no cross-node or cross-partition fallback","Global-Hydropower-Tracker-April-2025.xlsx","d2fe29a7d198fd6752cb4cec3d88caf9f1d1105a7052fd0805f5cf5fc43777c4","GATE4-20261005-HYDRO-PHYSICAL-POLICY-SEPARATION"
"GEM:G100000604033","VN","Hydro","ACTUALLY_INTEGRATED","G100000604033","PPM:215","210","210","existing_survivor::VN2 2::Hydro::2fdf8aaeea34","VN2 2","Reservoir","06152be56ee41f64bfdca42fd24aeaf363ab61f931fec7b5e4bc12f6d6456ecb:StorageUnit:VN2 2:hydro","","Global-Hydropower-Tracker-April-2025.xlsx","d2fe29a7d198fd6752cb4cec3d88caf9f1d1105a7052fd0805f5cf5fc43777c4","GATE4-20261005-HYDRO-PHYSICAL-POLICY-SEPARATION"
"GEM:G100001027583","VN","Hydro","ACTUALLY_INTEGRATED","G100001027583","PPM:218","66","66","existing_survivor::VN2 7::Hydro::339b5799c455","VN2 7","Reservoir","06152be56ee41f64bfdca42fd24aeaf363ab61f931fec7b5e4bc12f6d6456ecb:StorageUnit:VN2 7:hydro","","Global-Hydropower-Tracker-April-2025.xlsx","d2fe29a7d198fd6752cb4cec3d88caf9f1d1105a7052fd0805f5cf5fc43777c4","GATE4-20261005-HYDRO-PHYSICAL-POLICY-SEPARATION"
"GEM:G100000604087","VN","Hydro","ACTUALLY_INTEGRATED","G100000604087","PPM:220","342","342","existing_survivor::VN2 6::Hydro::152a88962659","VN2 6","Reservoir","06152be56ee41f64bfdca42fd24aeaf363ab61f931fec7b5e4bc12f6d6456ecb:StorageUnit:VN2 6:hydro","","Global-Hydropower-Tracker-April-2025.xlsx","d2fe29a7d198fd6752cb4cec3d88caf9f1d1105a7052fd0805f5cf5fc43777c4","GATE4-20261005-HYDRO-PHYSICAL-POLICY-SEPARATION"
"GEM:G100000604085","VN","Hydro","ACTUALLY_INTEGRATED","G100000604085","PPM:221","400","400","existing_survivor::VN2 5::Hydro::1f892a5bac58","VN2 5","Reservoir","06152be56ee41f64bfdca42fd24aeaf363ab61f931fec7b5e4bc12f6d6456ecb:StorageUnit:VN2 5:hydro","","Global-Hydropower-Tracker-April-2025.xlsx","d2fe29a7d198fd6752cb4cec3d88caf9f1d1105a7052fd0805f5cf5fc43777c4","GATE4-20261005-HYDRO-PHYSICAL-POLICY-SEPARATION"
"GEM:G100000604084","VN","Hydro","ACTUALLY_INTEGRATED","G100000604084","PPM:222","220","220","existing_survivor::VN2 7::Hydro::339b5799c455","VN2 7","Reservoir","06152be56ee41f64bfdca42fd24aeaf363ab61f931fec7b5e4bc12f6d6456ecb:StorageUnit:VN2 7:hydro","","Global-Hydropower-Tracker-April-2025.xlsx","d2fe29a7d198fd6752cb4cec3d88caf9f1d1105a7052fd0805f5cf5fc43777c4","GATE4-20261005-HYDRO-PHYSICAL-POLICY-SEPARATION"
"GEM:G100000604082","VN","Hydro","ACTUALLY_INTEGRATED","G100000604082","PPM:226","225","225","existing_survivor::VN2 5::Hydro::1f892a5bac58","VN2 5","Reservoir","06152be56ee41f64bfdca42fd24aeaf363ab61f931fec7b5e4bc12f6d6456ecb:StorageUnit:VN2 5:hydro","","Global-Hydropower-Tracker-April-2025.xlsx","d2fe29a7d198fd6752cb4cec3d88caf9f1d1105a7052fd0805f5cf5fc43777c4","GATE4-20261005-HYDRO-PHYSICAL-POLICY-SEPARATION"
"GEM:G100000604081","VN","Hydro","ACTUALLY_INTEGRATED","G100000604081","PPM:227","120","120","existing_survivor::VN2 1::Hydro::ff86ce2c06d3","VN2 1","Reservoir","06152be56ee41f64bfdca42fd24aeaf363ab61f931fec7b5e4bc12f6d6456ecb:StorageUnit:VN2 1:hydro","","Global-Hydropower-Tracker-April-2025.xlsx","d2fe29a7d198fd6752cb4cec3d88caf9f1d1105a7052fd0805f5cf5fc43777c4","GATE4-20261005-HYDRO-PHYSICAL-POLICY-SEPARATION"
"GEM:G100001027582","VN","Hydro","ACTUALLY_INTEGRATED","G100001027582","PPM:228","60","60","existing_survivor::VN2 1::Hydro::3757fb110e2d","VN2 1","Run-Of-River","06152be56ee41f64bfdca42fd24aeaf363ab61f931fec7b5e4bc12f6d6456ecb:Generator:VN2 1:ror","","Global-Hydropower-Tracker-April-2025.xlsx","d2fe29a7d198fd6752cb4cec3d88caf9f1d1105a7052fd0805f5cf5fc43777c4","GATE4-20261005-HYDRO-PHYSICAL-POLICY-SEPARATION"
"GEM:G100001051665","VN","Hydro","ACTUALLY_INTEGRATED","G100001051665","PPM:229","66","66","existing_survivor::VN2 1::Hydro::3757fb110e2d","VN2 1","Run-Of-River","06152be56ee41f64bfdca42fd24aeaf363ab61f931fec7b5e4bc12f6d6456ecb:Generator:VN2 1:ror","","Global-Hydropower-Tracker-April-2025.xlsx","d2fe29a7d198fd6752cb4cec3d88caf9f1d1105a7052fd0805f5cf5fc43777c4","GATE4-20261005-HYDRO-PHYSICAL-POLICY-SEPARATION"
"GEM:G100001027334","MM","Hydro","PENDING_INPUT_GROUP","G100001027334","PPM:234","54","0","","MM2 7","Reservoir","06152be56ee41f64bfdca42fd24aeaf363ab61f931fec7b5e4bc12f6d6456ecb:StorageUnit:MM2 7:hydro","NO_UNIQUE_SAME_NODE_INPUT_RESOURCE_GROUP; no cross-node or cross-partition fallback","Global-Hydropower-Tracker-April-2025.xlsx","d2fe29a7d198fd6752cb4cec3d88caf9f1d1105a7052fd0805f5cf5fc43777c4","GATE4-20261005-HYDRO-PHYSICAL-POLICY-SEPARATION"
"GEM:G100000602550","MM","Hydro","ACTUALLY_INTEGRATED","G100000602550","PPM:236","240","240","existing_survivor::MM2 0::Hydro::373b54f8a073","MM2 0","Reservoir","06152be56ee41f64bfdca42fd24aeaf363ab61f931fec7b5e4bc12f6d6456ecb:StorageUnit:MM2 0:hydro","","Global-Hydropower-Tracker-April-2025.xlsx","d2fe29a7d198fd6752cb4cec3d88caf9f1d1105a7052fd0805f5cf5fc43777c4","GATE4-20261005-HYDRO-PHYSICAL-POLICY-SEPARATION"
"GEM:G100000602545","MM","Hydro","ACTUALLY_INTEGRATED","G100000602545","PPM:237","168","168","existing_survivor::MM2 6::Hydro::a343b77646c3","MM2 6","Run-Of-River","06152be56ee41f64bfdca42fd24aeaf363ab61f931fec7b5e4bc12f6d6456ecb:Generator:MM2 6:ror","","Global-Hydropower-Tracker-April-2025.xlsx","d2fe29a7d198fd6752cb4cec3d88caf9f1d1105a7052fd0805f5cf5fc43777c4","GATE4-20261005-HYDRO-PHYSICAL-POLICY-SEPARATION"
"GEM:G100001051555","MM","Hydro","ACTUALLY_INTEGRATED","G100001051555","PPM:237","52","52","existing_survivor::MM2 6::Hydro::a343b77646c3","MM2 6","Run-Of-River","06152be56ee41f64bfdca42fd24aeaf363ab61f931fec7b5e4bc12f6d6456ecb:Generator:MM2 6:ror","","Global-Hydropower-Tracker-April-2025.xlsx","d2fe29a7d198fd6752cb4cec3d88caf9f1d1105a7052fd0805f5cf5fc43777c4","GATE4-20261005-HYDRO-PHYSICAL-POLICY-SEPARATION"
"GEM:G100001027301","ID","Hydro","ACTUALLY_INTEGRATED","G100001027301","PPM:239","54","54","existing_survivor::ID_Java-Bali1 2::Hydro::7aba215b833d","ID_Java-Bali1 2","Reservoir","06152be56ee41f64bfdca42fd24aeaf363ab61f931fec7b5e4bc12f6d6456ecb:StorageUnit:ID_Java-Bali1 2:hydro","","Global-Hydropower-Tracker-April-2025.xlsx","d2fe29a7d198fd6752cb4cec3d88caf9f1d1105a7052fd0805f5cf5fc43777c4","GATE4-20261005-HYDRO-PHYSICAL-POLICY-SEPARATION"
"GEM:G100000602182","ID","Hydro","ACTUALLY_INTEGRATED","G100000602182","PPM:240","90","90","existing_survivor::GEM:G100000602182","ID_Sumatra3 1","Reservoir","06152be56ee41f64bfdca42fd24aeaf363ab61f931fec7b5e4bc12f6d6456ecb:StorageUnit:ID_Sumatra3 1:hydro","","Global-Hydropower-Tracker-April-2025.xlsx","d2fe29a7d198fd6752cb4cec3d88caf9f1d1105a7052fd0805f5cf5fc43777c4","GATE4-20261005-HYDRO-PHYSICAL-POLICY-SEPARATION"
"GEM:G100001027336","MM","Hydro","ACTUALLY_INTEGRATED","G100001027336","PPM:246","60","60","existing_survivor::MM2 10::Hydro::40f204ee6157","MM2 10","Reservoir","06152be56ee41f64bfdca42fd24aeaf363ab61f931fec7b5e4bc12f6d6456ecb:StorageUnit:MM2 10:hydro","","Global-Hydropower-Tracker-April-2025.xlsx","d2fe29a7d198fd6752cb4cec3d88caf9f1d1105a7052fd0805f5cf5fc43777c4","GATE4-20261005-HYDRO-PHYSICAL-POLICY-SEPARATION"
"GEM:G100000602176","ID","Hydro","ACTUALLY_INTEGRATED","G100000602176","PPM:247","317","317","existing_survivor::ID_Sumatra3 2::Hydro::180fbf570c14","ID_Sumatra3 2","Reservoir","06152be56ee41f64bfdca42fd24aeaf363ab61f931fec7b5e4bc12f6d6456ecb:StorageUnit:ID_Sumatra3 2:hydro","","Global-Hydropower-Tracker-April-2025.xlsx","d2fe29a7d198fd6752cb4cec3d88caf9f1d1105a7052fd0805f5cf5fc43777c4","GATE4-20261005-HYDRO-PHYSICAL-POLICY-SEPARATION"
"GEM:G100000602174","ID","Hydro","ACTUALLY_INTEGRATED","G100000602174","PPM:250","105","105","existing_survivor::ID_Java-Bali1 2::Hydro::7aba215b833d","ID_Java-Bali1 2","Reservoir","06152be56ee41f64bfdca42fd24aeaf363ab61f931fec7b5e4bc12f6d6456ecb:StorageUnit:ID_Java-Bali1 2:hydro","","Global-Hydropower-Tracker-April-2025.xlsx","d2fe29a7d198fd6752cb4cec3d88caf9f1d1105a7052fd0805f5cf5fc43777c4","GATE4-20261005-HYDRO-PHYSICAL-POLICY-SEPARATION"
"GEM:G100001027300","ID","Hydro","ACTUALLY_INTEGRATED","G100001027300","PPM:252","50","50","existing_survivor::ID_Sumatra3 2::Hydro::b5a4d920a517","ID_Sumatra3 2","Run-Of-River","06152be56ee41f64bfdca42fd24aeaf363ab61f931fec7b5e4bc12f6d6456ecb:Generator:ID_Sumatra3 2:ror","","Global-Hydropower-Tracker-April-2025.xlsx","d2fe29a7d198fd6752cb4cec3d88caf9f1d1105a7052fd0805f5cf5fc43777c4","GATE4-20261005-HYDRO-PHYSICAL-POLICY-SEPARATION"
"GEM:G100000602172","ID","Hydro","ACTUALLY_INTEGRATED","G100000602172","PPM:253","175","175","existing_survivor::ID_Sumatra3 3::Hydro::b4e551307422","ID_Sumatra3 3","Reservoir","06152be56ee41f64bfdca42fd24aeaf363ab61f931fec7b5e4bc12f6d6456ecb:StorageUnit:ID_Sumatra3 3:hydro","","Global-Hydropower-Tracker-April-2025.xlsx","d2fe29a7d198fd6752cb4cec3d88caf9f1d1105a7052fd0805f5cf5fc43777c4","GATE4-20261005-HYDRO-PHYSICAL-POLICY-SEPARATION"
"GEM:G100000602168","ID","Hydro","ACTUALLY_INTEGRATED","G100000602168","PPM:255","701","701","existing_survivor::ID_Java-Bali1 0::Hydro::484376eceaf1","ID_Java-Bali1 0","Reservoir","06152be56ee41f64bfdca42fd24aeaf363ab61f931fec7b5e4bc12f6d6456ecb:StorageUnit:ID_Java-Bali1 0:hydro","","Global-Hydropower-Tracker-April-2025.xlsx","d2fe29a7d198fd6752cb4cec3d88caf9f1d1105a7052fd0805f5cf5fc43777c4","GATE4-20261005-HYDRO-PHYSICAL-POLICY-SEPARATION"
"GEM:G100001027335","MM","Hydro","ACTUALLY_INTEGRATED","G100001027335","PPM:259","56","56","existing_survivor::GEM:G100001027335","MM2 12","Reservoir","06152be56ee41f64bfdca42fd24aeaf363ab61f931fec7b5e4bc12f6d6456ecb:StorageUnit:MM2 12:hydro","","Global-Hydropower-Tracker-April-2025.xlsx","d2fe29a7d198fd6752cb4cec3d88caf9f1d1105a7052fd0805f5cf5fc43777c4","GATE4-20261005-HYDRO-PHYSICAL-POLICY-SEPARATION"
"GEM:G100000603603","TH","Hydro","ACTUALLY_INTEGRATED","G100000603603","PPM:264","779","779","existing_survivor::TH2 4::Hydro::6b2ad09f452a","TH2 4","Pumped Storage","06152be56ee41f64bfdca42fd24aeaf363ab61f931fec7b5e4bc12f6d6456ecb:StorageUnit:TH2 4:PHS","","Global-Hydropower-Tracker-April-2025.xlsx","d2fe29a7d198fd6752cb4cec3d88caf9f1d1105a7052fd0805f5cf5fc43777c4","GATE4-20261005-HYDRO-PHYSICAL-POLICY-SEPARATION"
"GEM:G100000604991","TH","Hydro","ACTUALLY_INTEGRATED","G100000604991","PPM:264","171","171","existing_survivor::TH2 4::Hydro::6b2ad09f452a","TH2 4","Pumped Storage","06152be56ee41f64bfdca42fd24aeaf363ab61f931fec7b5e4bc12f6d6456ecb:StorageUnit:TH2 4:PHS","","Global-Hydropower-Tracker-April-2025.xlsx","d2fe29a7d198fd6752cb4cec3d88caf9f1d1105a7052fd0805f5cf5fc43777c4","GATE4-20261005-HYDRO-PHYSICAL-POLICY-SEPARATION"
"GEM:G100000603602","TH","Hydro","ACTUALLY_INTEGRATED","G100000603602","PPM:268","84","84","existing_survivor::GEM:G100000603602","TH2 0","Reservoir","06152be56ee41f64bfdca42fd24aeaf363ab61f931fec7b5e4bc12f6d6456ecb:StorageUnit:TH2 0:hydro","","Global-Hydropower-Tracker-April-2025.xlsx","d2fe29a7d198fd6752cb4cec3d88caf9f1d1105a7052fd0805f5cf5fc43777c4","GATE4-20261005-HYDRO-PHYSICAL-POLICY-SEPARATION"
"GEM:G100001027337","MM","Hydro","ACTUALLY_INTEGRATED","G100001027337","PPM:276","74","74","existing_survivor::MM2 10::Hydro::47336a26beba","MM2 10","Run-Of-River","06152be56ee41f64bfdca42fd24aeaf363ab61f931fec7b5e4bc12f6d6456ecb:Generator:MM2 10:ror","","Global-Hydropower-Tracker-April-2025.xlsx","d2fe29a7d198fd6752cb4cec3d88caf9f1d1105a7052fd0805f5cf5fc43777c4","GATE4-20261005-HYDRO-PHYSICAL-POLICY-SEPARATION"
"GEM:G100000602601","MM","Hydro","ACTUALLY_INTEGRATED","G100000602601","PPM:278","790","790","existing_survivor::MM2 5::Hydro::626f844f6ad9","MM2 5","Reservoir","06152be56ee41f64bfdca42fd24aeaf363ab61f931fec7b5e4bc12f6d6456ecb:StorageUnit:MM2 5:hydro","","Global-Hydropower-Tracker-April-2025.xlsx","d2fe29a7d198fd6752cb4cec3d88caf9f1d1105a7052fd0805f5cf5fc43777c4","GATE4-20261005-HYDRO-PHYSICAL-POLICY-SEPARATION"
"GEM:G100000602586","MM","Hydro","ACTUALLY_INTEGRATED","G100000602586","PPM:281","600","600","existing_survivor::MM2 5::Hydro::626f844f6ad9","MM2 5","Reservoir","06152be56ee41f64bfdca42fd24aeaf363ab61f931fec7b5e4bc12f6d6456ecb:StorageUnit:MM2 5:hydro","","Global-Hydropower-Tracker-April-2025.xlsx","d2fe29a7d198fd6752cb4cec3d88caf9f1d1105a7052fd0805f5cf5fc43777c4","GATE4-20261005-HYDRO-PHYSICAL-POLICY-SEPARATION"
"GEM:G100000602585","MM","Hydro","ACTUALLY_INTEGRATED","G100000602585","PPM:282","75","75","existing_survivor::MM2 10::Hydro::47336a26beba","MM2 10","Run-Of-River","06152be56ee41f64bfdca42fd24aeaf363ab61f931fec7b5e4bc12f6d6456ecb:Generator:MM2 10:ror","","Global-Hydropower-Tracker-April-2025.xlsx","d2fe29a7d198fd6752cb4cec3d88caf9f1d1105a7052fd0805f5cf5fc43777c4","GATE4-20261005-HYDRO-PHYSICAL-POLICY-SEPARATION"
"GEM:G100001027338","MM","Hydro","ACTUALLY_INTEGRATED","G100001027338","PPM:283","65","65","existing_survivor::MM2 10::Hydro::40f204ee6157","MM2 10","Reservoir","06152be56ee41f64bfdca42fd24aeaf363ab61f931fec7b5e4bc12f6d6456ecb:StorageUnit:MM2 10:hydro","","Global-Hydropower-Tracker-April-2025.xlsx","d2fe29a7d198fd6752cb4cec3d88caf9f1d1105a7052fd0805f5cf5fc43777c4","GATE4-20261005-HYDRO-PHYSICAL-POLICY-SEPARATION"
"GEM:G100000602582","MM","Hydro","ACTUALLY_INTEGRATED","G100000602582","PPM:284","280","280","existing_survivor::MM2 6::Hydro::1538d432eea2","MM2 6","Reservoir","06152be56ee41f64bfdca42fd24aeaf363ab61f931fec7b5e4bc12f6d6456ecb:StorageUnit:MM2 6:hydro","","Global-Hydropower-Tracker-April-2025.xlsx","d2fe29a7d198fd6752cb4cec3d88caf9f1d1105a7052fd0805f5cf5fc43777c4","GATE4-20261005-HYDRO-PHYSICAL-POLICY-SEPARATION"
"GEM:G100000602572","MM","Hydro","ACTUALLY_INTEGRATED","G100000602572","PPM:285","75","75","existing_survivor::GEM:G100000602572","MM2 15","Run-Of-River","06152be56ee41f64bfdca42fd24aeaf363ab61f931fec7b5e4bc12f6d6456ecb:Generator:MM2 15:ror","","Global-Hydropower-Tracker-April-2025.xlsx","d2fe29a7d198fd6752cb4cec3d88caf9f1d1105a7052fd0805f5cf5fc43777c4","GATE4-20261005-HYDRO-PHYSICAL-POLICY-SEPARATION"
"GEM:G100000602135","ID","Hydro","ACTUALLY_INTEGRATED","G100000602135","PPM:296","1008","1008","existing_survivor::ID_Java-Bali1 0::Hydro::484376eceaf1","ID_Java-Bali1 0","Reservoir","06152be56ee41f64bfdca42fd24aeaf363ab61f931fec7b5e4bc12f6d6456ecb:StorageUnit:ID_Java-Bali1 0:hydro","","Global-Hydropower-Tracker-April-2025.xlsx","d2fe29a7d198fd6752cb4cec3d88caf9f1d1105a7052fd0805f5cf5fc43777c4","GATE4-20261005-HYDRO-PHYSICAL-POLICY-SEPARATION"
"GEM:G100000602163","ID","Hydro","ACTUALLY_INTEGRATED","G100000602163","PPM:302","181","181","existing_survivor::GEM:G100000602163","ID_Java-Bali1 1","Reservoir","06152be56ee41f64bfdca42fd24aeaf363ab61f931fec7b5e4bc12f6d6456ecb:StorageUnit:ID_Java-Bali1 1:hydro","","Global-Hydropower-Tracker-April-2025.xlsx","d2fe29a7d198fd6752cb4cec3d88caf9f1d1105a7052fd0805f5cf5fc43777c4","GATE4-20261005-HYDRO-PHYSICAL-POLICY-SEPARATION"
"GEM:G100000602129","ID","Hydro","ACTUALLY_INTEGRATED","G100000602129","PPM:311","140","140","existing_survivor::ID_Sulawesi0 3::Hydro::946ad49abee4","ID_Sulawesi0 3","Reservoir","06152be56ee41f64bfdca42fd24aeaf363ab61f931fec7b5e4bc12f6d6456ecb:StorageUnit:ID_Sulawesi0 3:hydro","","Global-Hydropower-Tracker-April-2025.xlsx","d2fe29a7d198fd6752cb4cec3d88caf9f1d1105a7052fd0805f5cf5fc43777c4","GATE4-20261005-HYDRO-PHYSICAL-POLICY-SEPARATION"
"GEM:G100000602128","ID","Hydro","ACTUALLY_INTEGRATED","G100000602128","PPM:312","126","126","existing_survivor::GEM:G100000602128","ID_Sulawesi0 1","Reservoir","06152be56ee41f64bfdca42fd24aeaf363ab61f931fec7b5e4bc12f6d6456ecb:StorageUnit:ID_Sulawesi0 1:hydro","","Global-Hydropower-Tracker-April-2025.xlsx","d2fe29a7d198fd6752cb4cec3d88caf9f1d1105a7052fd0805f5cf5fc43777c4","GATE4-20261005-HYDRO-PHYSICAL-POLICY-SEPARATION"
"GEM:G100000602125","ID","Hydro","ACTUALLY_INTEGRATED","G100000602125","PPM:314","180","180","existing_survivor::ID_Sumatra3 2::Hydro::b5a4d920a517","ID_Sumatra3 2","Run-Of-River","06152be56ee41f64bfdca42fd24aeaf363ab61f931fec7b5e4bc12f6d6456ecb:Generator:ID_Sumatra3 2:ror","","Global-Hydropower-Tracker-April-2025.xlsx","d2fe29a7d198fd6752cb4cec3d88caf9f1d1105a7052fd0805f5cf5fc43777c4","GATE4-20261005-HYDRO-PHYSICAL-POLICY-SEPARATION"
"GEM:G100000602160","ID","Hydro","ACTUALLY_INTEGRATED","G100000602160","PPM:323","210","210","existing_survivor::GEM:G100000602160","ID_Sumatra3 5","Run-Of-River","06152be56ee41f64bfdca42fd24aeaf363ab61f931fec7b5e4bc12f6d6456ecb:Generator:ID_Sumatra3 5:ror","","Global-Hydropower-Tracker-April-2025.xlsx","d2fe29a7d198fd6752cb4cec3d88caf9f1d1105a7052fd0805f5cf5fc43777c4","GATE4-20261005-HYDRO-PHYSICAL-POLICY-SEPARATION"
"GEM:G100001051496","ID","Hydro","ACTUALLY_INTEGRATED","G100001051496","PPM:327","68","68","existing_survivor::ID_Sumatra3 3::Hydro::b4e551307422","ID_Sumatra3 3","Reservoir","06152be56ee41f64bfdca42fd24aeaf363ab61f931fec7b5e4bc12f6d6456ecb:StorageUnit:ID_Sumatra3 3:hydro","","Global-Hydropower-Tracker-April-2025.xlsx","d2fe29a7d198fd6752cb4cec3d88caf9f1d1105a7052fd0805f5cf5fc43777c4","GATE4-20261005-HYDRO-PHYSICAL-POLICY-SEPARATION"
"GEM:G100000602151","ID","Hydro","ACTUALLY_INTEGRATED","G100000602151","PPM:328","82","82","existing_survivor::ID_Sumatra3 2::Hydro::b5a4d920a517","ID_Sumatra3 2","Run-Of-River","06152be56ee41f64bfdca42fd24aeaf363ab61f931fec7b5e4bc12f6d6456ecb:Generator:ID_Sumatra3 2:ror","","Global-Hydropower-Tracker-April-2025.xlsx","d2fe29a7d198fd6752cb4cec3d88caf9f1d1105a7052fd0805f5cf5fc43777c4","GATE4-20261005-HYDRO-PHYSICAL-POLICY-SEPARATION"
"GEM:G100000602150","ID","Hydro","ACTUALLY_INTEGRATED","G100000602150","PPM:329","165","165","existing_survivor::ID_Sulawesi0 3::Hydro::946ad49abee4","ID_Sulawesi0 3","Reservoir","06152be56ee41f64bfdca42fd24aeaf363ab61f931fec7b5e4bc12f6d6456ecb:StorageUnit:ID_Sulawesi0 3:hydro","","Global-Hydropower-Tracker-April-2025.xlsx","d2fe29a7d198fd6752cb4cec3d88caf9f1d1105a7052fd0805f5cf5fc43777c4","GATE4-20261005-HYDRO-PHYSICAL-POLICY-SEPARATION"
"GEM:G100000602147","ID","Hydro","ACTUALLY_INTEGRATED","G100000602147","PPM:333","114","114","existing_survivor::ID_Sumatra3 3::Hydro::b4e551307422","ID_Sumatra3 3","Reservoir","06152be56ee41f64bfdca42fd24aeaf363ab61f931fec7b5e4bc12f6d6456ecb:StorageUnit:ID_Sumatra3 3:hydro","","Global-Hydropower-Tracker-April-2025.xlsx","d2fe29a7d198fd6752cb4cec3d88caf9f1d1105a7052fd0805f5cf5fc43777c4","GATE4-20261005-HYDRO-PHYSICAL-POLICY-SEPARATION"
"GEM:G100000602138","ID","Hydro","ACTUALLY_INTEGRATED","G100000602138","PPM:338","187","187","existing_survivor::ID_Java-Bali1 0::Hydro::484376eceaf1","ID_Java-Bali1 0","Reservoir","06152be56ee41f64bfdca42fd24aeaf363ab61f931fec7b5e4bc12f6d6456ecb:StorageUnit:ID_Java-Bali1 0:hydro","","Global-Hydropower-Tracker-April-2025.xlsx","d2fe29a7d198fd6752cb4cec3d88caf9f1d1105a7052fd0805f5cf5fc43777c4","GATE4-20261005-HYDRO-PHYSICAL-POLICY-SEPARATION"
"GEM:G100000603607","TH","Hydro","ACTUALLY_INTEGRATED","G100000603607","PPM:351","240","240","existing_survivor::GEM:G100000603607","TH2 5","Reservoir","06152be56ee41f64bfdca42fd24aeaf363ab61f931fec7b5e4bc12f6d6456ecb:StorageUnit:TH2 5:hydro","","Global-Hydropower-Tracker-April-2025.xlsx","d2fe29a7d198fd6752cb4cec3d88caf9f1d1105a7052fd0805f5cf5fc43777c4","GATE4-20261005-HYDRO-PHYSICAL-POLICY-SEPARATION"
"GEM:G100000603606","TH","Hydro","ACTUALLY_INTEGRATED","G100000603606","PPM:357","136","136","existing_survivor::GEM:G100000603606","TH2 1","Reservoir","06152be56ee41f64bfdca42fd24aeaf363ab61f931fec7b5e4bc12f6d6456ecb:StorageUnit:TH2 1:hydro","","Global-Hydropower-Tracker-April-2025.xlsx","d2fe29a7d198fd6752cb4cec3d88caf9f1d1105a7052fd0805f5cf5fc43777c4","GATE4-20261005-HYDRO-PHYSICAL-POLICY-SEPARATION"
"GEM:G100000603609","TH","Hydro","ACTUALLY_INTEGRATED","G100000603609","PPM:387","360","360","existing_survivor::TH2 2::Hydro::9b473f82103c","TH2 2","Reservoir","06152be56ee41f64bfdca42fd24aeaf363ab61f931fec7b5e4bc12f6d6456ecb:StorageUnit:TH2 2:hydro","","Global-Hydropower-Tracker-April-2025.xlsx","d2fe29a7d198fd6752cb4cec3d88caf9f1d1105a7052fd0805f5cf5fc43777c4","GATE4-20261005-HYDRO-PHYSICAL-POLICY-SEPARATION"
"GEM:G100000603608","TH","Hydro","ACTUALLY_INTEGRATED","G100000603608","PPM:390","500","500","existing_survivor::GEM:G100000603608","TH2 4","Reservoir","06152be56ee41f64bfdca42fd24aeaf363ab61f931fec7b5e4bc12f6d6456ecb:StorageUnit:TH2 4:hydro","","Global-Hydropower-Tracker-April-2025.xlsx","d2fe29a7d198fd6752cb4cec3d88caf9f1d1105a7052fd0805f5cf5fc43777c4","GATE4-20261005-HYDRO-PHYSICAL-POLICY-SEPARATION"
"GEM:G100000603605","TH","Hydro","ACTUALLY_INTEGRATED","G100000603605","PPM:439","1000","1000","existing_survivor::GEM:G100000603605","TH2 2","Pumped Storage","06152be56ee41f64bfdca42fd24aeaf363ab61f931fec7b5e4bc12f6d6456ecb:StorageUnit:TH2 2:PHS","","Global-Hydropower-Tracker-April-2025.xlsx","d2fe29a7d198fd6752cb4cec3d88caf9f1d1105a7052fd0805f5cf5fc43777c4","GATE4-20261005-HYDRO-PHYSICAL-POLICY-SEPARATION"
"GEM:G100001051666","VN","Hydro","ACTUALLY_INTEGRATED","G100001051666","PPM:781","60","60","existing_survivor::VN2 6::Hydro::d535d7518595","VN2 6","Run-Of-River","06152be56ee41f64bfdca42fd24aeaf363ab61f931fec7b5e4bc12f6d6456ecb:Generator:VN2 6:ror","","Global-Hydropower-Tracker-April-2025.xlsx","d2fe29a7d198fd6752cb4cec3d88caf9f1d1105a7052fd0805f5cf5fc43777c4","GATE4-20261005-HYDRO-PHYSICAL-POLICY-SEPARATION"
"GEM:G100000604225","MY","Hydro","ACTUALLY_INTEGRATED","G100000604225","PPM:803","2400","2400","existing_survivor::MY_Sarawak4 0::Hydro::5c236cd72d46","MY_Sarawak4 0","Reservoir","06152be56ee41f64bfdca42fd24aeaf363ab61f931fec7b5e4bc12f6d6456ecb:StorageUnit:MY_Sarawak4 0:hydro","","Global-Hydropower-Tracker-April-2025.xlsx","d2fe29a7d198fd6752cb4cec3d88caf9f1d1105a7052fd0805f5cf5fc43777c4","GATE4-20261005-HYDRO-PHYSICAL-POLICY-SEPARATION"
"GEM:G100001051650","VN","Hydro","ACTUALLY_INTEGRATED","G100001051650","PPM:831","46","46","existing_survivor::VN2 6::Hydro::152a88962659","VN2 6","Reservoir","06152be56ee41f64bfdca42fd24aeaf363ab61f931fec7b5e4bc12f6d6456ecb:StorageUnit:VN2 6:hydro","","Global-Hydropower-Tracker-April-2025.xlsx","d2fe29a7d198fd6752cb4cec3d88caf9f1d1105a7052fd0805f5cf5fc43777c4","GATE4-20261005-HYDRO-PHYSICAL-POLICY-SEPARATION"
"GEM:G100001051671","VN","Hydro","ACTUALLY_INTEGRATED","G100001051671","PPM:950","48","48","existing_survivor::VN2 6::Hydro::d535d7518595","VN2 6","Run-Of-River","06152be56ee41f64bfdca42fd24aeaf363ab61f931fec7b5e4bc12f6d6456ecb:Generator:VN2 6:ror","","Global-Hydropower-Tracker-April-2025.xlsx","d2fe29a7d198fd6752cb4cec3d88caf9f1d1105a7052fd0805f5cf5fc43777c4","GATE4-20261005-HYDRO-PHYSICAL-POLICY-SEPARATION"
"GEM:G100000602549","MM","Hydro","ACTUALLY_INTEGRATED","G100000602549","PPM:952","99","99","existing_survivor::MM2 0::Hydro::373b54f8a073","MM2 0","Reservoir","06152be56ee41f64bfdca42fd24aeaf363ab61f931fec7b5e4bc12f6d6456ecb:StorageUnit:MM2 0:hydro","","Global-Hydropower-Tracker-April-2025.xlsx","d2fe29a7d198fd6752cb4cec3d88caf9f1d1105a7052fd0805f5cf5fc43777c4","GATE4-20261005-HYDRO-PHYSICAL-POLICY-SEPARATION"
"GEM:G100000604044","VN","Hydro","ACTUALLY_INTEGRATED","G100000604044","PPM:1000","175","175","existing_survivor::VN2 4::Hydro::496c66207529","VN2 4","Reservoir","06152be56ee41f64bfdca42fd24aeaf363ab61f931fec7b5e4bc12f6d6456ecb:StorageUnit:VN2 4:hydro","","Global-Hydropower-Tracker-April-2025.xlsx","d2fe29a7d198fd6752cb4cec3d88caf9f1d1105a7052fd0805f5cf5fc43777c4","GATE4-20261005-HYDRO-PHYSICAL-POLICY-SEPARATION"
"GEM:G100000604048","VN","Hydro","ACTUALLY_INTEGRATED","G100000604048","PPM:1012","98","98","existing_survivor::VN2 2::Hydro::2fdf8aaeea34","VN2 2","Reservoir","06152be56ee41f64bfdca42fd24aeaf363ab61f931fec7b5e4bc12f6d6456ecb:StorageUnit:VN2 2:hydro","","Global-Hydropower-Tracker-April-2025.xlsx","d2fe29a7d198fd6752cb4cec3d88caf9f1d1105a7052fd0805f5cf5fc43777c4","GATE4-20261005-HYDRO-PHYSICAL-POLICY-SEPARATION"
"GEM:G100001051661","VN","Hydro","ACTUALLY_INTEGRATED","G100001051661","PPM:1012","63","63","existing_survivor::VN2 2::Hydro::2fdf8aaeea34","VN2 2","Reservoir","06152be56ee41f64bfdca42fd24aeaf363ab61f931fec7b5e4bc12f6d6456ecb:StorageUnit:VN2 2:hydro","","Global-Hydropower-Tracker-April-2025.xlsx","d2fe29a7d198fd6752cb4cec3d88caf9f1d1105a7052fd0805f5cf5fc43777c4","GATE4-20261005-HYDRO-PHYSICAL-POLICY-SEPARATION"
"GEM:G100001051663","VN","Hydro","ACTUALLY_INTEGRATED","G100001051663","PPM:1019","60","60","existing_survivor::VN2 2::Hydro::f39a528e5bba","VN2 2","Run-Of-River","06152be56ee41f64bfdca42fd24aeaf363ab61f931fec7b5e4bc12f6d6456ecb:Generator:VN2 2:ror","","Global-Hydropower-Tracker-April-2025.xlsx","d2fe29a7d198fd6752cb4cec3d88caf9f1d1105a7052fd0805f5cf5fc43777c4","GATE4-20261005-HYDRO-PHYSICAL-POLICY-SEPARATION"
"GEM:G100001051653","VN","Hydro","ACTUALLY_INTEGRATED","G100001051653","PPM:1025","62","62","existing_survivor::VN2 4::Hydro::496c66207529","VN2 4","Reservoir","06152be56ee41f64bfdca42fd24aeaf363ab61f931fec7b5e4bc12f6d6456ecb:StorageUnit:VN2 4:hydro","","Global-Hydropower-Tracker-April-2025.xlsx","d2fe29a7d198fd6752cb4cec3d88caf9f1d1105a7052fd0805f5cf5fc43777c4","GATE4-20261005-HYDRO-PHYSICAL-POLICY-SEPARATION"
"GEM:G100000602390","LA","Hydro","ACTUALLY_INTEGRATED","G100000602390","PPM:1058","260","260","existing_survivor::LA2 4::Hydro::0d66b994afb2","LA2 4","Run-Of-River","06152be56ee41f64bfdca42fd24aeaf363ab61f931fec7b5e4bc12f6d6456ecb:Generator:LA2 4:ror","","Global-Hydropower-Tracker-April-2025.xlsx","d2fe29a7d198fd6752cb4cec3d88caf9f1d1105a7052fd0805f5cf5fc43777c4","GATE4-20261005-HYDRO-PHYSICAL-POLICY-SEPARATION"
"GEM:G100001051335","LA","Hydro","ACTUALLY_INTEGRATED","G100001051335","PPM:1213","60","60","existing_survivor::LA2 4::Hydro::b7d2112a081a","LA2 4","Reservoir","06152be56ee41f64bfdca42fd24aeaf363ab61f931fec7b5e4bc12f6d6456ecb:StorageUnit:LA2 4:hydro","","Global-Hydropower-Tracker-April-2025.xlsx","d2fe29a7d198fd6752cb4cec3d88caf9f1d1105a7052fd0805f5cf5fc43777c4","GATE4-20261005-HYDRO-PHYSICAL-POLICY-SEPARATION"
"GEM:G100000602392","LA","Hydro","ACTUALLY_INTEGRATED","G100000602392","PPM:1214","88","88","existing_survivor::LA2 4::Hydro::b7d2112a081a","LA2 4","Reservoir","06152be56ee41f64bfdca42fd24aeaf363ab61f931fec7b5e4bc12f6d6456ecb:StorageUnit:LA2 4:hydro","","Global-Hydropower-Tracker-April-2025.xlsx","d2fe29a7d198fd6752cb4cec3d88caf9f1d1105a7052fd0805f5cf5fc43777c4","GATE4-20261005-HYDRO-PHYSICAL-POLICY-SEPARATION"
"GEM:G100000602137","ID","Hydro","PENDING_INPUT_GROUP","G100000602137","PPM:1256","110","0","","ID_Kalimantan4 8","Reservoir","06152be56ee41f64bfdca42fd24aeaf363ab61f931fec7b5e4bc12f6d6456ecb:StorageUnit:ID_Kalimantan4 8:hydro","NO_UNIQUE_SAME_NODE_INPUT_RESOURCE_GROUP; no cross-node or cross-partition fallback","Global-Hydropower-Tracker-April-2025.xlsx","d2fe29a7d198fd6752cb4cec3d88caf9f1d1105a7052fd0805f5cf5fc43777c4","GATE4-20261005-HYDRO-PHYSICAL-POLICY-SEPARATION"
"GEM:G100000602140","ID","Hydro","PENDING_INPUT_GROUP","G100000602140","PPM:1290","90","0","","ID_Sulawesi0 0","Reservoir","06152be56ee41f64bfdca42fd24aeaf363ab61f931fec7b5e4bc12f6d6456ecb:StorageUnit:ID_Sulawesi0 0:hydro","NO_UNIQUE_SAME_NODE_INPUT_RESOURCE_GROUP; no cross-node or cross-partition fallback","Global-Hydropower-Tracker-April-2025.xlsx","d2fe29a7d198fd6752cb4cec3d88caf9f1d1105a7052fd0805f5cf5fc43777c4","GATE4-20261005-HYDRO-PHYSICAL-POLICY-SEPARATION"
"GEM:G100000604064","VN","Hydro","ACTUALLY_INTEGRATED","G100000604064","PPM:1321","100","100","existing_survivor::VN2 3::Hydro::31fd8e492352","VN2 3","Reservoir","06152be56ee41f64bfdca42fd24aeaf363ab61f931fec7b5e4bc12f6d6456ecb:StorageUnit:VN2 3:hydro","","Global-Hydropower-Tracker-April-2025.xlsx","d2fe29a7d198fd6752cb4cec3d88caf9f1d1105a7052fd0805f5cf5fc43777c4","GATE4-20261005-HYDRO-PHYSICAL-POLICY-SEPARATION"
"GEM:G100001051660","VN","Hydro","ACTUALLY_INTEGRATED","G100001051660","PPM:1356","64","64","existing_survivor::VN2 7::Hydro::339b5799c455","VN2 7","Reservoir","06152be56ee41f64bfdca42fd24aeaf363ab61f931fec7b5e4bc12f6d6456ecb:StorageUnit:VN2 7:hydro","","Global-Hydropower-Tracker-April-2025.xlsx","d2fe29a7d198fd6752cb4cec3d88caf9f1d1105a7052fd0805f5cf5fc43777c4","GATE4-20261005-HYDRO-PHYSICAL-POLICY-SEPARATION"
"GEM:G100000600377","KH","Hydro","ACTUALLY_INTEGRATED","G100000600377","PPM:1423","400","400","existing_survivor::GEM:G100000600377","KH2 1","Reservoir","06152be56ee41f64bfdca42fd24aeaf363ab61f931fec7b5e4bc12f6d6456ecb:StorageUnit:KH2 1:hydro","","Global-Hydropower-Tracker-April-2025.xlsx","d2fe29a7d198fd6752cb4cec3d88caf9f1d1105a7052fd0805f5cf5fc43777c4","GATE4-20261005-HYDRO-PHYSICAL-POLICY-SEPARATION"
"GEM:G100000604594","ID","Hydro","ACTUALLY_INTEGRATED","G100000604594","PPM:1439","90","90","existing_survivor::GEM:G100000604594","ID_Sulawesi0 1","Run-Of-River","06152be56ee41f64bfdca42fd24aeaf363ab61f931fec7b5e4bc12f6d6456ecb:Generator:ID_Sulawesi0 1:ror","","Global-Hydropower-Tracker-April-2025.xlsx","d2fe29a7d198fd6752cb4cec3d88caf9f1d1105a7052fd0805f5cf5fc43777c4","GATE4-20261005-HYDRO-PHYSICAL-POLICY-SEPARATION"
"GEM:G100001051421","PH","Hydro","ACTUALLY_INTEGRATED","G100001051421","PPM:1447","45","45","existing_survivor::PH_Mindanao6 1::Hydro::ee95b23e67c0","PH_Mindanao6 1","Run-Of-River","06152be56ee41f64bfdca42fd24aeaf363ab61f931fec7b5e4bc12f6d6456ecb:Generator:PH_Mindanao6 1:ror","","Global-Hydropower-Tracker-April-2025.xlsx","d2fe29a7d198fd6752cb4cec3d88caf9f1d1105a7052fd0805f5cf5fc43777c4","GATE4-20261005-HYDRO-PHYSICAL-POLICY-SEPARATION"
"GEM:G100001051557","MM","Hydro","PENDING_INPUT_GROUP","G100001051557","PPM:1476","66","0","","MM2 13","Run-Of-River","06152be56ee41f64bfdca42fd24aeaf363ab61f931fec7b5e4bc12f6d6456ecb:Generator:MM2 13:ror","NO_UNIQUE_SAME_NODE_INPUT_RESOURCE_GROUP; no cross-node or cross-partition fallback","Global-Hydropower-Tracker-April-2025.xlsx","d2fe29a7d198fd6752cb4cec3d88caf9f1d1105a7052fd0805f5cf5fc43777c4","GATE4-20261005-HYDRO-PHYSICAL-POLICY-SEPARATION"
"GEM:G100000602476","MY","Hydro","ACTUALLY_INTEGRATED","G100000602476","PPM:1489","944","944","existing_survivor::MY_Sarawak4 0::Hydro::5c236cd72d46","MY_Sarawak4 0","Reservoir","06152be56ee41f64bfdca42fd24aeaf363ab61f931fec7b5e4bc12f6d6456ecb:StorageUnit:MY_Sarawak4 0:hydro","","Global-Hydropower-Tracker-April-2025.xlsx","d2fe29a7d198fd6752cb4cec3d88caf9f1d1105a7052fd0805f5cf5fc43777c4","GATE4-20261005-HYDRO-PHYSICAL-POLICY-SEPARATION"
"GEM:G100000602395","LA","Hydro","ACTUALLY_INTEGRATED","G100000602395","PPM:1505","104","104","existing_survivor::LA2 1::Hydro::bc0b69793276","LA2 1","Reservoir","06152be56ee41f64bfdca42fd24aeaf363ab61f931fec7b5e4bc12f6d6456ecb:StorageUnit:LA2 1:hydro","","Global-Hydropower-Tracker-April-2025.xlsx","d2fe29a7d198fd6752cb4cec3d88caf9f1d1105a7052fd0805f5cf5fc43777c4","GATE4-20261005-HYDRO-PHYSICAL-POLICY-SEPARATION"
"GEM:G100001051355","LA","Hydro","ACTUALLY_INTEGRATED","G100001051355","PPM:1506","60","60","existing_survivor::LA2 3::Hydro::1577c4b59ef0","LA2 3","Reservoir","06152be56ee41f64bfdca42fd24aeaf363ab61f931fec7b5e4bc12f6d6456ecb:StorageUnit:LA2 3:hydro","","Global-Hydropower-Tracker-April-2025.xlsx","d2fe29a7d198fd6752cb4cec3d88caf9f1d1105a7052fd0805f5cf5fc43777c4","GATE4-20261005-HYDRO-PHYSICAL-POLICY-SEPARATION"
"GEM:G100001051361","LA","Hydro","ACTUALLY_INTEGRATED","G100001051361","PPM:1507","60","60","existing_survivor::LA2 1::Hydro::bc0b69793276","LA2 1","Reservoir","06152be56ee41f64bfdca42fd24aeaf363ab61f931fec7b5e4bc12f6d6456ecb:StorageUnit:LA2 1:hydro","","Global-Hydropower-Tracker-April-2025.xlsx","d2fe29a7d198fd6752cb4cec3d88caf9f1d1105a7052fd0805f5cf5fc43777c4","GATE4-20261005-HYDRO-PHYSICAL-POLICY-SEPARATION"
"GEM:G100000602400","LA","Hydro","ACTUALLY_INTEGRATED","G100000602400","PPM:1508","130","130","existing_survivor::LA2 1::Hydro::bc0b69793276","LA2 1","Reservoir","06152be56ee41f64bfdca42fd24aeaf363ab61f931fec7b5e4bc12f6d6456ecb:StorageUnit:LA2 1:hydro","","Global-Hydropower-Tracker-April-2025.xlsx","d2fe29a7d198fd6752cb4cec3d88caf9f1d1105a7052fd0805f5cf5fc43777c4","GATE4-20261005-HYDRO-PHYSICAL-POLICY-SEPARATION"
"GEM:G100001051350","LA","Hydro","ACTUALLY_INTEGRATED","G100001051350","PPM:1509","66","66","existing_survivor::LA2 4::Hydro::b7d2112a081a","LA2 4","Reservoir","06152be56ee41f64bfdca42fd24aeaf363ab61f931fec7b5e4bc12f6d6456ecb:StorageUnit:LA2 4:hydro","","Global-Hydropower-Tracker-April-2025.xlsx","d2fe29a7d198fd6752cb4cec3d88caf9f1d1105a7052fd0805f5cf5fc43777c4","GATE4-20261005-HYDRO-PHYSICAL-POLICY-SEPARATION"
"GEM:G100001051351","LA","Hydro","ACTUALLY_INTEGRATED","G100001051351","PPM:1510","53","53","existing_survivor::LA2 4::Hydro::b7d2112a081a","LA2 4","Reservoir","06152be56ee41f64bfdca42fd24aeaf363ab61f931fec7b5e4bc12f6d6456ecb:StorageUnit:LA2 4:hydro","","Global-Hydropower-Tracker-April-2025.xlsx","d2fe29a7d198fd6752cb4cec3d88caf9f1d1105a7052fd0805f5cf5fc43777c4","GATE4-20261005-HYDRO-PHYSICAL-POLICY-SEPARATION"
"GEM:G100000602401","LA","Hydro","ACTUALLY_INTEGRATED","G100000602401","PPM:1511","160","160","existing_survivor::LA2 4::Hydro::b7d2112a081a","LA2 4","Reservoir","06152be56ee41f64bfdca42fd24aeaf363ab61f931fec7b5e4bc12f6d6456ecb:StorageUnit:LA2 4:hydro","","Global-Hydropower-Tracker-April-2025.xlsx","d2fe29a7d198fd6752cb4cec3d88caf9f1d1105a7052fd0805f5cf5fc43777c4","GATE4-20261005-HYDRO-PHYSICAL-POLICY-SEPARATION"
"GEM:G100001051365","LA","Hydro","ACTUALLY_INTEGRATED","G100001051365","PPM:1512","65","65","existing_survivor::LA2 2::Hydro::cc3dfd083c77","LA2 2","Run-Of-River","06152be56ee41f64bfdca42fd24aeaf363ab61f931fec7b5e4bc12f6d6456ecb:Generator:LA2 2:ror","","Global-Hydropower-Tracker-April-2025.xlsx","d2fe29a7d198fd6752cb4cec3d88caf9f1d1105a7052fd0805f5cf5fc43777c4","GATE4-20261005-HYDRO-PHYSICAL-POLICY-SEPARATION"
"GEM:G100001051356","LA","Hydro","ACTUALLY_INTEGRATED","G100001051356","PPM:1513","64","64","existing_survivor::LA2 2::Hydro::cc3dfd083c77","LA2 2","Run-Of-River","06152be56ee41f64bfdca42fd24aeaf363ab61f931fec7b5e4bc12f6d6456ecb:Generator:LA2 2:ror","","Global-Hydropower-Tracker-April-2025.xlsx","d2fe29a7d198fd6752cb4cec3d88caf9f1d1105a7052fd0805f5cf5fc43777c4","GATE4-20261005-HYDRO-PHYSICAL-POLICY-SEPARATION"
"GEM:G100000602406","LA","Hydro","ACTUALLY_INTEGRATED","G100000602406","PPM:1514","180","180","existing_survivor::LA2 1::Hydro::bc0b69793276","LA2 1","Reservoir","06152be56ee41f64bfdca42fd24aeaf363ab61f931fec7b5e4bc12f6d6456ecb:StorageUnit:LA2 1:hydro","","Global-Hydropower-Tracker-April-2025.xlsx","d2fe29a7d198fd6752cb4cec3d88caf9f1d1105a7052fd0805f5cf5fc43777c4","GATE4-20261005-HYDRO-PHYSICAL-POLICY-SEPARATION"
"GEM:G100000602405","LA","Hydro","ACTUALLY_INTEGRATED","G100000602405","PPM:1515","290","290","existing_survivor::LA2 2::Hydro::7909cd705b09","LA2 2","Reservoir","06152be56ee41f64bfdca42fd24aeaf363ab61f931fec7b5e4bc12f6d6456ecb:StorageUnit:LA2 2:hydro","","Global-Hydropower-Tracker-April-2025.xlsx","d2fe29a7d198fd6752cb4cec3d88caf9f1d1105a7052fd0805f5cf5fc43777c4","GATE4-20261005-HYDRO-PHYSICAL-POLICY-SEPARATION"
"GEM:G100000602407","LA","Hydro","ACTUALLY_INTEGRATED","G100000602407","PPM:1516","275","275","existing_survivor::LA2 2::Hydro::7909cd705b09","LA2 2","Reservoir","06152be56ee41f64bfdca42fd24aeaf363ab61f931fec7b5e4bc12f6d6456ecb:StorageUnit:LA2 2:hydro","","Global-Hydropower-Tracker-April-2025.xlsx","d2fe29a7d198fd6752cb4cec3d88caf9f1d1105a7052fd0805f5cf5fc43777c4","GATE4-20261005-HYDRO-PHYSICAL-POLICY-SEPARATION"
"GEM:G100000602413","LA","Hydro","ACTUALLY_INTEGRATED","G100000602413","PPM:1517","120","120","existing_survivor::LA2 5::Hydro::5ba00b25a5fc","LA2 5","Reservoir","06152be56ee41f64bfdca42fd24aeaf363ab61f931fec7b5e4bc12f6d6456ecb:StorageUnit:LA2 5:hydro","","Global-Hydropower-Tracker-April-2025.xlsx","d2fe29a7d198fd6752cb4cec3d88caf9f1d1105a7052fd0805f5cf5fc43777c4","GATE4-20261005-HYDRO-PHYSICAL-POLICY-SEPARATION"
"GEM:G100000602412","LA","Hydro","ACTUALLY_INTEGRATED","G100000602412","PPM:1518","180","180","existing_survivor::LA2 5::Hydro::5ba00b25a5fc","LA2 5","Reservoir","06152be56ee41f64bfdca42fd24aeaf363ab61f931fec7b5e4bc12f6d6456ecb:StorageUnit:LA2 5:hydro","","Global-Hydropower-Tracker-April-2025.xlsx","d2fe29a7d198fd6752cb4cec3d88caf9f1d1105a7052fd0805f5cf5fc43777c4","GATE4-20261005-HYDRO-PHYSICAL-POLICY-SEPARATION"
"GEM:G100000602414","LA","Hydro","ACTUALLY_INTEGRATED","G100000602414","PPM:1519","210","210","existing_survivor::LA2 5::Hydro::5ba00b25a5fc","LA2 5","Reservoir","06152be56ee41f64bfdca42fd24aeaf363ab61f931fec7b5e4bc12f6d6456ecb:StorageUnit:LA2 5:hydro","","Global-Hydropower-Tracker-April-2025.xlsx","d2fe29a7d198fd6752cb4cec3d88caf9f1d1105a7052fd0805f5cf5fc43777c4","GATE4-20261005-HYDRO-PHYSICAL-POLICY-SEPARATION"
"GEM:G100000602415","LA","Hydro","ACTUALLY_INTEGRATED","G100000602415","PPM:1520","132","132","existing_survivor::LA2 5::Hydro::5ba00b25a5fc","LA2 5","Reservoir","06152be56ee41f64bfdca42fd24aeaf363ab61f931fec7b5e4bc12f6d6456ecb:StorageUnit:LA2 5:hydro","","Global-Hydropower-Tracker-April-2025.xlsx","d2fe29a7d198fd6752cb4cec3d88caf9f1d1105a7052fd0805f5cf5fc43777c4","GATE4-20261005-HYDRO-PHYSICAL-POLICY-SEPARATION"
"GEM:G100000602418","LA","Hydro","ACTUALLY_INTEGRATED","G100000602418","PPM:1521","210","210","existing_survivor::LA2 5::Hydro::5ba00b25a5fc","LA2 5","Reservoir","06152be56ee41f64bfdca42fd24aeaf363ab61f931fec7b5e4bc12f6d6456ecb:StorageUnit:LA2 5:hydro","","Global-Hydropower-Tracker-April-2025.xlsx","d2fe29a7d198fd6752cb4cec3d88caf9f1d1105a7052fd0805f5cf5fc43777c4","GATE4-20261005-HYDRO-PHYSICAL-POLICY-SEPARATION"
"GEM:G100000602417","LA","Hydro","ACTUALLY_INTEGRATED","G100000602417","PPM:1522","180","180","existing_survivor::LA2 5::Hydro::5ba00b25a5fc","LA2 5","Reservoir","06152be56ee41f64bfdca42fd24aeaf363ab61f931fec7b5e4bc12f6d6456ecb:StorageUnit:LA2 5:hydro","","Global-Hydropower-Tracker-April-2025.xlsx","d2fe29a7d198fd6752cb4cec3d88caf9f1d1105a7052fd0805f5cf5fc43777c4","GATE4-20261005-HYDRO-PHYSICAL-POLICY-SEPARATION"
"GEM:G100000602416","LA","Hydro","ACTUALLY_INTEGRATED","G100000602416","PPM:1523","240","240","existing_survivor::LA2 5::Hydro::5ba00b25a5fc","LA2 5","Reservoir","06152be56ee41f64bfdca42fd24aeaf363ab61f931fec7b5e4bc12f6d6456ecb:StorageUnit:LA2 5:hydro","","Global-Hydropower-Tracker-April-2025.xlsx","d2fe29a7d198fd6752cb4cec3d88caf9f1d1105a7052fd0805f5cf5fc43777c4","GATE4-20261005-HYDRO-PHYSICAL-POLICY-SEPARATION"
"GEM:G100000602421","LA","Hydro","ACTUALLY_INTEGRATED","G100000602421","PPM:1524","86","86","existing_survivor::LA2 1::Hydro::bc0b69793276","LA2 1","Reservoir","06152be56ee41f64bfdca42fd24aeaf363ab61f931fec7b5e4bc12f6d6456ecb:StorageUnit:LA2 1:hydro","","Global-Hydropower-Tracker-April-2025.xlsx","d2fe29a7d198fd6752cb4cec3d88caf9f1d1105a7052fd0805f5cf5fc43777c4","GATE4-20261005-HYDRO-PHYSICAL-POLICY-SEPARATION"
"GEM:G100001051376","LA","Hydro","ACTUALLY_INTEGRATED","G100001051376","PPM:1526","45","45","existing_survivor::LA2 1::Hydro::bc0b69793276","LA2 1","Reservoir","06152be56ee41f64bfdca42fd24aeaf363ab61f931fec7b5e4bc12f6d6456ecb:StorageUnit:LA2 1:hydro","","Global-Hydropower-Tracker-April-2025.xlsx","d2fe29a7d198fd6752cb4cec3d88caf9f1d1105a7052fd0805f5cf5fc43777c4","GATE4-20261005-HYDRO-PHYSICAL-POLICY-SEPARATION"
"GEM:G100001051375","LA","Hydro","ACTUALLY_INTEGRATED","G100001051375","PPM:1527","69","69","existing_survivor::LA2 1::Hydro::bc0b69793276","LA2 1","Reservoir","06152be56ee41f64bfdca42fd24aeaf363ab61f931fec7b5e4bc12f6d6456ecb:StorageUnit:LA2 1:hydro","","Global-Hydropower-Tracker-April-2025.xlsx","d2fe29a7d198fd6752cb4cec3d88caf9f1d1105a7052fd0805f5cf5fc43777c4","GATE4-20261005-HYDRO-PHYSICAL-POLICY-SEPARATION"
"GEM:G100000602424","LA","Hydro","ACTUALLY_INTEGRATED","G100000602424","PPM:1530","168","168","existing_survivor::LA2 5::Hydro::5ba00b25a5fc","LA2 5","Reservoir","06152be56ee41f64bfdca42fd24aeaf363ab61f931fec7b5e4bc12f6d6456ecb:StorageUnit:LA2 5:hydro","","Global-Hydropower-Tracker-April-2025.xlsx","d2fe29a7d198fd6752cb4cec3d88caf9f1d1105a7052fd0805f5cf5fc43777c4","GATE4-20261005-HYDRO-PHYSICAL-POLICY-SEPARATION"
"GEM:G100000602425","LA","Hydro","ACTUALLY_INTEGRATED","G100000602425","PPM:1531","650","650","existing_survivor::LA2 2::Hydro::7909cd705b09","LA2 2","Reservoir","06152be56ee41f64bfdca42fd24aeaf363ab61f931fec7b5e4bc12f6d6456ecb:StorageUnit:LA2 2:hydro","","Global-Hydropower-Tracker-April-2025.xlsx","d2fe29a7d198fd6752cb4cec3d88caf9f1d1105a7052fd0805f5cf5fc43777c4","GATE4-20261005-HYDRO-PHYSICAL-POLICY-SEPARATION"
"GEM:G100001051658","VN","Hydro","ACTUALLY_INTEGRATED","G100001051658","PPM:1555","45","45","existing_survivor::VN2 3::Hydro::31fd8e492352","VN2 3","Reservoir","06152be56ee41f64bfdca42fd24aeaf363ab61f931fec7b5e4bc12f6d6456ecb:StorageUnit:VN2 3:hydro","","Global-Hydropower-Tracker-April-2025.xlsx","d2fe29a7d198fd6752cb4cec3d88caf9f1d1105a7052fd0805f5cf5fc43777c4","GATE4-20261005-HYDRO-PHYSICAL-POLICY-SEPARATION"
"GEM:G100000602166","ID","Hydro","ACTUALLY_INTEGRATED","G100000602166","PPM:1673","195","195","existing_survivor::ID_Sulawesi0 3::Hydro::599e7125a797","ID_Sulawesi0 3","Run-Of-River","06152be56ee41f64bfdca42fd24aeaf363ab61f931fec7b5e4bc12f6d6456ecb:Generator:ID_Sulawesi0 3:ror","","Global-Hydropower-Tracker-April-2025.xlsx","d2fe29a7d198fd6752cb4cec3d88caf9f1d1105a7052fd0805f5cf5fc43777c4","GATE4-20261005-HYDRO-PHYSICAL-POLICY-SEPARATION"
"GEM:G100001051487","ID","Hydro","ACTUALLY_INTEGRATED","G100001051487","PPM:1673","200","200","existing_survivor::ID_Sulawesi0 3::Hydro::599e7125a797","ID_Sulawesi0 3","Run-Of-River","06152be56ee41f64bfdca42fd24aeaf363ab61f931fec7b5e4bc12f6d6456ecb:Generator:ID_Sulawesi0 3:ror","","Global-Hydropower-Tracker-April-2025.xlsx","d2fe29a7d198fd6752cb4cec3d88caf9f1d1105a7052fd0805f5cf5fc43777c4","GATE4-20261005-HYDRO-PHYSICAL-POLICY-SEPARATION"
"GEM:G100001051489","ID","Hydro","ACTUALLY_INTEGRATED","G100001051489","PPM:1673","120","120","existing_survivor::ID_Sulawesi0 3::Hydro::599e7125a797","ID_Sulawesi0 3","Run-Of-River","06152be56ee41f64bfdca42fd24aeaf363ab61f931fec7b5e4bc12f6d6456ecb:Generator:ID_Sulawesi0 3:ror","","Global-Hydropower-Tracker-April-2025.xlsx","d2fe29a7d198fd6752cb4cec3d88caf9f1d1105a7052fd0805f5cf5fc43777c4","GATE4-20261005-HYDRO-PHYSICAL-POLICY-SEPARATION"
"GEM:G100001051664","VN","Hydro","ACTUALLY_INTEGRATED","G100001051664","PPM:1696","64","64","existing_survivor::VN2 2::Hydro::2fdf8aaeea34","VN2 2","Reservoir","06152be56ee41f64bfdca42fd24aeaf363ab61f931fec7b5e4bc12f6d6456ecb:StorageUnit:VN2 2:hydro","","Global-Hydropower-Tracker-April-2025.xlsx","d2fe29a7d198fd6752cb4cec3d88caf9f1d1105a7052fd0805f5cf5fc43777c4","GATE4-20261005-HYDRO-PHYSICAL-POLICY-SEPARATION"
"GEM:G100001051495","ID","Hydro","PENDING_INPUT_GROUP","G100001051495","PPM:1701","47","0","","ID_Java-Bali1 0","Run-Of-River","06152be56ee41f64bfdca42fd24aeaf363ab61f931fec7b5e4bc12f6d6456ecb:Generator:ID_Java-Bali1 0:ror","NO_UNIQUE_SAME_NODE_INPUT_RESOURCE_GROUP; no cross-node or cross-partition fallback","Global-Hydropower-Tracker-April-2025.xlsx","d2fe29a7d198fd6752cb4cec3d88caf9f1d1105a7052fd0805f5cf5fc43777c4","GATE4-20261005-HYDRO-PHYSICAL-POLICY-SEPARATION"
"GEM:G100001051492","ID","Hydro","PENDING_INPUT_GROUP","G100001051492","PPM:1756","57","0","","ID_Sumatra3 1","Run-Of-River","06152be56ee41f64bfdca42fd24aeaf363ab61f931fec7b5e4bc12f6d6456ecb:Generator:ID_Sumatra3 1:ror","NO_UNIQUE_SAME_NODE_INPUT_RESOURCE_GROUP; no cross-node or cross-partition fallback","Global-Hydropower-Tracker-April-2025.xlsx","d2fe29a7d198fd6752cb4cec3d88caf9f1d1105a7052fd0805f5cf5fc43777c4","GATE4-20261005-HYDRO-PHYSICAL-POLICY-SEPARATION"
"GEM:G100000602170","ID","Hydro","ACTUALLY_INTEGRATED","G100000602170","PPM:1771","286","286","existing_survivor::ID_Sumatra3 2::Hydro::180fbf570c14","ID_Sumatra3 2","Reservoir","06152be56ee41f64bfdca42fd24aeaf363ab61f931fec7b5e4bc12f6d6456ecb:StorageUnit:ID_Sumatra3 2:hydro","","Global-Hydropower-Tracker-April-2025.xlsx","d2fe29a7d198fd6752cb4cec3d88caf9f1d1105a7052fd0805f5cf5fc43777c4","GATE4-20261005-HYDRO-PHYSICAL-POLICY-SEPARATION"
"GEM:G100000604076","VN","Hydro","ACTUALLY_INTEGRATED","G100000604076","PPM:1795","100","100","existing_survivor::VN2 2::Hydro::f39a528e5bba","VN2 2","Run-Of-River","06152be56ee41f64bfdca42fd24aeaf363ab61f931fec7b5e4bc12f6d6456ecb:Generator:VN2 2:ror","","Global-Hydropower-Tracker-April-2025.xlsx","d2fe29a7d198fd6752cb4cec3d88caf9f1d1105a7052fd0805f5cf5fc43777c4","GATE4-20261005-HYDRO-PHYSICAL-POLICY-SEPARATION"
"GEM:G100001051655","VN","Hydro","ACTUALLY_INTEGRATED","G100001051655","PPM:1797","60","60","existing_survivor::VN2 1::Hydro::3757fb110e2d","VN2 1","Run-Of-River","06152be56ee41f64bfdca42fd24aeaf363ab61f931fec7b5e4bc12f6d6456ecb:Generator:VN2 1:ror","","Global-Hydropower-Tracker-April-2025.xlsx","d2fe29a7d198fd6752cb4cec3d88caf9f1d1105a7052fd0805f5cf5fc43777c4","GATE4-20261005-HYDRO-PHYSICAL-POLICY-SEPARATION"
"GEM:G100000600381","KH","Hydro","ACTUALLY_INTEGRATED","G100000600381","PPM:1815","120","120","existing_survivor::KH2 2::Hydro::1f0ea48a6f04","KH2 2","Reservoir","06152be56ee41f64bfdca42fd24aeaf363ab61f931fec7b5e4bc12f6d6456ecb:StorageUnit:KH2 2:hydro","","Global-Hydropower-Tracker-April-2025.xlsx","d2fe29a7d198fd6752cb4cec3d88caf9f1d1105a7052fd0805f5cf5fc43777c4","GATE4-20261005-HYDRO-PHYSICAL-POLICY-SEPARATION"
"GEM:G100000600384","KH","Hydro","ACTUALLY_INTEGRATED","G100000600384","PPM:1816","246","246","existing_survivor::KH2 2::Hydro::1f0ea48a6f04","KH2 2","Reservoir","06152be56ee41f64bfdca42fd24aeaf363ab61f931fec7b5e4bc12f6d6456ecb:StorageUnit:KH2 2:hydro","","Global-Hydropower-Tracker-April-2025.xlsx","d2fe29a7d198fd6752cb4cec3d88caf9f1d1105a7052fd0805f5cf5fc43777c4","GATE4-20261005-HYDRO-PHYSICAL-POLICY-SEPARATION"
"GEM:G100000602480","MY","Hydro","ACTUALLY_INTEGRATED","G100000602480","PPM:1823","150","150","existing_survivor::MY_Peninsular2 0::Hydro::d639e312f4a7","MY_Peninsular2 0","Reservoir","06152be56ee41f64bfdca42fd24aeaf363ab61f931fec7b5e4bc12f6d6456ecb:StorageUnit:MY_Peninsular2 0:hydro","","Global-Hydropower-Tracker-April-2025.xlsx","d2fe29a7d198fd6752cb4cec3d88caf9f1d1105a7052fd0805f5cf5fc43777c4","GATE4-20261005-HYDRO-PHYSICAL-POLICY-SEPARATION"
"GEM:G100000602481","MY","Hydro","ACTUALLY_INTEGRATED","G100000602481","PPM:1823","150","150","existing_survivor::MY_Peninsular2 0::Hydro::d639e312f4a7","MY_Peninsular2 0","Reservoir","06152be56ee41f64bfdca42fd24aeaf363ab61f931fec7b5e4bc12f6d6456ecb:StorageUnit:MY_Peninsular2 0:hydro","","Global-Hydropower-Tracker-April-2025.xlsx","d2fe29a7d198fd6752cb4cec3d88caf9f1d1105a7052fd0805f5cf5fc43777c4","GATE4-20261005-HYDRO-PHYSICAL-POLICY-SEPARATION"
"GEM:G100000602483","MY","Hydro","ACTUALLY_INTEGRATED","G100000602483","PPM:1824","100","100","existing_survivor::MY_Peninsular2 0::Hydro::d639e312f4a7","MY_Peninsular2 0","Reservoir","06152be56ee41f64bfdca42fd24aeaf363ab61f931fec7b5e4bc12f6d6456ecb:StorageUnit:MY_Peninsular2 0:hydro","","Global-Hydropower-Tracker-April-2025.xlsx","d2fe29a7d198fd6752cb4cec3d88caf9f1d1105a7052fd0805f5cf5fc43777c4","GATE4-20261005-HYDRO-PHYSICAL-POLICY-SEPARATION"
"GEM:G100000604083","VN","Hydro","ACTUALLY_INTEGRATED","G100000604083","PPM:1899","82","82","existing_survivor::VN2 6::Hydro::152a88962659","VN2 6","Reservoir","06152be56ee41f64bfdca42fd24aeaf363ab61f931fec7b5e4bc12f6d6456ecb:StorageUnit:VN2 6:hydro","","Global-Hydropower-Tracker-April-2025.xlsx","d2fe29a7d198fd6752cb4cec3d88caf9f1d1105a7052fd0805f5cf5fc43777c4","GATE4-20261005-HYDRO-PHYSICAL-POLICY-SEPARATION"
"GEM:G100000602595","MM","Hydro","ACTUALLY_INTEGRATED","G100000602595","PPM:2109","120","120","existing_survivor::MM2 10::Hydro::40f204ee6157","MM2 10","Reservoir","06152be56ee41f64bfdca42fd24aeaf363ab61f931fec7b5e4bc12f6d6456ecb:StorageUnit:MM2 10:hydro","","Global-Hydropower-Tracker-April-2025.xlsx","d2fe29a7d198fd6752cb4cec3d88caf9f1d1105a7052fd0805f5cf5fc43777c4","GATE4-20261005-HYDRO-PHYSICAL-POLICY-SEPARATION"
"GEM:G100000604086","VN","Hydro","ACTUALLY_INTEGRATED","G100000604086","PPM:2148","260","260","existing_survivor::VN2 6::Hydro::152a88962659","VN2 6","Reservoir","06152be56ee41f64bfdca42fd24aeaf363ab61f931fec7b5e4bc12f6d6456ecb:StorageUnit:VN2 6:hydro","","Global-Hydropower-Tracker-April-2025.xlsx","d2fe29a7d198fd6752cb4cec3d88caf9f1d1105a7052fd0805f5cf5fc43777c4","GATE4-20261005-HYDRO-PHYSICAL-POLICY-SEPARATION"
"GEM:G100000602490","MY","Hydro","ACTUALLY_INTEGRATED","G100000602490","PPM:2170","372","372","existing_survivor::MY_Peninsular2 0::Hydro::d639e312f4a7","MY_Peninsular2 0","Reservoir","06152be56ee41f64bfdca42fd24aeaf363ab61f931fec7b5e4bc12f6d6456ecb:StorageUnit:MY_Peninsular2 0:hydro","","Global-Hydropower-Tracker-April-2025.xlsx","d2fe29a7d198fd6752cb4cec3d88caf9f1d1105a7052fd0805f5cf5fc43777c4","GATE4-20261005-HYDRO-PHYSICAL-POLICY-SEPARATION"
"GEM:G100000602598","MM","Hydro","ACTUALLY_INTEGRATED","G100000602598","PPM:2173","140","140","existing_survivor::MM2 6::Hydro::1538d432eea2","MM2 6","Reservoir","06152be56ee41f64bfdca42fd24aeaf363ab61f931fec7b5e4bc12f6d6456ecb:StorageUnit:MM2 6:hydro","","Global-Hydropower-Tracker-April-2025.xlsx","d2fe29a7d198fd6752cb4cec3d88caf9f1d1105a7052fd0805f5cf5fc43777c4","GATE4-20261005-HYDRO-PHYSICAL-POLICY-SEPARATION"
"GEM:G100001051679","VN","Hydro","ACTUALLY_INTEGRATED","G100001051679","PPM:2176","57","57","existing_survivor::VN2 1::Hydro::3757fb110e2d","VN2 1","Run-Of-River","06152be56ee41f64bfdca42fd24aeaf363ab61f931fec7b5e4bc12f6d6456ecb:Generator:VN2 1:ror","","Global-Hydropower-Tracker-April-2025.xlsx","d2fe29a7d198fd6752cb4cec3d88caf9f1d1105a7052fd0805f5cf5fc43777c4","GATE4-20261005-HYDRO-PHYSICAL-POLICY-SEPARATION"
"GEM:G100001051493","ID","Hydro","ACTUALLY_INTEGRATED","G100001051493","PPM:2197","47","47","existing_survivor::ID_Sumatra3 2::Hydro::b5a4d920a517","ID_Sumatra3 2","Run-Of-River","06152be56ee41f64bfdca42fd24aeaf363ab61f931fec7b5e4bc12f6d6456ecb:Generator:ID_Sumatra3 2:ror","","Global-Hydropower-Tracker-April-2025.xlsx","d2fe29a7d198fd6752cb4cec3d88caf9f1d1105a7052fd0805f5cf5fc43777c4","GATE4-20261005-HYDRO-PHYSICAL-POLICY-SEPARATION"
"GEM:G100000602432","LA","Hydro","ACTUALLY_INTEGRATED","G100000602432","PPM:2214","1285","1285","existing_survivor::GEM:G100000602432","LA2 1","Run-Of-River","06152be56ee41f64bfdca42fd24aeaf363ab61f931fec7b5e4bc12f6d6456ecb:Generator:LA2 1:ror","","Global-Hydropower-Tracker-April-2025.xlsx","d2fe29a7d198fd6752cb4cec3d88caf9f1d1105a7052fd0805f5cf5fc43777c4","GATE4-20261005-HYDRO-PHYSICAL-POLICY-SEPARATION"
"GEM:G100001051364","LA","Hydro","PENDING_INPUT_GROUP","G100001051364","PPM:2217","70","0","","LA2 0","Reservoir","06152be56ee41f64bfdca42fd24aeaf363ab61f931fec7b5e4bc12f6d6456ecb:StorageUnit:LA2 0:hydro","NO_UNIQUE_SAME_NODE_INPUT_RESOURCE_GROUP; no cross-node or cross-partition fallback","Global-Hydropower-Tracker-April-2025.xlsx","d2fe29a7d198fd6752cb4cec3d88caf9f1d1105a7052fd0805f5cf5fc43777c4","GATE4-20261005-HYDRO-PHYSICAL-POLICY-SEPARATION"
"GEM:G100000602433","LA","Hydro","ACTUALLY_INTEGRATED","G100000602433","PPM:2218","410","410","existing_survivor::LA2 4::Hydro::b7d2112a081a","LA2 4","Reservoir","06152be56ee41f64bfdca42fd24aeaf363ab61f931fec7b5e4bc12f6d6456ecb:StorageUnit:LA2 4:hydro","","Global-Hydropower-Tracker-April-2025.xlsx","d2fe29a7d198fd6752cb4cec3d88caf9f1d1105a7052fd0805f5cf5fc43777c4","GATE4-20261005-HYDRO-PHYSICAL-POLICY-SEPARATION"
"GEM:G100000602434","LA","Hydro","ACTUALLY_INTEGRATED","G100000602434","PPM:2219","322","322","existing_survivor::LA2 4::Hydro::b7d2112a081a","LA2 4","Reservoir","06152be56ee41f64bfdca42fd24aeaf363ab61f931fec7b5e4bc12f6d6456ecb:StorageUnit:LA2 4:hydro","","Global-Hydropower-Tracker-April-2025.xlsx","d2fe29a7d198fd6752cb4cec3d88caf9f1d1105a7052fd0805f5cf5fc43777c4","GATE4-20261005-HYDRO-PHYSICAL-POLICY-SEPARATION"
