"PoolID","ResourceIdentity","SourceComponent","RecipientNode","RecipientUnits","RecipientCapacityMW","NewlyAdmitted","AllocationShare","OriginalAnnualMWh","AllocatedAnnualMWh","OriginalEmaxMWh","AllocatedEmaxMWh","AcceptedEnvelopeSHA256","Method","DecisionReference","BasinEquivalence"
"ID:ID_Sulawesi0:Reservoir","06152be56ee41f64bfdca42fd24aeaf363ab61f931fec7b5e4bc12f6d6456ecb:StorageUnit:ID_Sulawesi0 1:hydro","ID_Sulawesi0 1 hydro","ID_Sulawesi0 0","[""GEM:G100000602140""]","90","true","0.1727447216890595","393272.07745752623","67935.67556847862","756","130.59500959692897","3ecfb35baa19412e33c12eebf25307c3b15e52d56701cd10e67e281790ef99fb","ASSEMBLY_V1_ACCEPTED_RESOURCE_SPATIAL_PROXY","GATE4-20261006-CANONICAL-SELECTED-CLOSURE#C","false"
"ID:ID_Sulawesi0:Reservoir","06152be56ee41f64bfdca42fd24aeaf363ab61f931fec7b5e4bc12f6d6456ecb:StorageUnit:ID_Sulawesi0 3:hydro","ID_Sulawesi0 3 hydro","ID_Sulawesi0 0","[""GEM:G100000602140""]","90","true","0.1727447216890595","2328911.486134107","402307.1665106903","1830","316.1228406909789","e9632bd0c689116f29129c07f4c935e972a847a94697bbcef9095feb9bfa2600","ASSEMBLY_V1_ACCEPTED_RESOURCE_SPATIAL_PROXY","GATE4-20261006-CANONICAL-SELECTED-CLOSURE#C","false"
"ID:ID_Sulawesi0:Reservoir","06152be56ee41f64bfdca42fd24aeaf363ab61f931fec7b5e4bc12f6d6456ecb:StorageUnit:ID_Sulawesi0 1:hydro","ID_Sulawesi0 1 hydro","ID_Sulawesi0 1","[""GEM:G100000602128""]","126","false","0.2418426103646833","393272.07745752623","95109.94579587007","756","182.83301343570056","3ecfb35baa19412e33c12eebf25307c3b15e52d56701cd10e67e281790ef99fb","ASSEMBLY_V1_ACCEPTED_RESOURCE_SPATIAL_PROXY","GATE4-20261006-CANONICAL-SELECTED-CLOSURE#C","false"
"ID:ID_Sulawesi0:Reservoir","06152be56ee41f64bfdca42fd24aeaf363ab61f931fec7b5e4bc12f6d6456ecb:StorageUnit:ID_Sulawesi0 3:hydro","ID_Sulawesi0 3 hydro","ID_Sulawesi0 1","[""GEM:G100000602128""]","126","false","0.2418426103646833","2328911.486134107","563230.0331149665","1830","442.57197696737046","e9632bd0c689116f29129c07f4c935e972a847a94697bbcef9095feb9bfa2600","ASSEMBLY_V1_ACCEPTED_RESOURCE_SPATIAL_PROXY","GATE4-20261006-CANONICAL-SELECTED-CLOSURE#C","false"
"ID:ID_Sulawesi0:Reservoir","06152be56ee41f64bfdca42fd24aeaf363ab61f931fec7b5e4bc12f6d6456ecb:StorageUnit:ID_Sulawesi0 1:hydro","ID_Sulawesi0 1 hydro","ID_Sulawesi0 3","[""GEM:G100000602129"",""GEM:G100000602150""]","305","false","0.5854126679462572","393272.07745752623","230226.45609317755","756","442.57197696737046","3ecfb35baa19412e33c12eebf25307c3b15e52d56701cd10e67e281790ef99fb","ASSEMBLY_V1_ACCEPTED_RESOURCE_SPATIAL_PROXY","GATE4-20261006-CANONICAL-SELECTED-CLOSURE#C","false"
"ID:ID_Sulawesi0:Reservoir","06152be56ee41f64bfdca42fd24aeaf363ab61f931fec7b5e4bc12f6d6456ecb:StorageUnit:ID_Sulawesi0 3:hydro","ID_Sulawesi0 3 hydro","ID_Sulawesi0 3","[""GEM:G100000602129"",""GEM:G100000602150""]","305","false","0.5854126679462572","2328911.486134107","1363374.2865084505","1830","1071.3051823416508","e9632bd0c689116f29129c07f4c935e972a847a94697bbcef9095feb9bfa2600","ASSEMBLY_V1_ACCEPTED_RESOURCE_SPATIAL_PROXY","GATE4-20261006-CANONICAL-SELECTED-CLOSURE#C","false"
"ID:ID_Sumatra3:Run-Of-River","06152be56ee41f64bfdca42fd24aeaf363ab61f931fec7b5e4bc12f6d6456ecb:Generator:ID_Sumatra3 2:ror","ID_Sumatra3 2 ror","ID_Sumatra3 1","[""GEM:G100001051492""]","57","true","0.09105431309904154","872826.7397373732","79474.63924126241","0","0","f873ab6f2cfc851297da60c7174f7484c94c25fb07aa98677325cb8400ddcaaf","ASSEMBLY_V1_ACCEPTED_RESOURCE_SPATIAL_PROXY","GATE4-20261006-CANONICAL-SELECTED-CLOSURE#C","false"
"ID:ID_Sumatra3:Run-Of-River","06152be56ee41f64bfdca42fd24aeaf363ab61f931fec7b5e4bc12f6d6456ecb:Generator:ID_Sumatra3 5:ror","ID_Sumatra3 5 ror","ID_Sumatra3 1","[""GEM:G100001051492""]","57","true","0.09105431309904154","791874.138285116","72103.55572244666","0","0","7205bb62aa754c72db8b8fbf153db1ca61df0a3cd22ae83202a5162cdf357dea","ASSEMBLY_V1_ACCEPTED_RESOURCE_SPATIAL_PROXY","GATE4-20261006-CANONICAL-SELECTED-CLOSURE#C","false"
"ID:ID_Sumatra3:Run-Of-River","06152be56ee41f64bfdca42fd24aeaf363ab61f931fec7b5e4bc12f6d6456ecb:Generator:ID_Sumatra3 2:ror","ID_Sumatra3 2 ror","ID_Sumatra3 2","[""GEM:G100001027300"",""GEM:G100000602125"",""GEM:G100000602151"",""GEM:G100001051493""]","359","false","0.5734824281150159","872826.7397373732","500550.79802830186","0","0","f873ab6f2cfc851297da60c7174f7484c94c25fb07aa98677325cb8400ddcaaf","ASSEMBLY_V1_ACCEPTED_RESOURCE_SPATIAL_PROXY","GATE4-20261006-CANONICAL-SELECTED-CLOSURE#C","false"
"ID:ID_Sumatra3:Run-Of-River","06152be56ee41f64bfdca42fd24aeaf363ab61f931fec7b5e4bc12f6d6456ecb:Generator:ID_Sumatra3 5:ror","ID_Sumatra3 5 ror","ID_Sumatra3 2","[""GEM:G100001027300"",""GEM:G100000602125"",""GEM:G100000602151"",""GEM:G100001051493""]","359","false","0.5734824281150159","791874.138285116","454125.9035852342","0","0","7205bb62aa754c72db8b8fbf153db1ca61df0a3cd22ae83202a5162cdf357dea","ASSEMBLY_V1_ACCEPTED_RESOURCE_SPATIAL_PROXY","GATE4-20261006-CANONICAL-SELECTED-CLOSURE#C","false"
"ID:ID_Sumatra3:Run-Of-River","06152be56ee41f64bfdca42fd24aeaf363ab61f931fec7b5e4bc12f6d6456ecb:Generator:ID_Sumatra3 2:ror","ID_Sumatra3 2 ror","ID_Sumatra3 5","[""GEM:G100000602160""]","210","false","0.3354632587859425","872826.7397373732","292801.30246780894","0","0","f873ab6f2cfc851297da60c7174f7484c94c25fb07aa98677325cb8400ddcaaf","ASSEMBLY_V1_ACCEPTED_RESOURCE_SPATIAL_PROXY","GATE4-20261006-CANONICAL-SELECTED-CLOSURE#C","false"
"ID:ID_Sumatra3:Run-Of-River","06152be56ee41f64bfdca42fd24aeaf363ab61f931fec7b5e4bc12f6d6456ecb:Generator:ID_Sumatra3 5:ror","ID_Sumatra3 5 ror","ID_Sumatra3 5","[""GEM:G100000602160""]","210","false","0.3354632587859425","791874.138285116","265644.6789774351","0","0","7205bb62aa754c72db8b8fbf153db1ca61df0a3cd22ae83202a5162cdf357dea","ASSEMBLY_V1_ACCEPTED_RESOURCE_SPATIAL_PROXY","GATE4-20261006-CANONICAL-SELECTED-CLOSURE#C","false"
"LA:LA2:Reservoir","06152be56ee41f64bfdca42fd24aeaf363ab61f931fec7b5e4bc12f6d6456ecb:StorageUnit:LA2 1:hydro","LA2 1 hydro","LA2 0","[""GEM:G100001051364""]","70","true","0.010108303249097473","9588186.098609699","96920.29269352763","7274.160000000001","73.52941516245488","70d76872b187fe3cb4c321679778c9e894a48fd130a4f5365172ee5131f2885e","ASSEMBLY_V1_ACCEPTED_RESOURCE_SPATIAL_PROXY","GATE4-20261006-CANONICAL-SELECTED-CLOSURE#C","false"
"LA:LA2:Reservoir","06152be56ee41f64bfdca42fd24aeaf363ab61f931fec7b5e4bc12f6d6456ecb:StorageUnit:LA2 2:hydro","LA2 2 hydro","LA2 0","[""GEM:G100001051364""]","70","true","0.010108303249097473","3864331.807711797","39061.83776748386","14575.199999999999","147.33054151624546","12959b35374e1ff862792c3a70465d3f604245dee70b76c6296e544c243ddc62","ASSEMBLY_V1_ACCEPTED_RESOURCE_SPATIAL_PROXY","GATE4-20261006-CANONICAL-SELECTED-CLOSURE#C","false"
"LA:LA2:Reservoir","06152be56ee41f64bfdca42fd24aeaf363ab61f931fec7b5e4bc12f6d6456ecb:StorageUnit:LA2 3:hydro","LA2 3 hydro","LA2 0","[""GEM:G100001051364""]","70","true","0.010108303249097473","542217.2057174206","5480.8959422699545","7140","72.17328519855596","8ed765c6bbf402ff240aa53846f6e706df1790f07d5af9e82cb4be4de1a43eaa","ASSEMBLY_V1_ACCEPTED_RESOURCE_SPATIAL_PROXY","GATE4-20261006-CANONICAL-SELECTED-CLOSURE#C","false"
"LA:LA2:Reservoir","06152be56ee41f64bfdca42fd24aeaf363ab61f931fec7b5e4bc12f6d6456ecb:StorageUnit:LA2 4:hydro","LA2 4 hydro","LA2 0","[""GEM:G100001051364""]","70","true","0.010108303249097473","9063405.924039809","91615.65554986088","11734.8","118.61891696750901","a3d52c18e39844793209108ceaf57cf09a3e9b413d558be822ddf089f6e6a314","ASSEMBLY_V1_ACCEPTED_RESOURCE_SPATIAL_PROXY","GATE4-20261006-CANONICAL-SELECTED-CLOSURE#C","false"
"LA:LA2:Reservoir","06152be56ee41f64bfdca42fd24aeaf363ab61f931fec7b5e4bc12f6d6456ecb:StorageUnit:LA2 5:hydro","LA2 5 hydro","LA2 0","[""GEM:G100001051364""]","70","true","0.010108303249097473","3064806.6351093766","30979.994867531605","8757","88.51841155234656","39fe7322889b089b44cfe82b01eb9183449cd331e7fcfd57adad5565d2c61b2d","ASSEMBLY_V1_ACCEPTED_RESOURCE_SPATIAL_PROXY","GATE4-20261006-CANONICAL-SELECTED-CLOSURE#C","false"
"LA:LA2:Reservoir","06152be56ee41f64bfdca42fd24aeaf363ab61f931fec7b5e4bc12f6d6456ecb:StorageUnit:LA2 1:hydro","LA2 1 hydro","LA2 1","[""GEM:G100000602411"",""GEM:G100000602395"",""GEM:G100001051361"",""GEM:G100000602400"",""GEM:G100000602406"",""GEM:G100000602421"",""GEM:G100001051376"",""GEM:G100001051375""]","794","false","0.11465703971119133","9588186.098609699","1099353.034266585","7274.160000000001","834.0336519855596","70d76872b187fe3cb4c321679778c9e894a48fd130a4f5365172ee5131f2885e","ASSEMBLY_V1_ACCEPTED_RESOURCE_SPATIAL_PROXY","GATE4-20261006-CANONICAL-SELECTED-CLOSURE#C","false"
"LA:LA2:Reservoir","06152be56ee41f64bfdca42fd24aeaf363ab61f931fec7b5e4bc12f6d6456ecb:StorageUnit:LA2 2:hydro","LA2 2 hydro","LA2 1","[""GEM:G100000602411"",""GEM:G100000602395"",""GEM:G100001051361"",""GEM:G100000602400"",""GEM:G100000602406"",""GEM:G100000602421"",""GEM:G100001051376"",""GEM:G100001051375""]","794","false","0.11465703971119133","3864331.807711797","443072.8455340313","14575.199999999999","1671.1492851985558","12959b35374e1ff862792c3a70465d3f604245dee70b76c6296e544c243ddc62","ASSEMBLY_V1_ACCEPTED_RESOURCE_SPATIAL_PROXY","GATE4-20261006-CANONICAL-SELECTED-CLOSURE#C","false"
"LA:LA2:Reservoir","06152be56ee41f64bfdca42fd24aeaf363ab61f931fec7b5e4bc12f6d6456ecb:StorageUnit:LA2 3:hydro","LA2 3 hydro","LA2 1","[""GEM:G100000602411"",""GEM:G100000602395"",""GEM:G100001051361"",""GEM:G100000602400"",""GEM:G100000602406"",""GEM:G100000602421"",""GEM:G100001051376"",""GEM:G100001051375""]","794","false","0.11465703971119133","542217.2057174206","62169.019688033484","7140","818.6512635379061","8ed765c6bbf402ff240aa53846f6e706df1790f07d5af9e82cb4be4de1a43eaa","ASSEMBLY_V1_ACCEPTED_RESOURCE_SPATIAL_PROXY","GATE4-20261006-CANONICAL-SELECTED-CLOSURE#C","false"
"LA:LA2:Reservoir","06152be56ee41f64bfdca42fd24aeaf363ab61f931fec7b5e4bc12f6d6456ecb:StorageUnit:LA2 4:hydro","LA2 4 hydro","LA2 1","[""GEM:G100000602411"",""GEM:G100000602395"",""GEM:G100001051361"",""GEM:G100000602400"",""GEM:G100000602406"",""GEM:G100000602421"",""GEM:G100001051376"",""GEM:G100001051375""]","794","false","0.11465703971119133","9063405.924039809","1039183.2929512791","11734.8","1345.477429602888","a3d52c18e39844793209108ceaf57cf09a3e9b413d558be822ddf089f6e6a314","ASSEMBLY_V1_ACCEPTED_RESOURCE_SPATIAL_PROXY","GATE4-20261006-CANONICAL-SELECTED-CLOSURE#C","false"
"LA:LA2:Reservoir","06152be56ee41f64bfdca42fd24aeaf363ab61f931fec7b5e4bc12f6d6456ecb:StorageUnit:LA2 5:hydro","LA2 5 hydro","LA2 1","[""GEM:G100000602411"",""GEM:G100000602395"",""GEM:G100001051361"",""GEM:G100000602400"",""GEM:G100000602406"",""GEM:G100000602421"",""GEM:G100001051376"",""GEM:G100001051375""]","794","false","0.11465703971119133","3064806.6351093766","351401.65606885846","8757","1004.0516967509025","39fe7322889b089b44cfe82b01eb9183449cd331e7fcfd57adad5565d2c61b2d","ASSEMBLY_V1_ACCEPTED_RESOURCE_SPATIAL_PROXY","GATE4-20261006-CANONICAL-SELECTED-CLOSURE#C","false"
"LA:LA2:Reservoir","06152be56ee41f64bfdca42fd24aeaf363ab61f931fec7b5e4bc12f6d6456ecb:StorageUnit:LA2 1:hydro","LA2 1 hydro","LA2 2","[""GEM:G100000602408"",""GEM:G100000602402"",""GEM:G100000602405"",""GEM:G100000602407"",""GEM:G100000602425""]","1930","false","0.27870036101083034","9588186.098609699","2672230.927121548","7274.160000000001","2027.3110180505419","70d76872b187fe3cb4c321679778c9e894a48fd130a4f5365172ee5131f2885e","ASSEMBLY_V1_ACCEPTED_RESOURCE_SPATIAL_PROXY","GATE4-20261006-CANONICAL-SELECTED-CLOSURE#C","false"
"LA:LA2:Reservoir","06152be56ee41f64bfdca42fd24aeaf363ab61f931fec7b5e4bc12f6d6456ecb:StorageUnit:LA2 2:hydro","LA2 2 hydro","LA2 2","[""GEM:G100000602408"",""GEM:G100000602402"",""GEM:G100000602405"",""GEM:G100000602407"",""GEM:G100000602425""]","1930","false","0.27870036101083034","3864331.807711797","1076990.6698749124","14575.199999999999","4062.113501805054","12959b35374e1ff862792c3a70465d3f604245dee70b76c6296e544c243ddc62","ASSEMBLY_V1_ACCEPTED_RESOURCE_SPATIAL_PROXY","GATE4-20261006-CANONICAL-SELECTED-CLOSURE#C","false"
"LA:LA2:Reservoir","06152be56ee41f64bfdca42fd24aeaf363ab61f931fec7b5e4bc12f6d6456ecb:StorageUnit:LA2 3:hydro","LA2 3 hydro","LA2 2","[""GEM:G100000602408"",""GEM:G100000602402"",""GEM:G100000602405"",""GEM:G100000602407"",""GEM:G100000602425""]","1930","false","0.27870036101083034","542217.2057174206","151116.13097972877","7140","1989.9205776173287","8ed765c6bbf402ff240aa53846f6e706df1790f07d5af9e82cb4be4de1a43eaa","ASSEMBLY_V1_ACCEPTED_RESOURCE_SPATIAL_PROXY","GATE4-20261006-CANONICAL-SELECTED-CLOSURE#C","false"
"LA:LA2:Reservoir","06152be56ee41f64bfdca42fd24aeaf363ab61f931fec7b5e4bc12f6d6456ecb:StorageUnit:LA2 4:hydro","LA2 4 hydro","LA2 2","[""GEM:G100000602408"",""GEM:G100000602402"",""GEM:G100000602405"",""GEM:G100000602407"",""GEM:G100000602425""]","1930","false","0.27870036101083034","9063405.924039809","2525974.503017593","11734.8","3270.4929963898917","a3d52c18e39844793209108ceaf57cf09a3e9b413d558be822ddf089f6e6a314","ASSEMBLY_V1_ACCEPTED_RESOURCE_SPATIAL_PROXY","GATE4-20261006-CANONICAL-SELECTED-CLOSURE#C","false"
"LA:LA2:Reservoir","06152be56ee41f64bfdca42fd24aeaf363ab61f931fec7b5e4bc12f6d6456ecb:StorageUnit:LA2 5:hydro","LA2 5 hydro","LA2 2","[""GEM:G100000602408"",""GEM:G100000602402"",""GEM:G100000602405"",""GEM:G100000602407"",""GEM:G100000602425""]","1930","false","0.27870036101083034","3064806.6351093766","854162.7156333715","8757","2440.5790613718414","39fe7322889b089b44cfe82b01eb9183449cd331e7fcfd57adad5565d2c61b2d","ASSEMBLY_V1_ACCEPTED_RESOURCE_SPATIAL_PROXY","GATE4-20261006-CANONICAL-SELECTED-CLOSURE#C","false"
"LA:LA2:Reservoir","06152be56ee41f64bfdca42fd24aeaf363ab61f931fec7b5e4bc12f6d6456ecb:StorageUnit:LA2 1:hydro","LA2 1 hydro","LA2 3","[""GEM:G100000602426"",""GEM:G100001051355""]","1130","false","0.1631768953068592","9588186.098609699","1564570.4391955175","7274.160000000001","1186.974844765343","70d76872b187fe3cb4c321679778c9e894a48fd130a4f5365172ee5131f2885e","ASSEMBLY_V1_ACCEPTED_RESOURCE_SPATIAL_PROXY","GATE4-20261006-CANONICAL-SELECTED-CLOSURE#C","false"
"LA:LA2:Reservoir","06152be56ee41f64bfdca42fd24aeaf363ab61f931fec7b5e4bc12f6d6456ecb:StorageUnit:LA2 2:hydro","LA2 2 hydro","LA2 3","[""GEM:G100000602426"",""GEM:G100001051355""]","1130","false","0.1631768953068592","3864331.807711797","630569.6668179538","14575.199999999999","2378.335884476534","12959b35374e1ff862792c3a70465d3f604245dee70b76c6296e544c243ddc62","ASSEMBLY_V1_ACCEPTED_RESOURCE_SPATIAL_PROXY","GATE4-20261006-CANONICAL-SELECTED-CLOSURE#C","false"
"LA:LA2:Reservoir","06152be56ee41f64bfdca42fd24aeaf363ab61f931fec7b5e4bc12f6d6456ecb:StorageUnit:LA2 3:hydro","LA2 3 hydro","LA2 3","[""GEM:G100000602426"",""GEM:G100001051355""]","1130","false","0.1631768953068592","542217.2057174206","88477.32021092926","7140","1165.0830324909746","8ed765c6bbf402ff240aa53846f6e706df1790f07d5af9e82cb4be4de1a43eaa","ASSEMBLY_V1_ACCEPTED_RESOURCE_SPATIAL_PROXY","GATE4-20261006-CANONICAL-SELECTED-CLOSURE#C","false"
"LA:LA2:Reservoir","06152be56ee41f64bfdca42fd24aeaf363ab61f931fec7b5e4bc12f6d6456ecb:StorageUnit:LA2 4:hydro","LA2 4 hydro","LA2 3","[""GEM:G100000602426"",""GEM:G100001051355""]","1130","false","0.1631768953068592","9063405.924039809","1478938.4395906113","11734.8","1914.8482310469312","a3d52c18e39844793209108ceaf57cf09a3e9b413d558be822ddf089f6e6a314","ASSEMBLY_V1_ACCEPTED_RESOURCE_SPATIAL_PROXY","GATE4-20261006-CANONICAL-SELECTED-CLOSURE#C","false"
"LA:LA2:Reservoir","06152be56ee41f64bfdca42fd24aeaf363ab61f931fec7b5e4bc12f6d6456ecb:StorageUnit:LA2 5:hydro","LA2 5 hydro","LA2 3","[""GEM:G100000602426"",""GEM:G100001051355""]","1130","false","0.1631768953068592","3064806.6351093766","500105.63143301016","8757","1428.940072202166","39fe7322889b089b44cfe82b01eb9183449cd331e7fcfd57adad5565d2c61b2d","ASSEMBLY_V1_ACCEPTED_RESOURCE_SPATIAL_PROXY","GATE4-20261006-CANONICAL-SELECTED-CLOSURE#C","false"
"LA:LA2:Reservoir","06152be56ee41f64bfdca42fd24aeaf363ab61f931fec7b5e4bc12f6d6456ecb:StorageUnit:LA2 1:hydro","LA2 1 hydro","LA2 4","[""GEM:G100000602436"",""GEM:G100000602391"",""GEM:G100001051335"",""GEM:G100000602392"",""GEM:G100001051350"",""GEM:G100001051351"",""GEM:G100000602401"",""GEM:G100000602433"",""GEM:G100000602434""]","1561","false","0.22541516245487364","9588186.098609699","2161322.5270656664","7274.160000000001","1639.7059581227438","70d76872b187fe3cb4c321679778c9e894a48fd130a4f5365172ee5131f2885e","ASSEMBLY_V1_ACCEPTED_RESOURCE_SPATIAL_PROXY","GATE4-20261006-CANONICAL-SELECTED-CLOSURE#C","false"
"LA:LA2:Reservoir","06152be56ee41f64bfdca42fd24aeaf363ab61f931fec7b5e4bc12f6d6456ecb:StorageUnit:LA2 2:hydro","LA2 2 hydro","LA2 4","[""GEM:G100000602436"",""GEM:G100000602391"",""GEM:G100001051335"",""GEM:G100000602392"",""GEM:G100001051350"",""GEM:G100001051351"",""GEM:G100000602401"",""GEM:G100000602433"",""GEM:G100000602434""]","1561","false","0.22541516245487364","3864331.807711797","871078.9822148902","14575.199999999999","3285.471075812274","12959b35374e1ff862792c3a70465d3f604245dee70b76c6296e544c243ddc62","ASSEMBLY_V1_ACCEPTED_RESOURCE_SPATIAL_PROXY","GATE4-20261006-CANONICAL-SELECTED-CLOSURE#C","false"
"LA:LA2:Reservoir","06152be56ee41f64bfdca42fd24aeaf363ab61f931fec7b5e4bc12f6d6456ecb:StorageUnit:LA2 3:hydro","LA2 3 hydro","LA2 4","[""GEM:G100000602436"",""GEM:G100000602391"",""GEM:G100001051335"",""GEM:G100000602392"",""GEM:G100001051350"",""GEM:G100001051351"",""GEM:G100000602401"",""GEM:G100000602433"",""GEM:G100000602434""]","1561","false","0.22541516245487364","542217.2057174206","122223.97951261999","7140","1609.4642599277977","8ed765c6bbf402ff240aa53846f6e706df1790f07d5af9e82cb4be4de1a43eaa","ASSEMBLY_V1_ACCEPTED_RESOURCE_SPATIAL_PROXY","GATE4-20261006-CANONICAL-SELECTED-CLOSURE#C","false"
"LA:LA2:Reservoir","06152be56ee41f64bfdca42fd24aeaf363ab61f931fec7b5e4bc12f6d6456ecb:StorageUnit:LA2 4:hydro","LA2 4 hydro","LA2 4","[""GEM:G100000602436"",""GEM:G100000602391"",""GEM:G100001051335"",""GEM:G100000602392"",""GEM:G100001051350"",""GEM:G100001051351"",""GEM:G100000602401"",""GEM:G100000602433"",""GEM:G100000602434""]","1561","false","0.22541516245487364","9063405.924039809","2043029.1187618978","11734.8","2645.201848375451","a3d52c18e39844793209108ceaf57cf09a3e9b413d558be822ddf089f6e6a314","ASSEMBLY_V1_ACCEPTED_RESOURCE_SPATIAL_PROXY","GATE4-20261006-CANONICAL-SELECTED-CLOSURE#C","false"
"LA:LA2:Reservoir","06152be56ee41f64bfdca42fd24aeaf363ab61f931fec7b5e4bc12f6d6456ecb:StorageUnit:LA2 5:hydro","LA2 5 hydro","LA2 4","[""GEM:G100000602436"",""GEM:G100000602391"",""GEM:G100001051335"",""GEM:G100000602392"",""GEM:G100001051350"",""GEM:G100001051351"",""GEM:G100000602401"",""GEM:G100000602433"",""GEM:G100000602434""]","1561","false","0.22541516245487364","3064806.6351093766","690853.8855459548","8757","1973.9605776173285","39fe7322889b089b44cfe82b01eb9183449cd331e7fcfd57adad5565d2c61b2d","ASSEMBLY_V1_ACCEPTED_RESOURCE_SPATIAL_PROXY","GATE4-20261006-CANONICAL-SELECTED-CLOSURE#C","false"
"LA:LA2:Reservoir","06152be56ee41f64bfdca42fd24aeaf363ab61f931fec7b5e4bc12f6d6456ecb:StorageUnit:LA2 1:hydro","LA2 1 hydro","LA2 5","[""GEM:G100000602413"",""GEM:G100000602412"",""GEM:G100000602414"",""GEM:G100000602415"",""GEM:G100000602418"",""GEM:G100000602417"",""GEM:G100000602416"",""GEM:G100000602424""]","1440","false","0.20794223826714803","9588186.098609699","1993788.8782668544","7274.160000000001","1512.6051119133576","70d76872b187fe3cb4c321679778c9e894a48fd130a4f5365172ee5131f2885e","ASSEMBLY_V1_ACCEPTED_RESOURCE_SPATIAL_PROXY","GATE4-20261006-CANONICAL-SELECTED-CLOSURE#C","false"
"LA:LA2:Reservoir","06152be56ee41f64bfdca42fd24aeaf363ab61f931fec7b5e4bc12f6d6456ecb:StorageUnit:LA2 2:hydro","LA2 2 hydro","LA2 5","[""GEM:G100000602413"",""GEM:G100000602412"",""GEM:G100000602414"",""GEM:G100000602415"",""GEM:G100000602418"",""GEM:G100000602417"",""GEM:G100000602416"",""GEM:G100000602424""]","1440","false","0.20794223826714803","3864331.807711797","803557.8055025253","14575.199999999999","3030.7997111913355","12959b35374e1ff862792c3a70465d3f604245dee70b76c6296e544c243ddc62","ASSEMBLY_V1_ACCEPTED_RESOURCE_SPATIAL_PROXY","GATE4-20261006-CANONICAL-SELECTED-CLOSURE#C","false"
"LA:LA2:Reservoir","06152be56ee41f64bfdca42fd24aeaf363ab61f931fec7b5e4bc12f6d6456ecb:StorageUnit:LA2 3:hydro","LA2 3 hydro","LA2 5","[""GEM:G100000602413"",""GEM:G100000602412"",""GEM:G100000602414"",""GEM:G100000602415"",""GEM:G100000602418"",""GEM:G100000602417"",""GEM:G100000602416"",""GEM:G100000602424""]","1440","false","0.20794223826714803","542217.2057174206","112749.85938383908","7140","1484.707581227437","8ed765c6bbf402ff240aa53846f6e706df1790f07d5af9e82cb4be4de1a43eaa","ASSEMBLY_V1_ACCEPTED_RESOURCE_SPATIAL_PROXY","GATE4-20261006-CANONICAL-SELECTED-CLOSURE#C","false"
"LA:LA2:Reservoir","06152be56ee41f64bfdca42fd24aeaf363ab61f931fec7b5e4bc12f6d6456ecb:StorageUnit:LA2 4:hydro","LA2 4 hydro","LA2 5","[""GEM:G100000602413"",""GEM:G100000602412"",""GEM:G100000602414"",""GEM:G100000602415"",""GEM:G100000602418"",""GEM:G100000602417"",""GEM:G100000602416"",""GEM:G100000602424""]","1440","false","0.20794223826714803","9063405.924039809","1884664.914168567","11734.8","2440.1605776173287","a3d52c18e39844793209108ceaf57cf09a3e9b413d558be822ddf089f6e6a314","ASSEMBLY_V1_ACCEPTED_RESOURCE_SPATIAL_PROXY","GATE4-20261006-CANONICAL-SELECTED-CLOSURE#C","false"
"LA:LA2:Reservoir","06152be56ee41f64bfdca42fd24aeaf363ab61f931fec7b5e4bc12f6d6456ecb:StorageUnit:LA2 5:hydro","LA2 5 hydro","LA2 5","[""GEM:G100000602413"",""GEM:G100000602412"",""GEM:G100000602414"",""GEM:G100000602415"",""GEM:G100000602418"",""GEM:G100000602417"",""GEM:G100000602416"",""GEM:G100000602424""]","1440","false","0.20794223826714803","3064806.6351093766","637302.7515606502","8757","1820.9501805054153","39fe7322889b089b44cfe82b01eb9183449cd331e7fcfd57adad5565d2c61b2d","ASSEMBLY_V1_ACCEPTED_RESOURCE_SPATIAL_PROXY","GATE4-20261006-CANONICAL-SELECTED-CLOSURE#C","false"
"MM:MM2:Reservoir","06152be56ee41f64bfdca42fd24aeaf363ab61f931fec7b5e4bc12f6d6456ecb:StorageUnit:MM2 0:hydro","MM2 0 hydro","MM2 0","[""GEM:G100000602550"",""GEM:G100000602549""]","339","false","0.13538338658146964","365128.3488737107","49432.3124074233","2034","275.3698083067093","4f1dae6f62f2d12353f85af2f876d02be5a572b88edac65f3aa247c10e37abb2","ASSEMBLY_V1_ACCEPTED_RESOURCE_SPATIAL_PROXY","GATE4-20261006-CANONICAL-SELECTED-CLOSURE#C","false"
"MM:MM2:Reservoir","06152be56ee41f64bfdca42fd24aeaf363ab61f931fec7b5e4bc12f6d6456ecb:StorageUnit:MM2 10:hydro","MM2 10 hydro","MM2 0","[""GEM:G100000602550"",""GEM:G100000602549""]","339","false","0.13538338658146964","292860.69825882156","39648.47312689317","839.9999999999999","113.72204472843448","ed58f57852a2364c41aa3ea53fd71178bc007039d78e162d8861ff1a5b601ffc","ASSEMBLY_V1_ACCEPTED_RESOURCE_SPATIAL_PROXY","GATE4-20261006-CANONICAL-SELECTED-CLOSURE#C","false"
"MM:MM2:Reservoir","06152be56ee41f64bfdca42fd24aeaf363ab61f931fec7b5e4bc12f6d6456ecb:StorageUnit:MM2 12:hydro","MM2 12 hydro","MM2 0","[""GEM:G100000602550"",""GEM:G100000602549""]","339","false","0.13538338658146964","1560278.003775405","211235.7201596894","336","45.4888178913738","ac247966071526a236dcbcbf2bd014428768f9da7819019b06a559371aee3233","ASSEMBLY_V1_ACCEPTED_RESOURCE_SPATIAL_PROXY","GATE4-20261006-CANONICAL-SELECTED-CLOSURE#C","false"
"MM:MM2:Reservoir","06152be56ee41f64bfdca42fd24aeaf363ab61f931fec7b5e4bc12f6d6456ecb:StorageUnit:MM2 5:hydro","MM2 5 hydro","MM2 0","[""GEM:G100000602550"",""GEM:G100000602549""]","339","false","0.13538338658146964","1708383.523433123","231286.7469823597","10170","1376.8490415335464","75eae0fb9028e72ff59c4c1537fb83a28fbdb6c59af2ae21a13a88c259d202f2","ASSEMBLY_V1_ACCEPTED_RESOURCE_SPATIAL_PROXY","GATE4-20261006-CANONICAL-SELECTED-CLOSURE#C","false"
"MM:MM2:Reservoir","06152be56ee41f64bfdca42fd24aeaf363ab61f931fec7b5e4bc12f6d6456ecb:StorageUnit:MM2 6:hydro","MM2 6 hydro","MM2 0","[""GEM:G100000602550"",""GEM:G100000602549""]","339","false","0.13538338658146964","103862.46242354342","14061.251901589943","3432","464.6357827476038","3cc5654e2e2f8ccf9996e1e74ceb4b15c19e01ae0d2894b3c1e699a53fb53722","ASSEMBLY_V1_ACCEPTED_RESOURCE_SPATIAL_PROXY","GATE4-20261006-CANONICAL-SELECTED-CLOSURE#C","false"
"MM:MM2:Reservoir","06152be56ee41f64bfdca42fd24aeaf363ab61f931fec7b5e4bc12f6d6456ecb:StorageUnit:MM2 0:hydro","MM2 0 hydro","MM2 10","[""GEM:G100001027336"",""GEM:G100001027338"",""GEM:G100000602595""]","245","false","0.09784345047923322","365128.3488737107","35725.41752158911","2034","199.01357827476036","4f1dae6f62f2d12353f85af2f876d02be5a572b88edac65f3aa247c10e37abb2","ASSEMBLY_V1_ACCEPTED_RESOURCE_SPATIAL_PROXY","GATE4-20261006-CANONICAL-SELECTED-CLOSURE#C","false"
"MM:MM2:Reservoir","06152be56ee41f64bfdca42fd24aeaf363ab61f931fec7b5e4bc12f6d6456ecb:StorageUnit:MM2 10:hydro","MM2 10 hydro","MM2 10","[""GEM:G100001027336"",""GEM:G100001027338"",""GEM:G100000602595""]","245","false","0.09784345047923322","292860.69825882156","28654.50122740067","839.9999999999999","82.1884984025559","ed58f57852a2364c41aa3ea53fd71178bc007039d78e162d8861ff1a5b601ffc","ASSEMBLY_V1_ACCEPTED_RESOURCE_SPATIAL_PROXY","GATE4-20261006-CANONICAL-SELECTED-CLOSURE#C","false"
"MM:MM2:Reservoir","06152be56ee41f64bfdca42fd24aeaf363ab61f931fec7b5e4bc12f6d6456ecb:StorageUnit:MM2 12:hydro","MM2 12 hydro","MM2 10","[""GEM:G100001027336"",""GEM:G100001027338"",""GEM:G100000602595""]","245","false","0.09784345047923322","1560278.003775405","152662.98359623572","336","32.87539936102236","ac247966071526a236dcbcbf2bd014428768f9da7819019b06a559371aee3233","ASSEMBLY_V1_ACCEPTED_RESOURCE_SPATIAL_PROXY","GATE4-20261006-CANONICAL-SELECTED-CLOSURE#C","false"
"MM:MM2:Reservoir","06152be56ee41f64bfdca42fd24aeaf363ab61f931fec7b5e4bc12f6d6456ecb:StorageUnit:MM2 5:hydro","MM2 5 hydro","MM2 10","[""GEM:G100001027336"",""GEM:G100001027338"",""GEM:G100000602595""]","245","false","0.09784345047923322","1708383.523433123","167154.13867456673","10170","995.0678913738019","75eae0fb9028e72ff59c4c1537fb83a28fbdb6c59af2ae21a13a88c259d202f2","ASSEMBLY_V1_ACCEPTED_RESOURCE_SPATIAL_PROXY","GATE4-20261006-CANONICAL-SELECTED-CLOSURE#C","false"
"MM:MM2:Reservoir","06152be56ee41f64bfdca42fd24aeaf363ab61f931fec7b5e4bc12f6d6456ecb:StorageUnit:MM2 6:hydro","MM2 6 hydro","MM2 10","[""GEM:G100001027336"",""GEM:G100001027338"",""GEM:G100000602595""]","245","false","0.09784345047923322","103862.46242354342","10162.26169878919","3432","335.79872204472844","3cc5654e2e2f8ccf9996e1e74ceb4b15c19e01ae0d2894b3c1e699a53fb53722","ASSEMBLY_V1_ACCEPTED_RESOURCE_SPATIAL_PROXY","GATE4-20261006-CANONICAL-SELECTED-CLOSURE#C","false"
"MM:MM2:Reservoir","06152be56ee41f64bfdca42fd24aeaf363ab61f931fec7b5e4bc12f6d6456ecb:StorageUnit:MM2 0:hydro","MM2 0 hydro","MM2 12","[""GEM:G100001027335""]","56","false","0.022364217252396165","365128.3488737107","8165.809719220368","2034","45.4888178913738","4f1dae6f62f2d12353f85af2f876d02be5a572b88edac65f3aa247c10e37abb2","ASSEMBLY_V1_ACCEPTED_RESOURCE_SPATIAL_PROXY","GATE4-20261006-CANONICAL-SELECTED-CLOSURE#C","false"
"MM:MM2:Reservoir","06152be56ee41f64bfdca42fd24aeaf363ab61f931fec7b5e4bc12f6d6456ecb:StorageUnit:MM2 10:hydro","MM2 10 hydro","MM2 12","[""GEM:G100001027335""]","56","false","0.022364217252396165","292860.69825882156","6549.600280548725","839.9999999999999","18.785942492012776","ed58f57852a2364c41aa3ea53fd71178bc007039d78e162d8861ff1a5b601ffc","ASSEMBLY_V1_ACCEPTED_RESOURCE_SPATIAL_PROXY","GATE4-20261006-CANONICAL-SELECTED-CLOSURE#C","false"
"MM:MM2:Reservoir","06152be56ee41f64bfdca42fd24aeaf363ab61f931fec7b5e4bc12f6d6456ecb:StorageUnit:MM2 12:hydro","MM2 12 hydro","MM2 12","[""GEM:G100001027335""]","56","false","0.022364217252396165","1560278.003775405","34894.39625056816","336","7.514376996805112","ac247966071526a236dcbcbf2bd014428768f9da7819019b06a559371aee3233","ASSEMBLY_V1_ACCEPTED_RESOURCE_SPATIAL_PROXY","GATE4-20261006-CANONICAL-SELECTED-CLOSURE#C","false"
"MM:MM2:Reservoir","06152be56ee41f64bfdca42fd24aeaf363ab61f931fec7b5e4bc12f6d6456ecb:StorageUnit:MM2 5:hydro","MM2 5 hydro","MM2 12","[""GEM:G100001027335""]","56","false","0.022364217252396165","1708383.523433123","38206.6602684724","10170","227.444089456869","75eae0fb9028e72ff59c4c1537fb83a28fbdb6c59af2ae21a13a88c259d202f2","ASSEMBLY_V1_ACCEPTED_RESOURCE_SPATIAL_PROXY","GATE4-20261006-CANONICAL-SELECTED-CLOSURE#C","false"
"MM:MM2:Reservoir","06152be56ee41f64bfdca42fd24aeaf363ab61f931fec7b5e4bc12f6d6456ecb:StorageUnit:MM2 6:hydro","MM2 6 hydro","MM2 12","[""GEM:G100001027335""]","56","false","0.022364217252396165","103862.46242354342","2322.802674008958","3432","76.75399361022365","3cc5654e2e2f8ccf9996e1e74ceb4b15c19e01ae0d2894b3c1e699a53fb53722","ASSEMBLY_V1_ACCEPTED_RESOURCE_SPATIAL_PROXY","GATE4-20261006-CANONICAL-SELECTED-CLOSURE#C","false"
"MM:MM2:Reservoir","06152be56ee41f64bfdca42fd24aeaf363ab61f931fec7b5e4bc12f6d6456ecb:StorageUnit:MM2 0:hydro","MM2 0 hydro","MM2 5","[""GEM:G100000602601"",""GEM:G100000602586""]","1390","false","0.555111821086262","365128.3488737107","202687.06267350557","2034","1129.097444089457","4f1dae6f62f2d12353f85af2f876d02be5a572b88edac65f3aa247c10e37abb2","ASSEMBLY_V1_ACCEPTED_RESOURCE_SPATIAL_PROXY","GATE4-20261006-CANONICAL-SELECTED-CLOSURE#C","false"
"MM:MM2:Reservoir","06152be56ee41f64bfdca42fd24aeaf363ab61f931fec7b5e4bc12f6d6456ecb:StorageUnit:MM2 10:hydro","MM2 10 hydro","MM2 5","[""GEM:G100000602601"",""GEM:G100000602586""]","1390","false","0.555111821086262","292860.69825882156","162570.43553504872","839.9999999999999","466.29392971246","ed58f57852a2364c41aa3ea53fd71178bc007039d78e162d8861ff1a5b601ffc","ASSEMBLY_V1_ACCEPTED_RESOURCE_SPATIAL_PROXY","GATE4-20261006-CANONICAL-SELECTED-CLOSURE#C","false"
"MM:MM2:Reservoir","06152be56ee41f64bfdca42fd24aeaf363ab61f931fec7b5e4bc12f6d6456ecb:StorageUnit:MM2 12:hydro","MM2 12 hydro","MM2 5","[""GEM:G100000602601"",""GEM:G100000602586""]","1390","false","0.555111821086262","1560278.003775405","866128.7640766026","336","186.51757188498402","ac247966071526a236dcbcbf2bd014428768f9da7819019b06a559371aee3233","ASSEMBLY_V1_ACCEPTED_RESOURCE_SPATIAL_PROXY","GATE4-20261006-CANONICAL-SELECTED-CLOSURE#C","false"
"MM:MM2:Reservoir","06152be56ee41f64bfdca42fd24aeaf363ab61f931fec7b5e4bc12f6d6456ecb:StorageUnit:MM2 5:hydro","MM2 5 hydro","MM2 5","[""GEM:G100000602601"",""GEM:G100000602586""]","1390","false","0.555111821086262","1708383.523433123","948343.8888067256","10170","5645.487220447285","75eae0fb9028e72ff59c4c1537fb83a28fbdb6c59af2ae21a13a88c259d202f2","ASSEMBLY_V1_ACCEPTED_RESOURCE_SPATIAL_PROXY","GATE4-20261006-CANONICAL-SELECTED-CLOSURE#C","false"
"MM:MM2:Reservoir","06152be56ee41f64bfdca42fd24aeaf363ab61f931fec7b5e4bc12f6d6456ecb:StorageUnit:MM2 6:hydro","MM2 6 hydro","MM2 5","[""GEM:G100000602601"",""GEM:G100000602586""]","1390","false","0.555111821086262","103862.46242354342","57655.28065843664","3432","1905.1437699680512","3cc5654e2e2f8ccf9996e1e74ceb4b15c19e01ae0d2894b3c1e699a53fb53722","ASSEMBLY_V1_ACCEPTED_RESOURCE_SPATIAL_PROXY","GATE4-20261006-CANONICAL-SELECTED-CLOSURE#C","false"
"MM:MM2:Reservoir","06152be56ee41f64bfdca42fd24aeaf363ab61f931fec7b5e4bc12f6d6456ecb:StorageUnit:MM2 0:hydro","MM2 0 hydro","MM2 6","[""GEM:G100000602582"",""GEM:G100000602598""]","420","false","0.16773162939297126","365128.3488737107","61243.57289415276","2034","341.1661341853035","4f1dae6f62f2d12353f85af2f876d02be5a572b88edac65f3aa247c10e37abb2","ASSEMBLY_V1_ACCEPTED_RESOURCE_SPATIAL_PROXY","GATE4-20261006-CANONICAL-SELECTED-CLOSURE#C","false"
"MM:MM2:Reservoir","06152be56ee41f64bfdca42fd24aeaf363ab61f931fec7b5e4bc12f6d6456ecb:StorageUnit:MM2 10:hydro","MM2 10 hydro","MM2 6","[""GEM:G100000602582"",""GEM:G100000602598""]","420","false","0.16773162939297126","292860.69825882156","49122.00210411544","839.9999999999999","140.89456869009584","ed58f57852a2364c41aa3ea53fd71178bc007039d78e162d8861ff1a5b601ffc","ASSEMBLY_V1_ACCEPTED_RESOURCE_SPATIAL_PROXY","GATE4-20261006-CANONICAL-SELECTED-CLOSURE#C","false"
"MM:MM2:Reservoir","06152be56ee41f64bfdca42fd24aeaf363ab61f931fec7b5e4bc12f6d6456ecb:StorageUnit:MM2 12:hydro","MM2 12 hydro","MM2 6","[""GEM:G100000602582"",""GEM:G100000602598""]","420","false","0.16773162939297126","1560278.003775405","261707.97187926125","336","56.357827476038345","ac247966071526a236dcbcbf2bd014428768f9da7819019b06a559371aee3233","ASSEMBLY_V1_ACCEPTED_RESOURCE_SPATIAL_PROXY","GATE4-20261006-CANONICAL-SELECTED-CLOSURE#C","false"
"MM:MM2:Reservoir","06152be56ee41f64bfdca42fd24aeaf363ab61f931fec7b5e4bc12f6d6456ecb:StorageUnit:MM2 5:hydro","MM2 5 hydro","MM2 6","[""GEM:G100000602582"",""GEM:G100000602598""]","420","false","0.16773162939297126","1708383.523433123","286549.95201354305","10170","1705.8306709265178","75eae0fb9028e72ff59c4c1537fb83a28fbdb6c59af2ae21a13a88c259d202f2","ASSEMBLY_V1_ACCEPTED_RESOURCE_SPATIAL_PROXY","GATE4-20261006-CANONICAL-SELECTED-CLOSURE#C","false"
"MM:MM2:Reservoir","06152be56ee41f64bfdca42fd24aeaf363ab61f931fec7b5e4bc12f6d6456ecb:StorageUnit:MM2 6:hydro","MM2 6 hydro","MM2 6","[""GEM:G100000602582"",""GEM:G100000602598""]","420","false","0.16773162939297126","103862.46242354342","17421.020055067187","3432","575.6549520766773","3cc5654e2e2f8ccf9996e1e74ceb4b15c19e01ae0d2894b3c1e699a53fb53722","ASSEMBLY_V1_ACCEPTED_RESOURCE_SPATIAL_PROXY","GATE4-20261006-CANONICAL-SELECTED-CLOSURE#C","false"
"MM:MM2:Reservoir","06152be56ee41f64bfdca42fd24aeaf363ab61f931fec7b5e4bc12f6d6456ecb:StorageUnit:MM2 0:hydro","MM2 0 hydro","MM2 7","[""GEM:G100001027334""]","54","true","0.02156549520766773","365128.3488737107","7874.17365781964","2034","43.864217252396166","4f1dae6f62f2d12353f85af2f876d02be5a572b88edac65f3aa247c10e37abb2","ASSEMBLY_V1_ACCEPTED_RESOURCE_SPATIAL_PROXY","GATE4-20261006-CANONICAL-SELECTED-CLOSURE#C","false"
"MM:MM2:Reservoir","06152be56ee41f64bfdca42fd24aeaf363ab61f931fec7b5e4bc12f6d6456ecb:StorageUnit:MM2 10:hydro","MM2 10 hydro","MM2 7","[""GEM:G100001027334""]","54","true","0.02156549520766773","292860.69825882156","6315.6859848148415","839.9999999999999","18.11501597444089","ed58f57852a2364c41aa3ea53fd71178bc007039d78e162d8861ff1a5b601ffc","ASSEMBLY_V1_ACCEPTED_RESOURCE_SPATIAL_PROXY","GATE4-20261006-CANONICAL-SELECTED-CLOSURE#C","false"
"MM:MM2:Reservoir","06152be56ee41f64bfdca42fd24aeaf363ab61f931fec7b5e4bc12f6d6456ecb:StorageUnit:MM2 12:hydro","MM2 12 hydro","MM2 7","[""GEM:G100001027334""]","54","true","0.02156549520766773","1560278.003775405","33648.16781304787","336","7.246006389776357","ac247966071526a236dcbcbf2bd014428768f9da7819019b06a559371aee3233","ASSEMBLY_V1_ACCEPTED_RESOURCE_SPATIAL_PROXY","GATE4-20261006-CANONICAL-SELECTED-CLOSURE#C","false"
"MM:MM2:Reservoir","06152be56ee41f64bfdca42fd24aeaf363ab61f931fec7b5e4bc12f6d6456ecb:StorageUnit:MM2 5:hydro","MM2 5 hydro","MM2 7","[""GEM:G100001027334""]","54","true","0.02156549520766773","1708383.523433123","36842.136687455524","10170","219.3210862619808","75eae0fb9028e72ff59c4c1537fb83a28fbdb6c59af2ae21a13a88c259d202f2","ASSEMBLY_V1_ACCEPTED_RESOURCE_SPATIAL_PROXY","GATE4-20261006-CANONICAL-SELECTED-CLOSURE#C","false"
"MM:MM2:Reservoir","06152be56ee41f64bfdca42fd24aeaf363ab61f931fec7b5e4bc12f6d6456ecb:StorageUnit:MM2 6:hydro","MM2 6 hydro","MM2 7","[""GEM:G100001027334""]","54","true","0.02156549520766773","103862.46242354342","2239.8454356514953","3432","74.01277955271566","3cc5654e2e2f8ccf9996e1e74ceb4b15c19e01ae0d2894b3c1e699a53fb53722","ASSEMBLY_V1_ACCEPTED_RESOURCE_SPATIAL_PROXY","GATE4-20261006-CANONICAL-SELECTED-CLOSURE#C","false"
"MM:MM2:Run-Of-River","06152be56ee41f64bfdca42fd24aeaf363ab61f931fec7b5e4bc12f6d6456ecb:Generator:MM2 10:ror","MM2 10 ror","MM2 10","[""GEM:G100001027337"",""GEM:G100000602585""]","149","false","0.29215686274509806","521154.2855678757","152258.8010776735","0","0","13b7a1a28b70e76479af3e6c43cb853db981b4a0e37380d1d24d439666b5af4d","ASSEMBLY_V1_ACCEPTED_RESOURCE_SPATIAL_PROXY","GATE4-20261006-CANONICAL-SELECTED-CLOSURE#C","false"
"MM:MM2:Run-Of-River","06152be56ee41f64bfdca42fd24aeaf363ab61f931fec7b5e4bc12f6d6456ecb:Generator:MM2 15:ror","MM2 15 ror","MM2 10","[""GEM:G100001027337"",""GEM:G100000602585""]","149","false","0.29215686274509806","45319.0457664119","13240.27023371642","0","0","adc210ce85f0435d0ccfb3fb63270a61e6298afa14422f0d579a880f6c7f4152","ASSEMBLY_V1_ACCEPTED_RESOURCE_SPATIAL_PROXY","GATE4-20261006-CANONICAL-SELECTED-CLOSURE#C","false"
"MM:MM2:Run-Of-River","06152be56ee41f64bfdca42fd24aeaf363ab61f931fec7b5e4bc12f6d6456ecb:Generator:MM2 6:ror","MM2 6 ror","MM2 10","[""GEM:G100001027337"",""GEM:G100000602585""]","149","false","0.29215686274509806","174130.62459960722","50873.45699086564","0","0","e5b7564e53da25d523a9cd24c187c0b40bceaff4d9f4af88b0bacb78d68f6ae5","ASSEMBLY_V1_ACCEPTED_RESOURCE_SPATIAL_PROXY","GATE4-20261006-CANONICAL-SELECTED-CLOSURE#C","false"
"MM:MM2:Run-Of-River","06152be56ee41f64bfdca42fd24aeaf363ab61f931fec7b5e4bc12f6d6456ecb:Generator:MM2 10:ror","MM2 10 ror","MM2 13","[""GEM:G100001051557""]","66","true","0.12941176470588237","521154.2855678757","67443.49577937216","0","0","13b7a1a28b70e76479af3e6c43cb853db981b4a0e37380d1d24d439666b5af4d","ASSEMBLY_V1_ACCEPTED_RESOURCE_SPATIAL_PROXY","GATE4-20261006-CANONICAL-SELECTED-CLOSURE#C","false"
"MM:MM2:Run-Of-River","06152be56ee41f64bfdca42fd24aeaf363ab61f931fec7b5e4bc12f6d6456ecb:Generator:MM2 15:ror","MM2 15 ror","MM2 13","[""GEM:G100001051557""]","66","true","0.12941176470588237","45319.0457664119","5864.817687418012","0","0","adc210ce85f0435d0ccfb3fb63270a61e6298afa14422f0d579a880f6c7f4152","ASSEMBLY_V1_ACCEPTED_RESOURCE_SPATIAL_PROXY","GATE4-20261006-CANONICAL-SELECTED-CLOSURE#C","false"
"MM:MM2:Run-Of-River","06152be56ee41f64bfdca42fd24aeaf363ab61f931fec7b5e4bc12f6d6456ecb:Generator:MM2 6:ror","MM2 6 ror","MM2 13","[""GEM:G100001051557""]","66","true","0.12941176470588237","174130.62459960722","22534.551418772702","0","0","e5b7564e53da25d523a9cd24c187c0b40bceaff4d9f4af88b0bacb78d68f6ae5","ASSEMBLY_V1_ACCEPTED_RESOURCE_SPATIAL_PROXY","GATE4-20261006-CANONICAL-SELECTED-CLOSURE#C","false"
"MM:MM2:Run-Of-River","06152be56ee41f64bfdca42fd24aeaf363ab61f931fec7b5e4bc12f6d6456ecb:Generator:MM2 10:ror","MM2 10 ror","MM2 15","[""GEM:G100000602572""]","75","false","0.14705882352941177","521154.2855678757","76640.3361129229","0","0","13b7a1a28b70e76479af3e6c43cb853db981b4a0e37380d1d24d439666b5af4d","ASSEMBLY_V1_ACCEPTED_RESOURCE_SPATIAL_PROXY","GATE4-20261006-CANONICAL-SELECTED-CLOSURE#C","false"
"MM:MM2:Run-Of-River","06152be56ee41f64bfdca42fd24aeaf363ab61f931fec7b5e4bc12f6d6456ecb:Generator:MM2 15:ror","MM2 15 ror","MM2 15","[""GEM:G100000602572""]","75","false","0.14705882352941177","45319.0457664119","6664.565553884104","0","0","adc210ce85f0435d0ccfb3fb63270a61e6298afa14422f0d579a880f6c7f4152","ASSEMBLY_V1_ACCEPTED_RESOURCE_SPATIAL_PROXY","GATE4-20261006-CANONICAL-SELECTED-CLOSURE#C","false"
"MM:MM2:Run-Of-River","06152be56ee41f64bfdca42fd24aeaf363ab61f931fec7b5e4bc12f6d6456ecb:Generator:MM2 6:ror","MM2 6 ror","MM2 15","[""GEM:G100000602572""]","75","false","0.14705882352941177","174130.62459960722","25607.444794059887","0","0","e5b7564e53da25d523a9cd24c187c0b40bceaff4d9f4af88b0bacb78d68f6ae5","ASSEMBLY_V1_ACCEPTED_RESOURCE_SPATIAL_PROXY","GATE4-20261006-CANONICAL-SELECTED-CLOSURE#C","false"
"MM:MM2:Run-Of-River","06152be56ee41f64bfdca42fd24aeaf363ab61f931fec7b5e4bc12f6d6456ecb:Generator:MM2 10:ror","MM2 10 ror","MM2 6","[""GEM:G100000602545"",""GEM:G100001051555""]","220","false","0.43137254901960786","521154.2855678757","224811.65259790717","0","0","13b7a1a28b70e76479af3e6c43cb853db981b4a0e37380d1d24d439666b5af4d","ASSEMBLY_V1_ACCEPTED_RESOURCE_SPATIAL_PROXY","GATE4-20261006-CANONICAL-SELECTED-CLOSURE#C","false"
"MM:MM2:Run-Of-River","06152be56ee41f64bfdca42fd24aeaf363ab61f931fec7b5e4bc12f6d6456ecb:Generator:MM2 15:ror","MM2 15 ror","MM2 6","[""GEM:G100000602545"",""GEM:G100001051555""]","220","false","0.43137254901960786","45319.0457664119","19549.39229139337","0","0","adc210ce85f0435d0ccfb3fb63270a61e6298afa14422f0d579a880f6c7f4152","ASSEMBLY_V1_ACCEPTED_RESOURCE_SPATIAL_PROXY","GATE4-20261006-CANONICAL-SELECTED-CLOSURE#C","false"
"MM:MM2:Run-Of-River","06152be56ee41f64bfdca42fd24aeaf363ab61f931fec7b5e4bc12f6d6456ecb:Generator:MM2 6:ror","MM2 6 ror","MM2 6","[""GEM:G100000602545"",""GEM:G100001051555""]","220","false","0.43137254901960786","174130.62459960722","75115.171395909","0","0","e5b7564e53da25d523a9cd24c187c0b40bceaff4d9f4af88b0bacb78d68f6ae5","ASSEMBLY_V1_ACCEPTED_RESOURCE_SPATIAL_PROXY","GATE4-20261006-CANONICAL-SELECTED-CLOSURE#C","false"
"PH:PH_Mindanao6:Run-Of-River","06152be56ee41f64bfdca42fd24aeaf363ab61f931fec7b5e4bc12f6d6456ecb:Generator:PH_Mindanao6 1:ror","PH_Mindanao6 1 ror","PH_Mindanao6 0","[""GEM:G100000603174"",""GEM:G100001051426""]","304","true","0.5033112582781457","1790755.3461410417","901307.326534564","0","0","bd1c4ee18491efd131bc3b411dd7fcb91646f9c3e1f1c09c5a90630c3e417290","ASSEMBLY_V1_ACCEPTED_RESOURCE_SPATIAL_PROXY","GATE4-20261006-CANONICAL-SELECTED-CLOSURE#C","false"
"PH:PH_Mindanao6:Run-Of-River","06152be56ee41f64bfdca42fd24aeaf363ab61f931fec7b5e4bc12f6d6456ecb:Generator:PH_Mindanao6 1:ror","PH_Mindanao6 1 ror","PH_Mindanao6 1","[""GEM:G100000603203"",""GEM:G100001051421""]","300","false","0.4966887417218543","1790755.3461410417","889448.0196064777","0","0","bd1c4ee18491efd131bc3b411dd7fcb91646f9c3e1f1c09c5a90630c3e417290","ASSEMBLY_V1_ACCEPTED_RESOURCE_SPATIAL_PROXY","GATE4-20261006-CANONICAL-SELECTED-CLOSURE#C","false"
"VN:VN2:Run-Of-River","06152be56ee41f64bfdca42fd24aeaf363ab61f931fec7b5e4bc12f6d6456ecb:Generator:VN2 1:ror","VN2 1 ror","VN2 1","[""GEM:G100001027571"",""GEM:G100001027573"",""GEM:G100001027582"",""GEM:G100001051665"",""GEM:G100001051655"",""GEM:G100001051679""]","393","false","0.29284649776453053","451704.5713784319","132280.10175240217","0","0","092467217bad6dd7293857492846fcd5ad9083daf231ee28cbebefa4c703d55d","ASSEMBLY_V1_ACCEPTED_RESOURCE_SPATIAL_PROXY","GATE4-20261006-CANONICAL-SELECTED-CLOSURE#C","false"
"VN:VN2:Run-Of-River","06152be56ee41f64bfdca42fd24aeaf363ab61f931fec7b5e4bc12f6d6456ecb:Generator:VN2 2:ror","VN2 2 ror","VN2 1","[""GEM:G100001027571"",""GEM:G100001027573"",""GEM:G100001027582"",""GEM:G100001051665"",""GEM:G100001051655"",""GEM:G100001051679""]","393","false","0.29284649776453053","1221277.3807089396","357646.8037396522","0","0","c7f77fa85f07b5c385f0e3ec0e2fb3b82fd60e2feda481e495efbab10651b055","ASSEMBLY_V1_ACCEPTED_RESOURCE_SPATIAL_PROXY","GATE4-20261006-CANONICAL-SELECTED-CLOSURE#C","false"
"VN:VN2:Run-Of-River","06152be56ee41f64bfdca42fd24aeaf363ab61f931fec7b5e4bc12f6d6456ecb:Generator:VN2 4:ror","VN2 4 ror","VN2 1","[""GEM:G100001027571"",""GEM:G100001027573"",""GEM:G100001027582"",""GEM:G100001051665"",""GEM:G100001051655"",""GEM:G100001051679""]","393","false","0.29284649776453053","1098162.7937279535","321593.1281185437","0","0","1505eb290f03a6c19c1dab75ef0853c145b99e5cafd3dcf6d0f675d99026fdb7","ASSEMBLY_V1_ACCEPTED_RESOURCE_SPATIAL_PROXY","GATE4-20261006-CANONICAL-SELECTED-CLOSURE#C","false"
"VN:VN2:Run-Of-River","06152be56ee41f64bfdca42fd24aeaf363ab61f931fec7b5e4bc12f6d6456ecb:Generator:VN2 6:ror","VN2 6 ror","VN2 1","[""GEM:G100001027571"",""GEM:G100001027573"",""GEM:G100001027582"",""GEM:G100001051665"",""GEM:G100001051655"",""GEM:G100001051679""]","393","false","0.29284649776453053","683064.8452544576","200033.1476788389","0","0","0a09b4d14ab8f0c020f5f03e661ed221be6b8bc6f3d02ddfbda9b95ccf3641cb","ASSEMBLY_V1_ACCEPTED_RESOURCE_SPATIAL_PROXY","GATE4-20261006-CANONICAL-SELECTED-CLOSURE#C","false"
"VN:VN2:Run-Of-River","06152be56ee41f64bfdca42fd24aeaf363ab61f931fec7b5e4bc12f6d6456ecb:Generator:VN2 1:ror","VN2 1 ror","VN2 2","[""GEM:G100000604078"",""GEM:G100001027577"",""GEM:G100001051663"",""GEM:G100000604076""]","413","false","0.30774962742175854","451704.5713784319","139011.91354641755","0","0","092467217bad6dd7293857492846fcd5ad9083daf231ee28cbebefa4c703d55d","ASSEMBLY_V1_ACCEPTED_RESOURCE_SPATIAL_PROXY","GATE4-20261006-CANONICAL-SELECTED-CLOSURE#C","false"
"VN:VN2:Run-Of-River","06152be56ee41f64bfdca42fd24aeaf363ab61f931fec7b5e4bc12f6d6456ecb:Generator:VN2 2:ror","VN2 2 ror","VN2 2","[""GEM:G100000604078"",""GEM:G100001027577"",""GEM:G100001051663"",""GEM:G100000604076""]","413","false","0.30774962742175854","1221277.3807089396","375847.65889179736","0","0","c7f77fa85f07b5c385f0e3ec0e2fb3b82fd60e2feda481e495efbab10651b055","ASSEMBLY_V1_ACCEPTED_RESOURCE_SPATIAL_PROXY","GATE4-20261006-CANONICAL-SELECTED-CLOSURE#C","false"
"VN:VN2:Run-Of-River","06152be56ee41f64bfdca42fd24aeaf363ab61f931fec7b5e4bc12f6d6456ecb:Generator:VN2 4:ror","VN2 4 ror","VN2 2","[""GEM:G100000604078"",""GEM:G100001027577"",""GEM:G100001051663"",""GEM:G100000604076""]","413","false","0.30774962742175854","1098162.7937279535","337959.1906182151","0","0","1505eb290f03a6c19c1dab75ef0853c145b99e5cafd3dcf6d0f675d99026fdb7","ASSEMBLY_V1_ACCEPTED_RESOURCE_SPATIAL_PROXY","GATE4-20261006-CANONICAL-SELECTED-CLOSURE#C","false"
"VN:VN2:Run-Of-River","06152be56ee41f64bfdca42fd24aeaf363ab61f931fec7b5e4bc12f6d6456ecb:Generator:VN2 6:ror","VN2 6 ror","VN2 2","[""GEM:G100000604078"",""GEM:G100001027577"",""GEM:G100001051663"",""GEM:G100000604076""]","413","false","0.30774962742175854","683064.8452544576","210212.95163196046","0","0","0a09b4d14ab8f0c020f5f03e661ed221be6b8bc6f3d02ddfbda9b95ccf3641cb","ASSEMBLY_V1_ACCEPTED_RESOURCE_SPATIAL_PROXY","GATE4-20261006-CANONICAL-SELECTED-CLOSURE#C","false"
"VN:VN2:Run-Of-River","06152be56ee41f64bfdca42fd24aeaf363ab61f931fec7b5e4bc12f6d6456ecb:Generator:VN2 1:ror","VN2 1 ror","VN2 4","[""GEM:G100000604052"",""GEM:G100000604080"",""GEM:G100001027580""]","219","false","0.1631892697466468","451704.5713784319","73713.3391444684","0","0","092467217bad6dd7293857492846fcd5ad9083daf231ee28cbebefa4c703d55d","ASSEMBLY_V1_ACCEPTED_RESOURCE_SPATIAL_PROXY","GATE4-20261006-CANONICAL-SELECTED-CLOSURE#C","false"
"VN:VN2:Run-Of-River","06152be56ee41f64bfdca42fd24aeaf363ab61f931fec7b5e4bc12f6d6456ecb:Generator:VN2 2:ror","VN2 2 ror","VN2 4","[""GEM:G100000604052"",""GEM:G100000604080"",""GEM:G100001027580""]","219","false","0.1631892697466468","1221277.3807089396","199299.3639159894","0","0","c7f77fa85f07b5c385f0e3ec0e2fb3b82fd60e2feda481e495efbab10651b055","ASSEMBLY_V1_ACCEPTED_RESOURCE_SPATIAL_PROXY","GATE4-20261006-CANONICAL-SELECTED-CLOSURE#C","false"
"VN:VN2:Run-Of-River","06152be56ee41f64bfdca42fd24aeaf363ab61f931fec7b5e4bc12f6d6456ecb:Generator:VN2 4:ror","VN2 4 ror","VN2 4","[""GEM:G100000604052"",""GEM:G100000604080"",""GEM:G100001027580""]","219","false","0.1631892697466468","1098162.7937279535","179208.38437140224","0","0","1505eb290f03a6c19c1dab75ef0853c145b99e5cafd3dcf6d0f675d99026fdb7","ASSEMBLY_V1_ACCEPTED_RESOURCE_SPATIAL_PROXY","GATE4-20261006-CANONICAL-SELECTED-CLOSURE#C","false"
"VN:VN2:Run-Of-River","06152be56ee41f64bfdca42fd24aeaf363ab61f931fec7b5e4bc12f6d6456ecb:Generator:VN2 6:ror","VN2 6 ror","VN2 4","[""GEM:G100000604052"",""GEM:G100000604080"",""GEM:G100001027580""]","219","false","0.1631892697466468","683064.8452544576","111468.85328668123","0","0","0a09b4d14ab8f0c020f5f03e661ed221be6b8bc6f3d02ddfbda9b95ccf3641cb","ASSEMBLY_V1_ACCEPTED_RESOURCE_SPATIAL_PROXY","GATE4-20261006-CANONICAL-SELECTED-CLOSURE#C","false"
"VN:VN2:Run-Of-River","06152be56ee41f64bfdca42fd24aeaf363ab61f931fec7b5e4bc12f6d6456ecb:Generator:VN2 1:ror","VN2 1 ror","VN2 5","[""GEM:G100000604041"",""GEM:G100001027581""]","129","true","0.09612518628912071","451704.5713784319","43420.18607139919","0","0","092467217bad6dd7293857492846fcd5ad9083daf231ee28cbebefa4c703d55d","ASSEMBLY_V1_ACCEPTED_RESOURCE_SPATIAL_PROXY","GATE4-20261006-CANONICAL-SELECTED-CLOSURE#C","false"
"VN:VN2:Run-Of-River","06152be56ee41f64bfdca42fd24aeaf363ab61f931fec7b5e4bc12f6d6456ecb:Generator:VN2 2:ror","VN2 2 ror","VN2 5","[""GEM:G100000604041"",""GEM:G100001027581""]","129","true","0.09612518628912071","1221277.3807089396","117395.51573133623","0","0","c7f77fa85f07b5c385f0e3ec0e2fb3b82fd60e2feda481e495efbab10651b055","ASSEMBLY_V1_ACCEPTED_RESOURCE_SPATIAL_PROXY","GATE4-20261006-CANONICAL-SELECTED-CLOSURE#C","false"
"VN:VN2:Run-Of-River","06152be56ee41f64bfdca42fd24aeaf363ab61f931fec7b5e4bc12f6d6456ecb:Generator:VN2 4:ror","VN2 4 ror","VN2 5","[""GEM:G100000604041"",""GEM:G100001027581""]","129","true","0.09612518628912071","1098162.7937279535","105561.10312288077","0","0","1505eb290f03a6c19c1dab75ef0853c145b99e5cafd3dcf6d0f675d99026fdb7","ASSEMBLY_V1_ACCEPTED_RESOURCE_SPATIAL_PROXY","GATE4-20261006-CANONICAL-SELECTED-CLOSURE#C","false"
"VN:VN2:Run-Of-River","06152be56ee41f64bfdca42fd24aeaf363ab61f931fec7b5e4bc12f6d6456ecb:Generator:VN2 6:ror","VN2 6 ror","VN2 5","[""GEM:G100000604041"",""GEM:G100001027581""]","129","true","0.09612518628912071","683064.8452544576","65659.73549763414","0","0","0a09b4d14ab8f0c020f5f03e661ed221be6b8bc6f3d02ddfbda9b95ccf3641cb","ASSEMBLY_V1_ACCEPTED_RESOURCE_SPATIAL_PROXY","GATE4-20261006-CANONICAL-SELECTED-CLOSURE#C","false"
"VN:VN2:Run-Of-River","06152be56ee41f64bfdca42fd24aeaf363ab61f931fec7b5e4bc12f6d6456ecb:Generator:VN2 1:ror","VN2 1 ror","VN2 6","[""GEM:G100000604035"",""GEM:G100001051666"",""GEM:G100001051671""]","188","false","0.14008941877794337","451704.5713784319","63279.03086374456","0","0","092467217bad6dd7293857492846fcd5ad9083daf231ee28cbebefa4c703d55d","ASSEMBLY_V1_ACCEPTED_RESOURCE_SPATIAL_PROXY","GATE4-20261006-CANONICAL-SELECTED-CLOSURE#C","false"
"VN:VN2:Run-Of-River","06152be56ee41f64bfdca42fd24aeaf363ab61f931fec7b5e4bc12f6d6456ecb:Generator:VN2 2:ror","VN2 2 ror","VN2 6","[""GEM:G100000604035"",""GEM:G100001051666"",""GEM:G100001051671""]","188","false","0.14008941877794337","1221277.3807089396","171088.03843016442","0","0","c7f77fa85f07b5c385f0e3ec0e2fb3b82fd60e2feda481e495efbab10651b055","ASSEMBLY_V1_ACCEPTED_RESOURCE_SPATIAL_PROXY","GATE4-20261006-CANONICAL-SELECTED-CLOSURE#C","false"
"VN:VN2:Run-Of-River","06152be56ee41f64bfdca42fd24aeaf363ab61f931fec7b5e4bc12f6d6456ecb:Generator:VN2 4:ror","VN2 4 ror","VN2 6","[""GEM:G100000604035"",""GEM:G100001051666"",""GEM:G100001051671""]","188","false","0.14008941877794337","1098162.7937279535","153840.98749691152","0","0","1505eb290f03a6c19c1dab75ef0853c145b99e5cafd3dcf6d0f675d99026fdb7","ASSEMBLY_V1_ACCEPTED_RESOURCE_SPATIAL_PROXY","GATE4-20261006-CANONICAL-SELECTED-CLOSURE#C","false"
"VN:VN2:Run-Of-River","06152be56ee41f64bfdca42fd24aeaf363ab61f931fec7b5e4bc12f6d6456ecb:Generator:VN2 6:ror","VN2 6 ror","VN2 6","[""GEM:G100000604035"",""GEM:G100001051666"",""GEM:G100001051671""]","188","false","0.14008941877794337","683064.8452544576","95690.1571593428","0","0","0a09b4d14ab8f0c020f5f03e661ed221be6b8bc6f3d02ddfbda9b95ccf3641cb","ASSEMBLY_V1_ACCEPTED_RESOURCE_SPATIAL_PROXY","GATE4-20261006-CANONICAL-SELECTED-CLOSURE#C","false"
