"Component","ActualCount","Country","Carrier","Sector","Status","HistoricalTutorialCount","HistoricalScope","Reason"
"Bus","","NOT_AVAILABLE","NOT_AVAILABLE","NOT_AVAILABLE","NOT_RUN_NO_RESEARCH_NETWORK","1019","TUTORIAL_REFERENCE_NOT_CURRENT_ASSEMBLY","Input freeze failed before actual network construction"
"Load","","NOT_AVAILABLE","NOT_AVAILABLE","NOT_AVAILABLE","NOT_RUN_NO_RESEARCH_NETWORK","1307","TUTORIAL_REFERENCE_NOT_CURRENT_ASSEMBLY","Input freeze failed before actual network construction"
"Generator","","NOT_AVAILABLE","NOT_AVAILABLE","NOT_AVAILABLE","NOT_RUN_NO_RESEARCH_NETWORK","676","TUTORIAL_REFERENCE_NOT_CURRENT_ASSEMBLY","Input freeze failed before actual network construction"
"Link","","NOT_AVAILABLE","NOT_AVAILABLE","NOT_AVAILABLE","NOT_RUN_NO_RESEARCH_NETWORK","2672","TUTORIAL_REFERENCE_NOT_CURRENT_ASSEMBLY","Input freeze failed before actual network construction"
"Store","","NOT_AVAILABLE","NOT_AVAILABLE","NOT_AVAILABLE","NOT_RUN_NO_RESEARCH_NETWORK","632","TUTORIAL_REFERENCE_NOT_CURRENT_ASSEMBLY","Input freeze failed before actual network construction"
"StorageUnit","","NOT_AVAILABLE","NOT_AVAILABLE","NOT_AVAILABLE","NOT_RUN_NO_RESEARCH_NETWORK","","TUTORIAL_REFERENCE_NOT_CURRENT_ASSEMBLY","Input freeze failed before actual network construction"
"Line","","NOT_AVAILABLE","NOT_AVAILABLE","NOT_AVAILABLE","NOT_RUN_NO_RESEARCH_NETWORK","37","TUTORIAL_REFERENCE_NOT_CURRENT_ASSEMBLY","Input freeze failed before actual network construction"
"Transformer","","NOT_AVAILABLE","NOT_AVAILABLE","NOT_AVAILABLE","NOT_RUN_NO_RESEARCH_NETWORK","0","TUTORIAL_REFERENCE_NOT_CURRENT_ASSEMBLY","Input freeze failed before actual network construction"
"GlobalConstraint","","NOT_AVAILABLE","NOT_AVAILABLE","NOT_AVAILABLE","NOT_RUN_NO_RESEARCH_NETWORK","1","TUTORIAL_REFERENCE_NOT_CURRENT_ASSEMBLY","Input freeze failed before actual network construction"
