"Component","Sector","PowerPolicyExpected","FullSystemReportingExpected","ActualPolicyOwnership","Status","ScopeRisk"
"","Power","ACCEPTED_POWER_ROLE_ONLY","true","NOT_EVALUATED_NO_COMPONENTS","NOT_RUN_NO_RESEARCH_NETWORK","Shared use/origin requires explicit tracing"
"","Buildings","NO_DIRECT_NONPOWER_EMISSIONS","true","NOT_EVALUATED_NO_COMPONENTS","NOT_RUN_NO_RESEARCH_NETWORK","Shared use/origin requires explicit tracing"
"","Road","NO_DIRECT_NONPOWER_EMISSIONS","true","NOT_EVALUATED_NO_COMPONENTS","NOT_RUN_NO_RESEARCH_NETWORK","Shared use/origin requires explicit tracing"
"","Industry","NO_DIRECT_NONPOWER_EMISSIONS","true","NOT_EVALUATED_NO_COMPONENTS","NOT_RUN_NO_RESEARCH_NETWORK","Shared use/origin requires explicit tracing"
"","Agriculture","NO_DIRECT_NONPOWER_EMISSIONS","true","NOT_EVALUATED_NO_COMPONENTS","NOT_RUN_NO_RESEARCH_NETWORK","Shared use/origin requires explicit tracing"
"","DomesticShipping","NO_DIRECT_NONPOWER_EMISSIONS","true","NOT_EVALUATED_NO_COMPONENTS","NOT_RUN_NO_RESEARCH_NETWORK","Shared use/origin requires explicit tracing"
"","InternationalShipping","NO_DIRECT_NONPOWER_EMISSIONS","true","NOT_EVALUATED_NO_COMPONENTS","NOT_RUN_NO_RESEARCH_NETWORK","Shared use/origin requires explicit tracing"
"","DomesticAviation","NO_DIRECT_NONPOWER_EMISSIONS","true","NOT_EVALUATED_NO_COMPONENTS","NOT_RUN_NO_RESEARCH_NETWORK","Shared use/origin requires explicit tracing"
"","InternationalAviation","NO_DIRECT_NONPOWER_EMISSIONS","true","NOT_EVALUATED_NO_COMPONENTS","NOT_RUN_NO_RESEARCH_NETWORK","Shared use/origin requires explicit tracing"
