"AccountGroup","Country","BaseValue","Unit","SourceUse","ExistingDecisionCoverage","ProposedMethod","WhyNeeded","ExpectedScope","ApprovalStatus","SourceRows"
"Rail non-electric fuel","ID","2483734.92000000","MWh/year","2019 rail use only","Rail electricity embedded; no rail non-electric2050 quantity rule","Candidate: retain2019 fixed rail non-electric obligations, subject to explicit human acceptance","Road-only growth decision does not cover rail","Rail only; no road, shipping, aviation or bunker","PENDING","1c2952a5f87bfcdb0eef1af6b6c774e741a99e5b72c5ced91a585d6efe9be50a:43689"
"Rail non-electric fuel","KH","2698440.00000","MWh/year","2019 rail use only","Rail electricity embedded; no rail non-electric2050 quantity rule","Candidate: retain2019 fixed rail non-electric obligations, subject to explicit human acceptance","Road-only growth decision does not cover rail","Rail only; no road, shipping, aviation or bunker","PENDING","1c2952a5f87bfcdb0eef1af6b6c774e741a99e5b72c5ced91a585d6efe9be50a:15101"
"Rail non-electric fuel","MM","967140.00000","MWh/year","2019 rail use only","Rail electricity embedded; no rail non-electric2050 quantity rule","Candidate: retain2019 fixed rail non-electric obligations, subject to explicit human acceptance","Road-only growth decision does not cover rail","Rail only; no road, shipping, aviation or bunker","PENDING","1c2952a5f87bfcdb0eef1af6b6c774e741a99e5b72c5ced91a585d6efe9be50a:63210"
"Rail non-electric fuel","PH","19410.6000000","MWh/year","2019 rail use only","Rail electricity embedded; no rail non-electric2050 quantity rule","Candidate: retain2019 fixed rail non-electric obligations, subject to explicit human acceptance","Road-only growth decision does not cover rail","Rail only; no road, shipping, aviation or bunker","PENDING","5c72caaa64762e177e5e53c55b7f9fd07ee57f6a91681d600bdd6c6be174b8c2:7705;1c2952a5f87bfcdb0eef1af6b6c774e741a99e5b72c5ced91a585d6efe9be50a:74160"
"Rail non-electric fuel","TH","859680.00000","MWh/year","2019 rail use only","Rail electricity embedded; no rail non-electric2050 quantity rule","Candidate: retain2019 fixed rail non-electric obligations, subject to explicit human acceptance","Road-only growth decision does not cover rail","Rail only; no road, shipping, aviation or bunker","PENDING","1c2952a5f87bfcdb0eef1af6b6c774e741a99e5b72c5ced91a585d6efe9be50a:92987"
"OtherNEC","ID","1880480.00000","MWh/year","Consumption not elsewhere specified (other) / Biodiesel","No explicit NEC2050 method; do not reclassify","Candidate: retain source-use account separately at2019 quantity, subject to explicit human acceptance","Known positive energy requires a2050 quantity and unchanged source-use ownership","ID:2019:OtherNEC:Biodiesel","PENDING","5c72caaa64762e177e5e53c55b7f9fd07ee57f6a91681d600bdd6c6be174b8c2:4932"
"OtherNEC","ID","1858055.55775000000","MWh/year","Consumption not elsewhere specified (other) / Brown coal briquettes","No explicit NEC2050 method; do not reclassify","Candidate: retain source-use account separately at2019 quantity, subject to explicit human acceptance","Known positive energy requires a2050 quantity and unchanged source-use ownership","ID:2019:OtherNEC:Brown coal briquettes","PENDING","c12e9ae1a3eac4bbe6fe04df4238905185db886709371f6ae3ec1899b9f3be90:4868"
"OtherNEC","ID","4495800.00000","MWh/year","Consumption not elsewhere specified (other) / Fuelwood","No explicit NEC2050 method; do not reclassify","Candidate: retain source-use account separately at2019 quantity, subject to explicit human acceptance","Known positive energy requires a2050 quantity and unchanged source-use ownership","ID:2019:OtherNEC:Fuelwood","PENDING","26a364db4d763d9d5a69eff04aa717af5db5d2736c5c1f4e47223a12eae7db66:33639"
"OtherNEC","LA","972250.000000","MWh/year","consumption not elsewhere specified (other) / Brown coal","No explicit NEC2050 method; do not reclassify","Candidate: retain source-use account separately at2019 quantity, subject to explicit human acceptance","Known positive energy requires a2050 quantity and unchanged source-use ownership","LA:2019:OtherNEC:Brown coal","PENDING","903a91d8e915854454532b0e917539b325fa6691a335aa08a37c8ebef0bd9088:13030"
"OtherNEC","MY","40950.00000","MWh/year","Consumption not elsewhere specified (other) / Charcoal","No explicit NEC2050 method; do not reclassify","Candidate: retain source-use account separately at2019 quantity, subject to explicit human acceptance","Known positive energy requires a2050 quantity and unchanged source-use ownership","MY:2019:OtherNEC:Charcoal","PENDING","da54b258ffb4927f30834c01f4e9aff7c267dd70c5ef5760292dd21ef5802345:22266"
"OtherNEC","SG","106633.8000000","MWh/year","Consumption not elsewhere specified (other) / Charcoal","No explicit NEC2050 method; do not reclassify","Candidate: retain source-use account separately at2019 quantity, subject to explicit human acceptance","Known positive energy requires a2050 quantity and unchanged source-use ownership","SG:2019:OtherNEC:Charcoal","PENDING","da54b258ffb4927f30834c01f4e9aff7c267dd70c5ef5760292dd21ef5802345:32043"
"OtherNEC","SG","37325","MWh/year","consumption not elsewhere specified (other) / Natural gas (including LNG)","No explicit NEC2050 method; do not reclassify","Candidate: retain source-use account separately at2019 quantity, subject to explicit human acceptance","Known positive energy requires a2050 quantity and unchanged source-use ownership","SG:2019:OtherNEC:Natural gas (including LNG)","PENDING","fa8613ee3560bfc2f73f60f4c0995c995b0bec8fd75a59190fe4ad6c63a9e988:76891"
"OtherNEC","KH","130152.000000","MWh/year","Consumption not elsewhere specified (other) / Fuel oil","No explicit NEC2050 method; do not reclassify","Candidate: retain source-use account separately at2019 quantity, subject to explicit human acceptance","Known positive energy requires a2050 quantity and unchanged source-use ownership","KH:2019:OtherNEC:Fuel oil","PENDING","b5ec374fcb60a4567468b3279fe6fa584ed0506d32f42a80e0760becce6c5cdb:14082"
"OtherNEC","KH","3092460.00000","MWh/year","Consumption not elsewhere specified (other) / Gas Oil/ Diesel Oil","No explicit NEC2050 method; do not reclassify","Candidate: retain source-use account separately at2019 quantity, subject to explicit human acceptance","Known positive energy requires a2050 quantity and unchanged source-use ownership","KH:2019:OtherNEC:Gas Oil/ Diesel Oil","PENDING","1c2952a5f87bfcdb0eef1af6b6c774e741a99e5b72c5ced91a585d6efe9be50a:15191"
"OtherNEC","BN","266369.46000000","MWh/year","Consumption not elsewhere specified (other) / Gas Oil/ Diesel Oil","No explicit NEC2050 method; do not reclassify","Candidate: retain source-use account separately at2019 quantity, subject to explicit human acceptance","Known positive energy requires a2050 quantity and unchanged source-use ownership","BN:2019:OtherNEC:Gas Oil/ Diesel Oil","PENDING","1c2952a5f87bfcdb0eef1af6b6c774e741a99e5b72c5ced91a585d6efe9be50a:13258"
"OtherNEC","MM","5146140.00000","MWh/year","Consumption not elsewhere specified (other) / Gas Oil/ Diesel Oil","No explicit NEC2050 method; do not reclassify","Candidate: retain source-use account separately at2019 quantity, subject to explicit human acceptance","Known positive energy requires a2050 quantity and unchanged source-use ownership","MM:2019:OtherNEC:Gas Oil/ Diesel Oil","PENDING","1c2952a5f87bfcdb0eef1af6b6c774e741a99e5b72c5ced91a585d6efe9be50a:63264"
"TransportNEC","TH","2316360.00000","MWh/year","Consumption not elsewhere specified (transport) / Gas Oil/ Diesel Oil","No explicit NEC2050 method; do not reclassify","Candidate: retain source-use account separately at2019 quantity, subject to explicit human acceptance","Known positive energy requires a2050 quantity and unchanged source-use ownership","TH:2019:TransportNEC:Gas Oil/ Diesel Oil","PENDING","1c2952a5f87bfcdb0eef1af6b6c774e741a99e5b72c5ced91a585d6efe9be50a:93029"
"TransportNEC","TL","751981.2000000","MWh/year","Consumption not elsewhere specified (transport) / Gas Oil/ Diesel Oil","No explicit NEC2050 method; do not reclassify","Candidate: retain source-use account separately at2019 quantity, subject to explicit human acceptance","Known positive energy requires a2050 quantity and unchanged source-use ownership","TL:2019:TransportNEC:Gas Oil/ Diesel Oil","PENDING","1c2952a5f87bfcdb0eef1af6b6c774e741a99e5b72c5ced91a585d6efe9be50a:93257"
"TransportNEC","SG","2.855E+4","MWh/year","consumption not elsewhere specified (transport) / Natural gas (including LNG)","No explicit NEC2050 method; do not reclassify","Candidate: retain source-use account separately at2019 quantity, subject to explicit human acceptance","Known positive energy requires a2050 quantity and unchanged source-use ownership","SG:2019:TransportNEC:Natural gas (including LNG)","PENDING","fa8613ee3560bfc2f73f60f4c0995c995b0bec8fd75a59190fe4ad6c63a9e988:76840"
"TransportNEC","VN","5.5265E+5","MWh/year","consumption not elsewhere specified (transport) / Natural gas (including LNG)","No explicit NEC2050 method; do not reclassify","Candidate: retain source-use account separately at2019 quantity, subject to explicit human acceptance","Known positive energy requires a2050 quantity and unchanged source-use ownership","VN:2019:TransportNEC:Natural gas (including LNG)","PENDING","fa8613ee3560bfc2f73f60f4c0995c995b0bec8fd75a59190fe4ad6c63a9e988:97067"
