"AccountID","Country","Account","Carrier","Category","Status","ValueMWh","CoverageDecision","PhysicalPosting","SourceEvidence","SourceFamilyRows","Reason","OriginalSourceStatus","ChangedThisRound","ClosedOriginalMissing56","CurrentDisposition","NewEvidenceThisRound","DecisionScope"
"BN:2019:ResidentialFuel:coal","BN","ResidentialFuel","coal","SOURCE_TRANSACTION_NOT_REPORTED_IN_CACHED_EXPORT","UNRESOLVED","","PENDING_NO_AUTOMATIC_EXCLUSION","NO_PENDING_SOURCE_OR_TARGET","","10","No source-qualified2019 row or zero proof","UNRESOLVED","false","false","PENDING_NO_NEW_EXCLUSION","None; same source family/transaction evidence retained; no repeated queries","Specific source family/transaction missing in cached scope; absence is not zero"
"BN:2019:ServicesFuel:coal","BN","ServicesFuel","coal","SOURCE_TRANSACTION_NOT_REPORTED_IN_CACHED_EXPORT","UNRESOLVED","","PENDING_NO_AUTOMATIC_EXCLUSION","NO_PENDING_SOURCE_OR_TARGET","","10","No source-qualified2019 row or zero proof","UNRESOLVED","false","false","PENDING_NO_NEW_EXCLUSION","None; same source family/transaction evidence retained; no repeated queries","Specific source family/transaction missing in cached scope; absence is not zero"
"BN:2019:IndustryFinalEnergy:coal","BN","IndustryFinalEnergy","coal","SOURCE_TRANSACTION_NOT_REPORTED_IN_CACHED_EXPORT","UNRESOLVED","","PENDING_NO_AUTOMATIC_EXCLUSION","NO_PENDING_SOURCE_OR_TARGET","","10","No source-qualified2019 row or zero proof","UNRESOLVED","false","false","PENDING_NO_NEW_EXCLUSION","None; same source family/transaction evidence retained; no repeated queries","Specific source family/transaction missing in cached scope; absence is not zero"
"BN:2019:AgricultureFinalEnergy:coal","BN","AgricultureFinalEnergy","coal","SOURCE_TRANSACTION_NOT_REPORTED_IN_CACHED_EXPORT","UNRESOLVED","","PENDING_NO_AUTOMATIC_EXCLUSION","NO_PENDING_SOURCE_OR_TARGET","","10","No source-qualified2019 row or zero proof","UNRESOLVED","false","false","PENDING_NO_NEW_EXCLUSION","None; same source family/transaction evidence retained; no repeated queries","Specific source family/transaction missing in cached scope; absence is not zero"
"BN:2019:TransportEmbeddedFuelParent:unclassified_fuel","BN","TransportEmbeddedFuelParent","unclassified_fuel","KNOWN_NEC_ENERGY_RETAINED_SECTOR_SPLIT_UNRESOLVED","UNRESOLVED","","PENDING_NO_AUTOMATIC_EXCLUSION","NO_PENDING_SOURCE_OR_TARGET","","163","No source-qualified2019 row or zero proof","UNRESOLVED","false","false","PENDING_NO_NEW_EXCLUSION","None; same source family/transaction evidence retained; no repeated queries","Source-use disaggregation/coverage boundary; retained NEC is not a zero proof"
"BN:2019:InternationalShippingBunker:oil","BN","InternationalShippingBunker","oil","KNOWN_NEC_ENERGY_RETAINED_SECTOR_SPLIT_UNRESOLVED","UNRESOLVED","","PENDING_NO_AUTOMATIC_EXCLUSION","NO_PENDING_SOURCE_OR_TARGET","","90","No source-qualified2019 row or zero proof","UNRESOLVED","false","false","PENDING_NO_NEW_EXCLUSION","None; same source family/transaction evidence retained; no repeated queries","Source-use disaggregation/coverage boundary; retained NEC is not a zero proof"
"KH:2019:ResidentialFuel:gas","KH","ResidentialFuel","gas","SOURCE_FAMILY_NOT_PRESENT_IN_CACHED_EXPORT","UNRESOLVED","","PENDING_NO_AUTOMATIC_EXCLUSION","NO_PENDING_SOURCE_OR_TARGET","","0","No source-qualified2019 row or zero proof","UNRESOLVED","false","false","PENDING_NO_NEW_EXCLUSION","None; same source family/transaction evidence retained; no repeated queries","Specific source family/transaction missing in cached scope; absence is not zero"
"KH:2019:ServicesFuel:gas","KH","ServicesFuel","gas","SOURCE_FAMILY_NOT_PRESENT_IN_CACHED_EXPORT","UNRESOLVED","","PENDING_NO_AUTOMATIC_EXCLUSION","NO_PENDING_SOURCE_OR_TARGET","","0","No source-qualified2019 row or zero proof","UNRESOLVED","false","false","PENDING_NO_NEW_EXCLUSION","None; same source family/transaction evidence retained; no repeated queries","Specific source family/transaction missing in cached scope; absence is not zero"
"KH:2019:IndustryFinalEnergy:gas","KH","IndustryFinalEnergy","gas","SOURCE_FAMILY_NOT_PRESENT_IN_CACHED_EXPORT","UNRESOLVED","","PENDING_NO_AUTOMATIC_EXCLUSION","NO_PENDING_SOURCE_OR_TARGET","","0","No source-qualified2019 row or zero proof","UNRESOLVED","false","false","PENDING_NO_NEW_EXCLUSION","None; same source family/transaction evidence retained; no repeated queries","Specific source family/transaction missing in cached scope; absence is not zero"
"KH:2019:RoadResidualFuel:gas","KH","RoadResidualFuel","gas","SOURCE_FAMILY_NOT_PRESENT_IN_CACHED_EXPORT","UNRESOLVED","","PENDING_NO_AUTOMATIC_EXCLUSION","NO_PENDING_SOURCE_OR_TARGET","","0","No source-qualified2019 row or zero proof","UNRESOLVED","false","false","PENDING_NO_NEW_EXCLUSION","None; same source family/transaction evidence retained; no repeated queries","Specific source family/transaction missing in cached scope; absence is not zero"
"KH:2019:InternationalShippingBunker:oil","KH","InternationalShippingBunker","oil","KNOWN_NEC_ENERGY_RETAINED_SECTOR_SPLIT_UNRESOLVED","UNRESOLVED","","PENDING_NO_AUTOMATIC_EXCLUSION","NO_PENDING_SOURCE_OR_TARGET","","58","No source-qualified2019 row or zero proof","UNRESOLVED","false","false","PENDING_NO_NEW_EXCLUSION","None; same source family/transaction evidence retained; no repeated queries","Source-use disaggregation/coverage boundary; retained NEC is not a zero proof"
"LA:2019:ResidentialFuel:gas","LA","ResidentialFuel","gas","SOURCE_FAMILY_NOT_PRESENT_IN_CACHED_EXPORT","UNRESOLVED","","PENDING_NO_AUTOMATIC_EXCLUSION","NO_PENDING_SOURCE_OR_TARGET","","0","No source-qualified2019 row or zero proof","UNRESOLVED","false","false","PENDING_NO_NEW_EXCLUSION","None; same source family/transaction evidence retained; no repeated queries","Specific source family/transaction missing in cached scope; absence is not zero"
"LA:2019:ServicesFuel:gas","LA","ServicesFuel","gas","SOURCE_FAMILY_NOT_PRESENT_IN_CACHED_EXPORT","UNRESOLVED","","PENDING_NO_AUTOMATIC_EXCLUSION","NO_PENDING_SOURCE_OR_TARGET","","0","No source-qualified2019 row or zero proof","UNRESOLVED","false","false","PENDING_NO_NEW_EXCLUSION","None; same source family/transaction evidence retained; no repeated queries","Specific source family/transaction missing in cached scope; absence is not zero"
"LA:2019:IndustryFinalEnergy:gas","LA","IndustryFinalEnergy","gas","SOURCE_FAMILY_NOT_PRESENT_IN_CACHED_EXPORT","UNRESOLVED","","PENDING_NO_AUTOMATIC_EXCLUSION","NO_PENDING_SOURCE_OR_TARGET","","0","No source-qualified2019 row or zero proof","UNRESOLVED","false","false","PENDING_NO_NEW_EXCLUSION","None; same source family/transaction evidence retained; no repeated queries","Specific source family/transaction missing in cached scope; absence is not zero"
"LA:2019:RoadResidualFuel:gas","LA","RoadResidualFuel","gas","SOURCE_FAMILY_NOT_PRESENT_IN_CACHED_EXPORT","UNRESOLVED","","PENDING_NO_AUTOMATIC_EXCLUSION","NO_PENDING_SOURCE_OR_TARGET","","0","No source-qualified2019 row or zero proof","UNRESOLVED","false","false","PENDING_NO_NEW_EXCLUSION","None; same source family/transaction evidence retained; no repeated queries","Specific source family/transaction missing in cached scope; absence is not zero"
"LA:2019:TransportEmbeddedFuelParent:unclassified_fuel","LA","TransportEmbeddedFuelParent","unclassified_fuel","KNOWN_NEC_ENERGY_RETAINED_SECTOR_SPLIT_UNRESOLVED","UNRESOLVED","","PENDING_NO_AUTOMATIC_EXCLUSION","NO_PENDING_SOURCE_OR_TARGET","","142","No source-qualified2019 row or zero proof","UNRESOLVED","false","false","PENDING_NO_NEW_EXCLUSION","None; same source family/transaction evidence retained; no repeated queries","Source-use disaggregation/coverage boundary; retained NEC is not a zero proof"
"LA:2019:InternationalShippingBunker:oil","LA","InternationalShippingBunker","oil","KNOWN_NEC_ENERGY_RETAINED_SECTOR_SPLIT_UNRESOLVED","UNRESOLVED","","PENDING_NO_AUTOMATIC_EXCLUSION","NO_PENDING_SOURCE_OR_TARGET","","45","No source-qualified2019 row or zero proof","UNRESOLVED","false","false","PENDING_NO_NEW_EXCLUSION","None; same source family/transaction evidence retained; no repeated queries","Source-use disaggregation/coverage boundary; retained NEC is not a zero proof"
"MM:2019:DomesticShippingFuel:oil","MM","DomesticShippingFuel","oil","KNOWN_NEC_ENERGY_RETAINED_SECTOR_SPLIT_UNRESOLVED","UNRESOLVED","","PENDING_NO_AUTOMATIC_EXCLUSION","NO_PENDING_SOURCE_OR_TARGET","","114","No source-qualified2019 row or zero proof","UNRESOLVED","false","false","PENDING_NO_NEW_EXCLUSION","None; same source family/transaction evidence retained; no repeated queries","Source-use disaggregation/coverage boundary; retained NEC is not a zero proof"
"MY:2019:TransportEmbeddedFuelParent:unclassified_fuel","MY","TransportEmbeddedFuelParent","unclassified_fuel","KNOWN_NEC_ENERGY_RETAINED_SECTOR_SPLIT_UNRESOLVED","UNRESOLVED","","PENDING_NO_AUTOMATIC_EXCLUSION","NO_PENDING_SOURCE_OR_TARGET","","268","No source-qualified2019 row or zero proof","UNRESOLVED","false","false","PENDING_NO_NEW_EXCLUSION","None; same source family/transaction evidence retained; no repeated queries","Source-use disaggregation/coverage boundary; retained NEC is not a zero proof"
"SG:2019:TransportEmbeddedFuelParent:unclassified_fuel","SG","TransportEmbeddedFuelParent","unclassified_fuel","KNOWN_NEC_ENERGY_RETAINED_SECTOR_SPLIT_UNRESOLVED","UNRESOLVED","","PENDING_NO_AUTOMATIC_EXCLUSION","NO_PENDING_SOURCE_OR_TARGET","","216","No source-qualified2019 row or zero proof","UNRESOLVED","false","false","PENDING_NO_NEW_EXCLUSION","None; same source family/transaction evidence retained; no repeated queries","Source-use disaggregation/coverage boundary; retained NEC is not a zero proof"
"TL:2019:ResidentialFuel:oil","TL","ResidentialFuel","oil","KNOWN_NEC_ENERGY_RETAINED_SECTOR_SPLIT_UNRESOLVED","UNRESOLVED","","PENDING_NO_AUTOMATIC_EXCLUSION","NO_PENDING_SOURCE_OR_TARGET","","42","No source-qualified2019 row or zero proof","UNRESOLVED","false","false","PENDING_NO_NEW_EXCLUSION","None; same source family/transaction evidence retained; no repeated queries","Source-use disaggregation/coverage boundary; retained NEC is not a zero proof"
"TL:2019:ResidentialFuel:gas","TL","ResidentialFuel","gas","SOURCE_TRANSACTION_NOT_REPORTED_IN_CACHED_EXPORT","UNRESOLVED","","PENDING_NO_AUTOMATIC_EXCLUSION","NO_PENDING_SOURCE_OR_TARGET","","7","No source-qualified2019 row or zero proof","UNRESOLVED","false","false","PENDING_NO_NEW_EXCLUSION","None; same source family/transaction evidence retained; no repeated queries","Specific source family/transaction missing in cached scope; absence is not zero"
"TL:2019:ResidentialFuel:coal","TL","ResidentialFuel","coal","SOURCE_FAMILY_NOT_PRESENT_IN_CACHED_EXPORT","UNRESOLVED","","PENDING_NO_AUTOMATIC_EXCLUSION","NO_PENDING_SOURCE_OR_TARGET","","0","No source-qualified2019 row or zero proof","UNRESOLVED","false","false","PENDING_NO_NEW_EXCLUSION","None; same source family/transaction evidence retained; no repeated queries","Specific source family/transaction missing in cached scope; absence is not zero"
"TL:2019:ServicesFuel:oil","TL","ServicesFuel","oil","KNOWN_NEC_ENERGY_RETAINED_SECTOR_SPLIT_UNRESOLVED","UNRESOLVED","","PENDING_NO_AUTOMATIC_EXCLUSION","NO_PENDING_SOURCE_OR_TARGET","","42","No source-qualified2019 row or zero proof","UNRESOLVED","false","false","PENDING_NO_NEW_EXCLUSION","None; same source family/transaction evidence retained; no repeated queries","Source-use disaggregation/coverage boundary; retained NEC is not a zero proof"
"TL:2019:ServicesFuel:gas","TL","ServicesFuel","gas","SOURCE_TRANSACTION_NOT_REPORTED_IN_CACHED_EXPORT","UNRESOLVED","","PENDING_NO_AUTOMATIC_EXCLUSION","NO_PENDING_SOURCE_OR_TARGET","","7","No source-qualified2019 row or zero proof","UNRESOLVED","false","false","PENDING_NO_NEW_EXCLUSION","None; same source family/transaction evidence retained; no repeated queries","Specific source family/transaction missing in cached scope; absence is not zero"
"TL:2019:ServicesFuel:coal","TL","ServicesFuel","coal","SOURCE_FAMILY_NOT_PRESENT_IN_CACHED_EXPORT","UNRESOLVED","","PENDING_NO_AUTOMATIC_EXCLUSION","NO_PENDING_SOURCE_OR_TARGET","","0","No source-qualified2019 row or zero proof","UNRESOLVED","false","false","PENDING_NO_NEW_EXCLUSION","None; same source family/transaction evidence retained; no repeated queries","Specific source family/transaction missing in cached scope; absence is not zero"
"TL:2019:AgricultureFinalEnergy:oil","TL","AgricultureFinalEnergy","oil","KNOWN_NEC_ENERGY_RETAINED_SECTOR_SPLIT_UNRESOLVED","UNRESOLVED","","PENDING_NO_AUTOMATIC_EXCLUSION","NO_PENDING_SOURCE_OR_TARGET","","42","No source-qualified2019 row or zero proof","UNRESOLVED","false","false","PENDING_NO_NEW_EXCLUSION","None; same source family/transaction evidence retained; no repeated queries","Source-use disaggregation/coverage boundary; retained NEC is not a zero proof"
"TL:2019:AgricultureFinalEnergy:coal","TL","AgricultureFinalEnergy","coal","SOURCE_FAMILY_NOT_PRESENT_IN_CACHED_EXPORT","UNRESOLVED","","PENDING_NO_AUTOMATIC_EXCLUSION","NO_PENDING_SOURCE_OR_TARGET","","0","No source-qualified2019 row or zero proof","UNRESOLVED","false","false","PENDING_NO_NEW_EXCLUSION","None; same source family/transaction evidence retained; no repeated queries","Specific source family/transaction missing in cached scope; absence is not zero"
"TL:2019:RoadResidualFuel:gas","TL","RoadResidualFuel","gas","SOURCE_TRANSACTION_NOT_REPORTED_IN_CACHED_EXPORT","UNRESOLVED","","PENDING_NO_AUTOMATIC_EXCLUSION","NO_PENDING_SOURCE_OR_TARGET","","7","No source-qualified2019 row or zero proof","UNRESOLVED","false","false","PENDING_NO_NEW_EXCLUSION","None; same source family/transaction evidence retained; no repeated queries","Specific source family/transaction missing in cached scope; absence is not zero"
"TL:2019:TransportEmbeddedFuelParent:unclassified_fuel","TL","TransportEmbeddedFuelParent","unclassified_fuel","KNOWN_NEC_ENERGY_RETAINED_SECTOR_SPLIT_UNRESOLVED","UNRESOLVED","","PENDING_NO_AUTOMATIC_EXCLUSION","NO_PENDING_SOURCE_OR_TARGET","","74","No source-qualified2019 row or zero proof","UNRESOLVED","false","false","PENDING_NO_NEW_EXCLUSION","None; same source family/transaction evidence retained; no repeated queries","Source-use disaggregation/coverage boundary; retained NEC is not a zero proof"
"TL:2019:DomesticShippingFuel:oil","TL","DomesticShippingFuel","oil","KNOWN_NEC_ENERGY_RETAINED_SECTOR_SPLIT_UNRESOLVED","UNRESOLVED","","PENDING_NO_AUTOMATIC_EXCLUSION","NO_PENDING_SOURCE_OR_TARGET","","42","No source-qualified2019 row or zero proof","UNRESOLVED","false","false","PENDING_NO_NEW_EXCLUSION","None; same source family/transaction evidence retained; no repeated queries","Source-use disaggregation/coverage boundary; retained NEC is not a zero proof"
"TL:2019:InternationalShippingBunker:oil","TL","InternationalShippingBunker","oil","KNOWN_NEC_ENERGY_RETAINED_SECTOR_SPLIT_UNRESOLVED","UNRESOLVED","","PENDING_NO_AUTOMATIC_EXCLUSION","NO_PENDING_SOURCE_OR_TARGET","","42","No source-qualified2019 row or zero proof","UNRESOLVED","false","false","PENDING_NO_NEW_EXCLUSION","None; same source family/transaction evidence retained; no repeated queries","Source-use disaggregation/coverage boundary; retained NEC is not a zero proof"
"VN:2019:TransportEmbeddedFuelParent:unclassified_fuel","VN","TransportEmbeddedFuelParent","unclassified_fuel","KNOWN_NEC_ENERGY_RETAINED_SECTOR_SPLIT_UNRESOLVED","UNRESOLVED","","PENDING_NO_AUTOMATIC_EXCLUSION","NO_PENDING_SOURCE_OR_TARGET","","204","No source-qualified2019 row or zero proof","UNRESOLVED","false","false","PENDING_NO_NEW_EXCLUSION","None; same source family/transaction evidence retained; no repeated queries","Source-use disaggregation/coverage boundary; retained NEC is not a zero proof"
