"Record","Commodity","Country","Year","Transaction","OldRawQuantity","NewRawQuantity","RawUnit","OldFootnote","NewObservationStatus","OldSourceSHA256","OldSourceRow","NewSourceFile","NewSourceSHA256","QueryVersion","NewReportedConversionFactor","FrozenProjectFactorTWhPerKton","Candidate2019MWh","Candidate2050MWh","Formula","Status","Posting","DecisionReference"
"MO","Motor Gasoline","TH","2019","1221 Road","8672","8672","Metric tons, thousand","","A","fe8fc603bb47c3ced818a86a96a4ad4e97b3b8ceb0d6b28a66d123d5e2c4d5ba","68902","TH_2019.xml","6137ad298866bd4551d6fd681c6db3aff4f2ec6ed7847979f2e9e7e30f46582f","UNSD_DF_UNDATA_ENERGY_1_2","44.3000000","0.0123","","","","APPLIED_CURRENT_HUMAN_LOCAL_VINTAGE_CHOICE","false","GATE4-20261005-CONSOLIDATED-BASELINE-CHOICES#C"
"DL","Gas Oil/ Diesel Oil","TH","2019","1221 Road","14817","14817","Metric tons, thousand","","A","1c2952a5f87bfcdb0eef1af6b6c774e741a99e5b72c5ced91a585d6efe9be50a","92964","TH_2019.xml","6137ad298866bd4551d6fd681c6db3aff4f2ec6ed7847979f2e9e7e30f46582f","UNSD_DF_UNDATA_ENERGY_1_2","43.0000000","0.01194","","","","APPLIED_CURRENT_HUMAN_LOCAL_VINTAGE_CHOICE","false","GATE4-20261005-CONSOLIDATED-BASELINE-CHOICES#C"
"AL","Biogasoline","TH","2019","1221 Road","1604","1284.804","Metric tons, thousand","","A","4030e2d946965aae430c9de2da1b51ae2c19b96dc5a585dc8838dc47384e16af","7288","TH_2019.xml","6137ad298866bd4551d6fd681c6db3aff4f2ec6ed7847979f2e9e7e30f46582f","UNSD_DF_UNDATA_ENERGY_1_2","26.8000000","0.007444","","","","APPLIED_CURRENT_HUMAN_LOCAL_VINTAGE_CHOICE","false","GATE4-20261005-CONSOLIDATED-BASELINE-CHOICES#C"
"BD","Biodiesel","TH","2019","1221 Road","1790","1575.2","Metric tons, thousand","","A","5c72caaa64762e177e5e53c55b7f9fd07ee57f6a91681d600bdd6c6be174b8c2","9856","TH_2019.xml","6137ad298866bd4551d6fd681c6db3aff4f2ec6ed7847979f2e9e7e30f46582f","UNSD_DF_UNDATA_ENERGY_1_2","36.8000000","0.01022","","","","APPLIED_CURRENT_HUMAN_LOCAL_VINTAGE_CHOICE","false","GATE4-20261005-CONSOLIDATED-BASELINE-CHOICES#C"
"ZG","Of which: biogasoline","TH","2019","1221 Road","","1284.804","Metric tons, thousand","","A","","","TH_2019.xml","6137ad298866bd4551d6fd681c6db3aff4f2ec6ed7847979f2e9e7e30f46582f","UNSD_DF_UNDATA_ENERGY_1_2","26.8000000","","","","","APPLIED_CURRENT_HUMAN_LOCAL_VINTAGE_CHOICE","false","GATE4-20261005-CONSOLIDATED-BASELINE-CHOICES#C"
"ZD","Of which: biodiesel","TH","2019","1221 Road","","1575.2","Metric tons, thousand","","A","","","TH_2019.xml","6137ad298866bd4551d6fd681c6db3aff4f2ec6ed7847979f2e9e7e30f46582f","UNSD_DF_UNDATA_ENERGY_1_2","36.8000000","","","","","APPLIED_CURRENT_HUMAN_LOCAL_VINTAGE_CHOICE","false","GATE4-20261005-CONSOLIDATED-BASELINE-CHOICES#C"
"MO_fossil","Motor Gasoline","TH","2019","1221 Road","","7387.196","Metric tons, thousand","","A","","","TH_2019.xml","6137ad298866bd4551d6fd681c6db3aff4f2ec6ed7847979f2e9e7e30f46582f","UNSD_DF_UNDATA_ENERGY_1_2","44.3000000","0.0123","90862510.8000000","234602997.9264462809917355372","(MO-ZG) * frozen commodity factor *1e6; target *(374.9/145.2)","APPLIED_CURRENT_HUMAN_LOCAL_VINTAGE_CHOICE","true via exclusive country-carrier target","GATE4-20261005-CONSOLIDATED-BASELINE-CHOICES#C"
"AL_total","Biogasoline","TH","2019","1221 Road","","1284.804","Metric tons, thousand","","A","","","TH_2019.xml","6137ad298866bd4551d6fd681c6db3aff4f2ec6ed7847979f2e9e7e30f46582f","UNSD_DF_UNDATA_ENERGY_1_2","26.8000000","0.007444","9564080.976000000","24694035.52274380165289256199","AL * frozen commodity factor *1e6; target *(374.9/145.2)","APPLIED_CURRENT_HUMAN_LOCAL_VINTAGE_CHOICE","true via exclusive country-carrier target","GATE4-20261005-CONSOLIDATED-BASELINE-CHOICES#C"
"DL_fossil","Gas Oil/ Diesel Oil","TH","2019","1221 Road","","13241.8","Metric tons, thousand","","A","","","TH_2019.xml","6137ad298866bd4551d6fd681c6db3aff4f2ec6ed7847979f2e9e7e30f46582f","UNSD_DF_UNDATA_ENERGY_1_2","43.0000000","0.01194","158107092.000000","408225542.6363636363636363637","(DL-ZD) * frozen commodity factor *1e6; target *(374.9/145.2)","APPLIED_CURRENT_HUMAN_LOCAL_VINTAGE_CHOICE","true via exclusive country-carrier target","GATE4-20261005-CONSOLIDATED-BASELINE-CHOICES#C"
"BD_total","Biodiesel","TH","2019","1221 Road","","1575.2","Metric tons, thousand","","A","","","TH_2019.xml","6137ad298866bd4551d6fd681c6db3aff4f2ec6ed7847979f2e9e7e30f46582f","UNSD_DF_UNDATA_ENERGY_1_2","36.8000000","0.01022","16098544.000000","41565731.03030303030303030304","BD * frozen commodity factor *1e6; target *(374.9/145.2)","APPLIED_CURRENT_HUMAN_LOCAL_VINTAGE_CHOICE","true via exclusive country-carrier target","GATE4-20261005-CONSOLIDATED-BASELINE-CHOICES#C"
