"Country","Year","Commodity","SDMXCommodity","Transaction","Account","OfficialEntry","Attempt","FailureClassification","RequiredFile","AlreadyCached"
"ID","2019","ZD","5222","1235","ServicesFuel","https://unstats.un.org/unsd/energystats/api/","sources/unsd_targeted/ID_2019.xml; ID_blend_all_transactions.xml","NO_MATCHING_TRANSACTION_RETURNED","Official2019 transaction-specific blend memo with unit, inclusion definition, parent/bio totals and revision metadata","Parent and total-bio files already cached; do not ask user to find them again"
"ID","2019","ZD","5222","121","IndustryFinalEnergy","https://unstats.un.org/unsd/energystats/api/","sources/unsd_targeted/ID_2019.xml; ID_blend_all_transactions.xml","NO_MATCHING_TRANSACTION_RETURNED","Official2019 transaction-specific blend memo with unit, inclusion definition, parent/bio totals and revision metadata","Parent and total-bio files already cached; do not ask user to find them again"
"ID","2019","ZD","5222","1221","RoadResidualFuel","https://unstats.un.org/unsd/energystats/api/","sources/unsd_targeted/ID_2019.xml; ID_blend_all_transactions.xml","NO_MATCHING_TRANSACTION_RETURNED","Official2019 transaction-specific blend memo with unit, inclusion definition, parent/bio totals and revision metadata","Parent and total-bio files already cached; do not ask user to find them again"
"PH","2019","ZD","5222","1235","ServicesFuel","https://unstats.un.org/unsd/energystats/api/","sources/unsd_targeted/PH_2019.xml; PH_blend_all_transactions.xml","NO_MATCHING_TRANSACTION_RETURNED","Official2019 transaction-specific blend memo with unit, inclusion definition, parent/bio totals and revision metadata","Parent and total-bio files already cached; do not ask user to find them again"
"PH","2019","ZD","5222","121","IndustryFinalEnergy","https://unstats.un.org/unsd/energystats/api/","sources/unsd_targeted/PH_2019.xml; PH_blend_all_transactions.xml","NO_MATCHING_TRANSACTION_RETURNED","Official2019 transaction-specific blend memo with unit, inclusion definition, parent/bio totals and revision metadata","Parent and total-bio files already cached; do not ask user to find them again"
"PH","2019","ZD","5222","1232","AgricultureFinalEnergy","https://unstats.un.org/unsd/energystats/api/","sources/unsd_targeted/PH_2019.xml; PH_blend_all_transactions.xml","NO_MATCHING_TRANSACTION_RETURNED","Official2019 transaction-specific blend memo with unit, inclusion definition, parent/bio totals and revision metadata","Parent and total-bio files already cached; do not ask user to find them again"
"PH","2019","ZD","5222","1221","RoadResidualFuel","https://unstats.un.org/unsd/energystats/api/","sources/unsd_targeted/PH_2019.xml; PH_blend_all_transactions.xml","NO_MATCHING_TRANSACTION_RETURNED","Official2019 transaction-specific blend memo with unit, inclusion definition, parent/bio totals and revision metadata","Parent and total-bio files already cached; do not ask user to find them again"
"PH","2019","ZG","5212","1221","RoadResidualFuel","https://unstats.un.org/unsd/energystats/api/","sources/unsd_targeted/PH_2019.xml; PH_blend_all_transactions.xml","NO_MATCHING_TRANSACTION_RETURNED","Official2019 transaction-specific blend memo with unit, inclusion definition, parent/bio totals and revision metadata","Parent and total-bio files already cached; do not ask user to find them again"
"PH","2019","ZD","5222","1222","TransportEmbeddedFuelParent","https://unstats.un.org/unsd/energystats/api/","sources/unsd_targeted/PH_2019.xml; PH_blend_all_transactions.xml","NO_MATCHING_TRANSACTION_RETURNED","Official2019 transaction-specific blend memo with unit, inclusion definition, parent/bio totals and revision metadata","Parent and total-bio files already cached; do not ask user to find them again"
"VN","2019","ZG","5212","1221","RoadResidualFuel","https://unstats.un.org/unsd/energystats/api/","sources/unsd_targeted/VN_2019.xml; VN_blend_all_transactions.xml","NO_MATCHING_TRANSACTION_RETURNED","Official2019 transaction-specific blend memo with unit, inclusion definition, parent/bio totals and revision metadata","Parent and total-bio files already cached; do not ask user to find them again"
