"CoverageID","Country","Account","Carrier","PreviousCategory","CurrentStatus","PreviousTargets","PendingTargets","RemainingPhysicalTargets","PhysicalLoadAdded","PhysicalEnergyRemoved","CanonicalEvidence","Basis","NextAction","MappingRowType"
"BN:2019:ResidentialFuel:coal","BN","ResidentialFuel","coal","SOURCE_TRANSACTION_NOT_REPORTED_IN_CACHED_EXPORT","SOURCE_OR_COVERAGE_STILL_PENDING","[""BN:2050:Buildings:ResidentialFuel:coal""]","[""BN:2050:Buildings:ResidentialFuel:coal""]","1","false","false","CANONICAL_COMMODITY_RECONCILIATION.md; evidence/selected/CANONICAL_COVERAGE.json","Domestic FEC closure cannot determine international bunker or absent commodity coverage; preserve explicit source/representation gap","Exact memo/absent source account or explicit bounded coverage choice; cached parents need not be supplied again","ORIGINAL_SOURCE_COMBINATION"
"BN:2019:ServicesFuel:coal","BN","ServicesFuel","coal","SOURCE_TRANSACTION_NOT_REPORTED_IN_CACHED_EXPORT","SOURCE_OR_COVERAGE_STILL_PENDING","[""BN:2050:Buildings:ServicesFuel:coal""]","[""BN:2050:Buildings:ServicesFuel:coal""]","1","false","false","CANONICAL_COMMODITY_RECONCILIATION.md; evidence/selected/CANONICAL_COVERAGE.json","Domestic FEC closure cannot determine international bunker or absent commodity coverage; preserve explicit source/representation gap","Exact memo/absent source account or explicit bounded coverage choice; cached parents need not be supplied again","ORIGINAL_SOURCE_COMBINATION"
"BN:2019:IndustryFinalEnergy:coal","BN","IndustryFinalEnergy","coal","SOURCE_TRANSACTION_NOT_REPORTED_IN_CACHED_EXPORT","SOURCE_OR_COVERAGE_STILL_PENDING","[""BN:2050:Industry:IndustryFinalEnergy:coal""]","[""BN:2050:Industry:IndustryFinalEnergy:coal""]","1","false","false","CANONICAL_COMMODITY_RECONCILIATION.md; evidence/selected/CANONICAL_COVERAGE.json","Domestic FEC closure cannot determine international bunker or absent commodity coverage; preserve explicit source/representation gap","Exact memo/absent source account or explicit bounded coverage choice; cached parents need not be supplied again","ORIGINAL_SOURCE_COMBINATION"
"BN:2019:AgricultureFinalEnergy:coal","BN","AgricultureFinalEnergy","coal","SOURCE_TRANSACTION_NOT_REPORTED_IN_CACHED_EXPORT","SOURCE_OR_COVERAGE_STILL_PENDING","[""BN:2050:Agriculture:AgricultureFinalEnergy:coal""]","[""BN:2050:Agriculture:AgricultureFinalEnergy:coal""]","1","false","false","CANONICAL_COMMODITY_RECONCILIATION.md; evidence/selected/CANONICAL_COVERAGE.json","Domestic FEC closure cannot determine international bunker or absent commodity coverage; preserve explicit source/representation gap","Exact memo/absent source account or explicit bounded coverage choice; cached parents need not be supplied again","ORIGINAL_SOURCE_COMBINATION"
"BN:2019:TransportEmbeddedFuelParent:unclassified_fuel","BN","TransportEmbeddedFuelParent","unclassified_fuel","KNOWN_NEC_ENERGY_RETAINED_SECTOR_SPLIT_UNRESOLVED","CLOSED_EXISTING_BOUNDED_SOURCE_RULE","[""BN:2050:Transport:TransportEmbeddedFuelParent:unclassified_fuel""]","[]","0","false","false","CANONICAL_COMMODITY_RECONCILIATION.md; evidence/selected/CANONICAL_COVERAGE.json","Original FEC fully exhausted by mutually exclusive canonical commodity leaves; old unclassified carrier scope bug repaired; no positive quantity removed","No new physical Load; retain bounded coverage record","ORIGINAL_SOURCE_COMBINATION"
"BN:2019:InternationalShippingBunker:oil","BN","InternationalShippingBunker","oil","KNOWN_NEC_ENERGY_RETAINED_SECTOR_SPLIT_UNRESOLVED","SOURCE_OR_COVERAGE_STILL_PENDING","[""BN:2050:Bunker:InternationalShippingBunker:oil""]","[""BN:2050:Bunker:InternationalShippingBunker:oil""]","1","false","false","CANONICAL_COMMODITY_RECONCILIATION.md; evidence/selected/CANONICAL_COVERAGE.json","Domestic FEC closure cannot determine international bunker or absent commodity coverage; preserve explicit source/representation gap","Exact memo/absent source account or explicit bounded coverage choice; cached parents need not be supplied again","ORIGINAL_SOURCE_COMBINATION"
"KH:2019:ResidentialFuel:gas","KH","ResidentialFuel","gas","SOURCE_FAMILY_NOT_PRESENT_IN_CACHED_EXPORT","SOURCE_OR_COVERAGE_STILL_PENDING","[""KH:2050:Buildings:ResidentialFuel:gas""]","[""KH:2050:Buildings:ResidentialFuel:gas""]","1","false","false","CANONICAL_COMMODITY_RECONCILIATION.md; evidence/selected/CANONICAL_COVERAGE.json","Domestic FEC closure cannot determine international bunker or absent commodity coverage; preserve explicit source/representation gap","Exact memo/absent source account or explicit bounded coverage choice; cached parents need not be supplied again","ORIGINAL_SOURCE_COMBINATION"
"KH:2019:ServicesFuel:gas","KH","ServicesFuel","gas","SOURCE_FAMILY_NOT_PRESENT_IN_CACHED_EXPORT","SOURCE_OR_COVERAGE_STILL_PENDING","[""KH:2050:Buildings:ServicesFuel:gas""]","[""KH:2050:Buildings:ServicesFuel:gas""]","1","false","false","CANONICAL_COMMODITY_RECONCILIATION.md; evidence/selected/CANONICAL_COVERAGE.json","Domestic FEC closure cannot determine international bunker or absent commodity coverage; preserve explicit source/representation gap","Exact memo/absent source account or explicit bounded coverage choice; cached parents need not be supplied again","ORIGINAL_SOURCE_COMBINATION"
"KH:2019:IndustryFinalEnergy:gas","KH","IndustryFinalEnergy","gas","SOURCE_FAMILY_NOT_PRESENT_IN_CACHED_EXPORT","SOURCE_OR_COVERAGE_STILL_PENDING","[""KH:2050:Industry:IndustryFinalEnergy:gas""]","[""KH:2050:Industry:IndustryFinalEnergy:gas""]","1","false","false","CANONICAL_COMMODITY_RECONCILIATION.md; evidence/selected/CANONICAL_COVERAGE.json","Domestic FEC closure cannot determine international bunker or absent commodity coverage; preserve explicit source/representation gap","Exact memo/absent source account or explicit bounded coverage choice; cached parents need not be supplied again","ORIGINAL_SOURCE_COMBINATION"
"KH:2019:RoadResidualFuel:gas","KH","RoadResidualFuel","gas","SOURCE_FAMILY_NOT_PRESENT_IN_CACHED_EXPORT","SOURCE_OR_COVERAGE_STILL_PENDING","[""KH:2050:Transport:RoadResidualFuel:gas""]","[""KH:2050:Transport:RoadResidualFuel:gas""]","1","false","false","CANONICAL_COMMODITY_RECONCILIATION.md; evidence/selected/CANONICAL_COVERAGE.json","Domestic FEC closure cannot determine international bunker or absent commodity coverage; preserve explicit source/representation gap","Exact memo/absent source account or explicit bounded coverage choice; cached parents need not be supplied again","ORIGINAL_SOURCE_COMBINATION"
"KH:2019:InternationalShippingBunker:oil","KH","InternationalShippingBunker","oil","KNOWN_NEC_ENERGY_RETAINED_SECTOR_SPLIT_UNRESOLVED","SOURCE_OR_COVERAGE_STILL_PENDING","[""KH:2050:Bunker:InternationalShippingBunker:oil""]","[""KH:2050:Bunker:InternationalShippingBunker:oil""]","1","false","false","CANONICAL_COMMODITY_RECONCILIATION.md; evidence/selected/CANONICAL_COVERAGE.json","Domestic FEC closure cannot determine international bunker or absent commodity coverage; preserve explicit source/representation gap","Exact memo/absent source account or explicit bounded coverage choice; cached parents need not be supplied again","ORIGINAL_SOURCE_COMBINATION"
"LA:2019:ResidentialFuel:gas","LA","ResidentialFuel","gas","SOURCE_FAMILY_NOT_PRESENT_IN_CACHED_EXPORT","SOURCE_OR_COVERAGE_STILL_PENDING","[""LA:2050:Buildings:ResidentialFuel:gas""]","[""LA:2050:Buildings:ResidentialFuel:gas""]","1","false","false","CANONICAL_COMMODITY_RECONCILIATION.md; evidence/selected/CANONICAL_COVERAGE.json","Domestic FEC closure cannot determine international bunker or absent commodity coverage; preserve explicit source/representation gap","Exact memo/absent source account or explicit bounded coverage choice; cached parents need not be supplied again","ORIGINAL_SOURCE_COMBINATION"
"LA:2019:ServicesFuel:gas","LA","ServicesFuel","gas","SOURCE_FAMILY_NOT_PRESENT_IN_CACHED_EXPORT","SOURCE_OR_COVERAGE_STILL_PENDING","[""LA:2050:Buildings:ServicesFuel:gas""]","[""LA:2050:Buildings:ServicesFuel:gas""]","1","false","false","CANONICAL_COMMODITY_RECONCILIATION.md; evidence/selected/CANONICAL_COVERAGE.json","Domestic FEC closure cannot determine international bunker or absent commodity coverage; preserve explicit source/representation gap","Exact memo/absent source account or explicit bounded coverage choice; cached parents need not be supplied again","ORIGINAL_SOURCE_COMBINATION"
"LA:2019:IndustryFinalEnergy:gas","LA","IndustryFinalEnergy","gas","SOURCE_FAMILY_NOT_PRESENT_IN_CACHED_EXPORT","SOURCE_OR_COVERAGE_STILL_PENDING","[""LA:2050:Industry:IndustryFinalEnergy:gas""]","[""LA:2050:Industry:IndustryFinalEnergy:gas""]","1","false","false","CANONICAL_COMMODITY_RECONCILIATION.md; evidence/selected/CANONICAL_COVERAGE.json","Domestic FEC closure cannot determine international bunker or absent commodity coverage; preserve explicit source/representation gap","Exact memo/absent source account or explicit bounded coverage choice; cached parents need not be supplied again","ORIGINAL_SOURCE_COMBINATION"
"LA:2019:RoadResidualFuel:gas","LA","RoadResidualFuel","gas","SOURCE_FAMILY_NOT_PRESENT_IN_CACHED_EXPORT","SOURCE_OR_COVERAGE_STILL_PENDING","[""LA:2050:Transport:RoadResidualFuel:gas""]","[""LA:2050:Transport:RoadResidualFuel:gas""]","1","false","false","CANONICAL_COMMODITY_RECONCILIATION.md; evidence/selected/CANONICAL_COVERAGE.json","Domestic FEC closure cannot determine international bunker or absent commodity coverage; preserve explicit source/representation gap","Exact memo/absent source account or explicit bounded coverage choice; cached parents need not be supplied again","ORIGINAL_SOURCE_COMBINATION"
"LA:2019:TransportEmbeddedFuelParent:unclassified_fuel","LA","TransportEmbeddedFuelParent","unclassified_fuel","KNOWN_NEC_ENERGY_RETAINED_SECTOR_SPLIT_UNRESOLVED","CLOSED_EXISTING_BOUNDED_SOURCE_RULE","[""LA:2050:Transport:TransportEmbeddedFuelParent:unclassified_fuel""]","[]","0","false","false","CANONICAL_COMMODITY_RECONCILIATION.md; evidence/selected/CANONICAL_COVERAGE.json","Original FEC fully exhausted by mutually exclusive canonical commodity leaves; old unclassified carrier scope bug repaired; no positive quantity removed","No new physical Load; retain bounded coverage record","ORIGINAL_SOURCE_COMBINATION"
"LA:2019:InternationalShippingBunker:oil","LA","InternationalShippingBunker","oil","KNOWN_NEC_ENERGY_RETAINED_SECTOR_SPLIT_UNRESOLVED","SOURCE_OR_COVERAGE_STILL_PENDING","[""LA:2050:Bunker:InternationalShippingBunker:oil""]","[""LA:2050:Bunker:InternationalShippingBunker:oil""]","1","false","false","CANONICAL_COMMODITY_RECONCILIATION.md; evidence/selected/CANONICAL_COVERAGE.json","Domestic FEC closure cannot determine international bunker or absent commodity coverage; preserve explicit source/representation gap","Exact memo/absent source account or explicit bounded coverage choice; cached parents need not be supplied again","ORIGINAL_SOURCE_COMBINATION"
"MM:2019:DomesticShippingFuel:oil","MM","DomesticShippingFuel","oil","KNOWN_NEC_ENERGY_RETAINED_SECTOR_SPLIT_UNRESOLVED","SOURCE_OR_COVERAGE_STILL_PENDING","[""MM:2050:Transport:DomesticShippingFuel:oil""]","[""MM:2050:Transport:DomesticShippingFuel:oil""]","1","false","false","CANONICAL_COMMODITY_RECONCILIATION.md; evidence/selected/CANONICAL_COVERAGE.json","Domestic FEC closure cannot determine international bunker or absent commodity coverage; preserve explicit source/representation gap","Exact memo/absent source account or explicit bounded coverage choice; cached parents need not be supplied again","ORIGINAL_SOURCE_COMBINATION"
"MY:2019:TransportEmbeddedFuelParent:unclassified_fuel","MY","TransportEmbeddedFuelParent","unclassified_fuel","KNOWN_NEC_ENERGY_RETAINED_SECTOR_SPLIT_UNRESOLVED","CLOSED_EXISTING_BOUNDED_SOURCE_RULE","[""MY:2050:Transport:TransportEmbeddedFuelParent:unclassified_fuel""]","[]","0","false","false","CANONICAL_COMMODITY_RECONCILIATION.md; evidence/selected/CANONICAL_COVERAGE.json","Original FEC fully exhausted by mutually exclusive canonical commodity leaves; old unclassified carrier scope bug repaired; no positive quantity removed","No new physical Load; retain bounded coverage record","ORIGINAL_SOURCE_COMBINATION"
"SG:2019:TransportEmbeddedFuelParent:unclassified_fuel","SG","TransportEmbeddedFuelParent","unclassified_fuel","KNOWN_NEC_ENERGY_RETAINED_SECTOR_SPLIT_UNRESOLVED","CLOSED_EXISTING_BOUNDED_SOURCE_RULE","[""SG:2050:Transport:TransportEmbeddedFuelParent:unclassified_fuel""]","[]","0","false","false","CANONICAL_COMMODITY_RECONCILIATION.md; evidence/selected/CANONICAL_COVERAGE.json","Original FEC fully exhausted by mutually exclusive canonical commodity leaves; old unclassified carrier scope bug repaired; no positive quantity removed","No new physical Load; retain bounded coverage record","ORIGINAL_SOURCE_COMBINATION"
"TL:2019:ResidentialFuel:oil","TL","ResidentialFuel","oil","KNOWN_NEC_ENERGY_RETAINED_SECTOR_SPLIT_UNRESOLVED","SOURCE_OR_COVERAGE_STILL_PENDING","[""TL:2050:Buildings:ResidentialFuel:oil""]","[""TL:2050:Buildings:ResidentialFuel:oil""]","1","false","false","CANONICAL_COMMODITY_RECONCILIATION.md; evidence/selected/CANONICAL_COVERAGE.json","Domestic FEC closure cannot determine international bunker or absent commodity coverage; preserve explicit source/representation gap","Exact memo/absent source account or explicit bounded coverage choice; cached parents need not be supplied again","ORIGINAL_SOURCE_COMBINATION"
"TL:2019:ResidentialFuel:gas","TL","ResidentialFuel","gas","SOURCE_TRANSACTION_NOT_REPORTED_IN_CACHED_EXPORT","SOURCE_OR_COVERAGE_STILL_PENDING","[""TL:2050:Buildings:ResidentialFuel:gas""]","[""TL:2050:Buildings:ResidentialFuel:gas""]","1","false","false","CANONICAL_COMMODITY_RECONCILIATION.md; evidence/selected/CANONICAL_COVERAGE.json","Domestic FEC closure cannot determine international bunker or absent commodity coverage; preserve explicit source/representation gap","Exact memo/absent source account or explicit bounded coverage choice; cached parents need not be supplied again","ORIGINAL_SOURCE_COMBINATION"
"TL:2019:ResidentialFuel:coal","TL","ResidentialFuel","coal","SOURCE_FAMILY_NOT_PRESENT_IN_CACHED_EXPORT","SOURCE_OR_COVERAGE_STILL_PENDING","[""TL:2050:Buildings:ResidentialFuel:coal""]","[""TL:2050:Buildings:ResidentialFuel:coal""]","1","false","false","CANONICAL_COMMODITY_RECONCILIATION.md; evidence/selected/CANONICAL_COVERAGE.json","Domestic FEC closure cannot determine international bunker or absent commodity coverage; preserve explicit source/representation gap","Exact memo/absent source account or explicit bounded coverage choice; cached parents need not be supplied again","ORIGINAL_SOURCE_COMBINATION"
"TL:2019:ServicesFuel:oil","TL","ServicesFuel","oil","KNOWN_NEC_ENERGY_RETAINED_SECTOR_SPLIT_UNRESOLVED","SOURCE_OR_COVERAGE_STILL_PENDING","[""TL:2050:Buildings:ServicesFuel:oil""]","[""TL:2050:Buildings:ServicesFuel:oil""]","1","false","false","CANONICAL_COMMODITY_RECONCILIATION.md; evidence/selected/CANONICAL_COVERAGE.json","Domestic FEC closure cannot determine international bunker or absent commodity coverage; preserve explicit source/representation gap","Exact memo/absent source account or explicit bounded coverage choice; cached parents need not be supplied again","ORIGINAL_SOURCE_COMBINATION"
"TL:2019:ServicesFuel:gas","TL","ServicesFuel","gas","SOURCE_TRANSACTION_NOT_REPORTED_IN_CACHED_EXPORT","SOURCE_OR_COVERAGE_STILL_PENDING","[""TL:2050:Buildings:ServicesFuel:gas""]","[""TL:2050:Buildings:ServicesFuel:gas""]","1","false","false","CANONICAL_COMMODITY_RECONCILIATION.md; evidence/selected/CANONICAL_COVERAGE.json","Domestic FEC closure cannot determine international bunker or absent commodity coverage; preserve explicit source/representation gap","Exact memo/absent source account or explicit bounded coverage choice; cached parents need not be supplied again","ORIGINAL_SOURCE_COMBINATION"
"TL:2019:ServicesFuel:coal","TL","ServicesFuel","coal","SOURCE_FAMILY_NOT_PRESENT_IN_CACHED_EXPORT","SOURCE_OR_COVERAGE_STILL_PENDING","[""TL:2050:Buildings:ServicesFuel:coal""]","[""TL:2050:Buildings:ServicesFuel:coal""]","1","false","false","CANONICAL_COMMODITY_RECONCILIATION.md; evidence/selected/CANONICAL_COVERAGE.json","Domestic FEC closure cannot determine international bunker or absent commodity coverage; preserve explicit source/representation gap","Exact memo/absent source account or explicit bounded coverage choice; cached parents need not be supplied again","ORIGINAL_SOURCE_COMBINATION"
"TL:2019:AgricultureFinalEnergy:oil","TL","AgricultureFinalEnergy","oil","KNOWN_NEC_ENERGY_RETAINED_SECTOR_SPLIT_UNRESOLVED","SOURCE_OR_COVERAGE_STILL_PENDING","[""TL:2050:Agriculture:AgricultureFinalEnergy:oil""]","[""TL:2050:Agriculture:AgricultureFinalEnergy:oil""]","1","false","false","CANONICAL_COMMODITY_RECONCILIATION.md; evidence/selected/CANONICAL_COVERAGE.json","Domestic FEC closure cannot determine international bunker or absent commodity coverage; preserve explicit source/representation gap","Exact memo/absent source account or explicit bounded coverage choice; cached parents need not be supplied again","ORIGINAL_SOURCE_COMBINATION"
"TL:2019:AgricultureFinalEnergy:coal","TL","AgricultureFinalEnergy","coal","SOURCE_FAMILY_NOT_PRESENT_IN_CACHED_EXPORT","SOURCE_OR_COVERAGE_STILL_PENDING","[""TL:2050:Agriculture:AgricultureFinalEnergy:coal""]","[""TL:2050:Agriculture:AgricultureFinalEnergy:coal""]","1","false","false","CANONICAL_COMMODITY_RECONCILIATION.md; evidence/selected/CANONICAL_COVERAGE.json","Domestic FEC closure cannot determine international bunker or absent commodity coverage; preserve explicit source/representation gap","Exact memo/absent source account or explicit bounded coverage choice; cached parents need not be supplied again","ORIGINAL_SOURCE_COMBINATION"
"TL:2019:RoadResidualFuel:gas","TL","RoadResidualFuel","gas","SOURCE_TRANSACTION_NOT_REPORTED_IN_CACHED_EXPORT","SOURCE_OR_COVERAGE_STILL_PENDING","[""TL:2050:Transport:RoadResidualFuel:gas""]","[""TL:2050:Transport:RoadResidualFuel:gas""]","1","false","false","CANONICAL_COMMODITY_RECONCILIATION.md; evidence/selected/CANONICAL_COVERAGE.json","Domestic FEC closure cannot determine international bunker or absent commodity coverage; preserve explicit source/representation gap","Exact memo/absent source account or explicit bounded coverage choice; cached parents need not be supplied again","ORIGINAL_SOURCE_COMBINATION"
"TL:2019:TransportEmbeddedFuelParent:unclassified_fuel","TL","TransportEmbeddedFuelParent","unclassified_fuel","KNOWN_NEC_ENERGY_RETAINED_SECTOR_SPLIT_UNRESOLVED","SOURCE_OR_COVERAGE_STILL_PENDING","[""TL:2050:Transport:TransportEmbeddedFuelParent:unclassified_fuel""]","[""TL:2050:Transport:TransportEmbeddedFuelParent:unclassified_fuel""]","1","false","false","CANONICAL_COMMODITY_RECONCILIATION.md; evidence/selected/CANONICAL_COVERAGE.json","Domestic FEC closure cannot determine international bunker or absent commodity coverage; preserve explicit source/representation gap","Exact memo/absent source account or explicit bounded coverage choice; cached parents need not be supplied again","ORIGINAL_SOURCE_COMBINATION"
"TL:2019:DomesticShippingFuel:oil","TL","DomesticShippingFuel","oil","KNOWN_NEC_ENERGY_RETAINED_SECTOR_SPLIT_UNRESOLVED","SOURCE_OR_COVERAGE_STILL_PENDING","[""TL:2050:Transport:DomesticShippingFuel:oil""]","[""TL:2050:Transport:DomesticShippingFuel:oil""]","1","false","false","CANONICAL_COMMODITY_RECONCILIATION.md; evidence/selected/CANONICAL_COVERAGE.json","Domestic FEC closure cannot determine international bunker or absent commodity coverage; preserve explicit source/representation gap","Exact memo/absent source account or explicit bounded coverage choice; cached parents need not be supplied again","ORIGINAL_SOURCE_COMBINATION"
"TL:2019:InternationalShippingBunker:oil","TL","InternationalShippingBunker","oil","KNOWN_NEC_ENERGY_RETAINED_SECTOR_SPLIT_UNRESOLVED","SOURCE_OR_COVERAGE_STILL_PENDING","[""TL:2050:Bunker:InternationalShippingBunker:oil""]","[""TL:2050:Bunker:InternationalShippingBunker:oil""]","1","false","false","CANONICAL_COMMODITY_RECONCILIATION.md; evidence/selected/CANONICAL_COVERAGE.json","Domestic FEC closure cannot determine international bunker or absent commodity coverage; preserve explicit source/representation gap","Exact memo/absent source account or explicit bounded coverage choice; cached parents need not be supplied again","ORIGINAL_SOURCE_COMBINATION"
"VN:2019:TransportEmbeddedFuelParent:unclassified_fuel","VN","TransportEmbeddedFuelParent","unclassified_fuel","KNOWN_NEC_ENERGY_RETAINED_SECTOR_SPLIT_UNRESOLVED","CLOSED_EXISTING_BOUNDED_SOURCE_RULE","[""VN:2050:Transport:TransportEmbeddedFuelParent:unclassified_fuel""]","[]","0","false","false","CANONICAL_COMMODITY_RECONCILIATION.md; evidence/selected/CANONICAL_COVERAGE.json","Original FEC fully exhausted by mutually exclusive canonical commodity leaves; old unclassified carrier scope bug repaired; no positive quantity removed","No new physical Load; retain bounded coverage record","ORIGINAL_SOURCE_COMBINATION"
"","ID","ServicesFuel","biomass","OTHER_EXISTING_PENDING_ACCOUNT_OUTSIDE_ORIGINAL33","SOURCE_OR_COVERAGE_STILL_PENDING","[""ID:2050:Buildings:ServicesFuel:biomass""]","[""ID:2050:Buildings:ServicesFuel:biomass""]","1","false","false","CANONICAL_COMMODITY_RECONCILIATION.md; evidence/selected/CANONICAL_COVERAGE.json","Domestic FEC closure cannot determine international bunker or absent commodity coverage; preserve explicit source/representation gap","Exact memo/absent source account or explicit bounded coverage choice; cached parents need not be supplied again","OTHER_PENDING_TARGET_OUTSIDE_ORIGINAL33"
"","ID","ServicesFuel","oil","OTHER_EXISTING_PENDING_ACCOUNT_OUTSIDE_ORIGINAL33","SOURCE_OR_COVERAGE_STILL_PENDING","[""ID:2050:Buildings:ServicesFuel:oil""]","[""ID:2050:Buildings:ServicesFuel:oil""]","1","false","false","CANONICAL_COMMODITY_RECONCILIATION.md; evidence/selected/CANONICAL_COVERAGE.json","Domestic FEC closure cannot determine international bunker or absent commodity coverage; preserve explicit source/representation gap","Exact memo/absent source account or explicit bounded coverage choice; cached parents need not be supplied again","OTHER_PENDING_TARGET_OUTSIDE_ORIGINAL33"
"","ID","IndustryFinalEnergy","biomass","OTHER_EXISTING_PENDING_ACCOUNT_OUTSIDE_ORIGINAL33","SOURCE_OR_COVERAGE_STILL_PENDING","[""ID:2050:Industry:IndustryFinalEnergy:biomass""]","[""ID:2050:Industry:IndustryFinalEnergy:biomass""]","1","false","false","CANONICAL_COMMODITY_RECONCILIATION.md; evidence/selected/CANONICAL_COVERAGE.json","Domestic FEC closure cannot determine international bunker or absent commodity coverage; preserve explicit source/representation gap","Exact memo/absent source account or explicit bounded coverage choice; cached parents need not be supplied again","OTHER_PENDING_TARGET_OUTSIDE_ORIGINAL33"
"","ID","IndustryFinalEnergy","oil","OTHER_EXISTING_PENDING_ACCOUNT_OUTSIDE_ORIGINAL33","SOURCE_OR_COVERAGE_STILL_PENDING","[""ID:2050:Industry:IndustryFinalEnergy:oil""]","[""ID:2050:Industry:IndustryFinalEnergy:oil""]","1","false","false","CANONICAL_COMMODITY_RECONCILIATION.md; evidence/selected/CANONICAL_COVERAGE.json","Domestic FEC closure cannot determine international bunker or absent commodity coverage; preserve explicit source/representation gap","Exact memo/absent source account or explicit bounded coverage choice; cached parents need not be supplied again","OTHER_PENDING_TARGET_OUTSIDE_ORIGINAL33"
"","ID","RoadResidualFuel","biomass","OTHER_EXISTING_PENDING_ACCOUNT_OUTSIDE_ORIGINAL33","SOURCE_OR_COVERAGE_STILL_PENDING","[""ID:2050:Transport:RoadResidualFuel:biomass""]","[""ID:2050:Transport:RoadResidualFuel:biomass""]","1","false","false","CANONICAL_COMMODITY_RECONCILIATION.md; evidence/selected/CANONICAL_COVERAGE.json","Domestic FEC closure cannot determine international bunker or absent commodity coverage; preserve explicit source/representation gap","Exact memo/absent source account or explicit bounded coverage choice; cached parents need not be supplied again","OTHER_PENDING_TARGET_OUTSIDE_ORIGINAL33"
"","ID","RoadResidualFuel","oil","OTHER_EXISTING_PENDING_ACCOUNT_OUTSIDE_ORIGINAL33","SOURCE_OR_COVERAGE_STILL_PENDING","[""ID:2050:Transport:RoadResidualFuel:oil""]","[""ID:2050:Transport:RoadResidualFuel:oil""]","1","false","false","CANONICAL_COMMODITY_RECONCILIATION.md; evidence/selected/CANONICAL_COVERAGE.json","Domestic FEC closure cannot determine international bunker or absent commodity coverage; preserve explicit source/representation gap","Exact memo/absent source account or explicit bounded coverage choice; cached parents need not be supplied again","OTHER_PENDING_TARGET_OUTSIDE_ORIGINAL33"
"","PH","AgricultureFinalEnergy","biomass","OTHER_EXISTING_PENDING_ACCOUNT_OUTSIDE_ORIGINAL33","SOURCE_OR_COVERAGE_STILL_PENDING","[""PH:2050:Agriculture:AgricultureFinalEnergy:biomass""]","[""PH:2050:Agriculture:AgricultureFinalEnergy:biomass""]","1","false","false","CANONICAL_COMMODITY_RECONCILIATION.md; evidence/selected/CANONICAL_COVERAGE.json","Domestic FEC closure cannot determine international bunker or absent commodity coverage; preserve explicit source/representation gap","Exact memo/absent source account or explicit bounded coverage choice; cached parents need not be supplied again","OTHER_PENDING_TARGET_OUTSIDE_ORIGINAL33"
"","PH","AgricultureFinalEnergy","oil","OTHER_EXISTING_PENDING_ACCOUNT_OUTSIDE_ORIGINAL33","SOURCE_OR_COVERAGE_STILL_PENDING","[""PH:2050:Agriculture:AgricultureFinalEnergy:oil""]","[""PH:2050:Agriculture:AgricultureFinalEnergy:oil""]","1","false","false","CANONICAL_COMMODITY_RECONCILIATION.md; evidence/selected/CANONICAL_COVERAGE.json","Domestic FEC closure cannot determine international bunker or absent commodity coverage; preserve explicit source/representation gap","Exact memo/absent source account or explicit bounded coverage choice; cached parents need not be supplied again","OTHER_PENDING_TARGET_OUTSIDE_ORIGINAL33"
"","PH","ServicesFuel","biomass","OTHER_EXISTING_PENDING_ACCOUNT_OUTSIDE_ORIGINAL33","SOURCE_OR_COVERAGE_STILL_PENDING","[""PH:2050:Buildings:ServicesFuel:biomass""]","[""PH:2050:Buildings:ServicesFuel:biomass""]","1","false","false","CANONICAL_COMMODITY_RECONCILIATION.md; evidence/selected/CANONICAL_COVERAGE.json","Domestic FEC closure cannot determine international bunker or absent commodity coverage; preserve explicit source/representation gap","Exact memo/absent source account or explicit bounded coverage choice; cached parents need not be supplied again","OTHER_PENDING_TARGET_OUTSIDE_ORIGINAL33"
"","PH","ServicesFuel","oil","OTHER_EXISTING_PENDING_ACCOUNT_OUTSIDE_ORIGINAL33","SOURCE_OR_COVERAGE_STILL_PENDING","[""PH:2050:Buildings:ServicesFuel:oil""]","[""PH:2050:Buildings:ServicesFuel:oil""]","1","false","false","CANONICAL_COMMODITY_RECONCILIATION.md; evidence/selected/CANONICAL_COVERAGE.json","Domestic FEC closure cannot determine international bunker or absent commodity coverage; preserve explicit source/representation gap","Exact memo/absent source account or explicit bounded coverage choice; cached parents need not be supplied again","OTHER_PENDING_TARGET_OUTSIDE_ORIGINAL33"
"","PH","IndustryFinalEnergy","biomass","OTHER_EXISTING_PENDING_ACCOUNT_OUTSIDE_ORIGINAL33","SOURCE_OR_COVERAGE_STILL_PENDING","[""PH:2050:Industry:IndustryFinalEnergy:biomass""]","[""PH:2050:Industry:IndustryFinalEnergy:biomass""]","1","false","false","CANONICAL_COMMODITY_RECONCILIATION.md; evidence/selected/CANONICAL_COVERAGE.json","Domestic FEC closure cannot determine international bunker or absent commodity coverage; preserve explicit source/representation gap","Exact memo/absent source account or explicit bounded coverage choice; cached parents need not be supplied again","OTHER_PENDING_TARGET_OUTSIDE_ORIGINAL33"
"","PH","IndustryFinalEnergy","oil","OTHER_EXISTING_PENDING_ACCOUNT_OUTSIDE_ORIGINAL33","SOURCE_OR_COVERAGE_STILL_PENDING","[""PH:2050:Industry:IndustryFinalEnergy:oil""]","[""PH:2050:Industry:IndustryFinalEnergy:oil""]","1","false","false","CANONICAL_COMMODITY_RECONCILIATION.md; evidence/selected/CANONICAL_COVERAGE.json","Domestic FEC closure cannot determine international bunker or absent commodity coverage; preserve explicit source/representation gap","Exact memo/absent source account or explicit bounded coverage choice; cached parents need not be supplied again","OTHER_PENDING_TARGET_OUTSIDE_ORIGINAL33"
"","PH","RoadResidualFuel","biomass","OTHER_EXISTING_PENDING_ACCOUNT_OUTSIDE_ORIGINAL33","SOURCE_OR_COVERAGE_STILL_PENDING","[""PH:2050:Transport:RoadResidualFuel:biomass""]","[""PH:2050:Transport:RoadResidualFuel:biomass""]","1","false","false","CANONICAL_COMMODITY_RECONCILIATION.md; evidence/selected/CANONICAL_COVERAGE.json","Domestic FEC closure cannot determine international bunker or absent commodity coverage; preserve explicit source/representation gap","Exact memo/absent source account or explicit bounded coverage choice; cached parents need not be supplied again","OTHER_PENDING_TARGET_OUTSIDE_ORIGINAL33"
"","PH","RoadResidualFuel","oil","OTHER_EXISTING_PENDING_ACCOUNT_OUTSIDE_ORIGINAL33","SOURCE_OR_COVERAGE_STILL_PENDING","[""PH:2050:Transport:RoadResidualFuel:oil""]","[""PH:2050:Transport:RoadResidualFuel:oil""]","1","false","false","CANONICAL_COMMODITY_RECONCILIATION.md; evidence/selected/CANONICAL_COVERAGE.json","Domestic FEC closure cannot determine international bunker or absent commodity coverage; preserve explicit source/representation gap","Exact memo/absent source account or explicit bounded coverage choice; cached parents need not be supplied again","OTHER_PENDING_TARGET_OUTSIDE_ORIGINAL33"
"","VN","RoadResidualFuel","biomass","OTHER_EXISTING_PENDING_ACCOUNT_OUTSIDE_ORIGINAL33","SOURCE_OR_COVERAGE_STILL_PENDING","[""VN:2050:Transport:RoadResidualFuel:biomass""]","[""VN:2050:Transport:RoadResidualFuel:biomass""]","1","false","false","CANONICAL_COMMODITY_RECONCILIATION.md; evidence/selected/CANONICAL_COVERAGE.json","Domestic FEC closure cannot determine international bunker or absent commodity coverage; preserve explicit source/representation gap","Exact memo/absent source account or explicit bounded coverage choice; cached parents need not be supplied again","OTHER_PENDING_TARGET_OUTSIDE_ORIGINAL33"
"","VN","RoadResidualFuel","oil","OTHER_EXISTING_PENDING_ACCOUNT_OUTSIDE_ORIGINAL33","SOURCE_OR_COVERAGE_STILL_PENDING","[""VN:2050:Transport:RoadResidualFuel:oil""]","[""VN:2050:Transport:RoadResidualFuel:oil""]","1","false","false","CANONICAL_COMMODITY_RECONCILIATION.md; evidence/selected/CANONICAL_COVERAGE.json","Domestic FEC closure cannot determine international bunker or absent commodity coverage; preserve explicit source/representation gap","Exact memo/absent source account or explicit bounded coverage choice; cached parents need not be supplied again","OTHER_PENDING_TARGET_OUTSIDE_ORIGINAL33"
"","PH","RailNonElectric","biomass","OTHER_EXISTING_PENDING_ACCOUNT_OUTSIDE_ORIGINAL33","SOURCE_OR_COVERAGE_STILL_PENDING","[""PH:2050:Transport:RailNonElectric:biomass""]","[""PH:2050:Transport:RailNonElectric:biomass""]","1","false","false","CANONICAL_COMMODITY_RECONCILIATION.md; evidence/selected/CANONICAL_COVERAGE.json","Domestic FEC closure cannot determine international bunker or absent commodity coverage; preserve explicit source/representation gap","Exact memo/absent source account or explicit bounded coverage choice; cached parents need not be supplied again","OTHER_PENDING_TARGET_OUTSIDE_ORIGINAL33"
"","PH","RailNonElectric","oil","OTHER_EXISTING_PENDING_ACCOUNT_OUTSIDE_ORIGINAL33","SOURCE_OR_COVERAGE_STILL_PENDING","[""PH:2050:Transport:RailNonElectric:oil""]","[""PH:2050:Transport:RailNonElectric:oil""]","1","false","false","CANONICAL_COMMODITY_RECONCILIATION.md; evidence/selected/CANONICAL_COVERAGE.json","Domestic FEC closure cannot determine international bunker or absent commodity coverage; preserve explicit source/representation gap","Exact memo/absent source account or explicit bounded coverage choice; cached parents need not be supplied again","OTHER_PENDING_TARGET_OUTSIDE_ORIGINAL33"
