"ModeID","Mode","Classification","ClassificationScope","UConfig","FrameworkComponents","UFinalPrediction","UActualFinalNetwork","Author2025_2050Observed","Tutorial2030Observed","DemandDefinition","Carrier","Limitation","Evidence","NumericAcceptance"
"ROAD_AGG","Aggregate land EV","EXPLICIT_CURRENT","Observed author final when EXPLICIT_CURRENT; otherwise inspected framework/account aggregation","true; EV share>0 after2020","EV Bus/Load + charger/V2G; Store in constructor","EV/charger/V2G kept; EV Store stripped","UNKNOWN_NOT_BUILT_THIS_PHASE","98 EV +98 charger +98 V2G; EV Store0","ABSENT: tutorial land=false","road final energy + non-electric rail energy proxy","electricity","No passenger/freight separation; not verified useful mobility","evidence/source/U/scripts/prepare_sector_network.py:2311–2550; NETWORK_TRANSPORT_EVIDENCE.json","PENDING"
"ROAD_PASS","Road passenger","EMBEDDED","Observed author final when EXPLICIT_CURRENT; otherwise inspected framework/account aggregation","aggregate land enabled","No separate passenger component","Inside unresolved aggregate road demand","UNKNOWN_NOT_BUILT_THIS_PHASE","No distinct passenger Load","No land aggregate","Unsplit aggregate final energy","mixed","No passenger-km or occupancy factor; independent quantity UNKNOWN","evidence/source/U/scripts/prepare_sector_network.py:2311–2550; NETWORK_TRANSPORT_EVIDENCE.json","PENDING"
"ROAD_FREIGHT","Road freight","EMBEDDED","Observed author final when EXPLICIT_CURRENT; otherwise inspected framework/account aggregation","aggregate land enabled","No separate freight component","Inside unresolved aggregate road demand","UNKNOWN_NOT_BUILT_THIS_PHASE","No distinct freight Load","No land aggregate","Unsplit aggregate final energy","mixed","No tonne-km or load factor; independent quantity UNKNOWN","evidence/source/U/scripts/prepare_sector_network.py:2311–2550; NETWORK_TRANSPORT_EVIDENCE.json","PENDING"
"ROAD_ICE","Road ICE","SUPPORTED_NOT_ACTIVE","Observed author final when EXPLICIT_CURRENT; otherwise inspected framework/account aggregation","residual share=1-EV-FCEV","Fixed oil Load + CO2 Load","Stripped","UNKNOWN_NOT_BUILT_THIS_PHASE","ABSENT","ABSENT","q/specified efficiency × residual share","oil","Share exogenous; zero2050 residual does not validate source chain","evidence/source/U/scripts/prepare_sector_network.py:2520–2548; NETWORK_TRANSPORT_EVIDENCE.json","PENDING"
"ROAD_FCEV","Road FCEV","SUPPORTED_NOT_ACTIVE","Observed author final when EXPLICIT_CURRENT; otherwise inspected framework/account aggregation","DEC share0","Fixed H2 Load if share>0","Stripped if constructed","UNKNOWN_NOT_BUILT_THIS_PHASE","ABSENT","ABSENT","q/specified fuel-cell efficiency × share","H2","No endogenous vehicle choice","evidence/source/U/scripts/prepare_sector_network.py:2504–2518; NETWORK_TRANSPORT_EVIDENCE.json","PENDING"
"RAIL_E","Rail electricity","EXPLICIT_CURRENT","Observed author final when EXPLICIT_CURRENT; otherwise inspected framework/account aggregation","true","Fixed electricity Load","Kept","UNKNOWN_NOT_BUILT_THIS_PHASE","98 Loads both samples","48 Loads pre and final","UNSD final electricity TWh/year","electricity","No parent-electricity subtraction","evidence/source/U/scripts/prepare_sector_network.py:3696–3739; NETWORK_TRANSPORT_EVIDENCE.json","PENDING"
"RAIL_O","Rail non-electric","SUPPORTED_NOT_ACTIVE","Observed author final when EXPLICIT_CURRENT; otherwise inspected framework/account aggregation","true","Fixed oil Load","Stripped","UNKNOWN_NOT_BUILT_THIS_PHASE","ABSENT","48 pre;0 final","total rail minus electricity rail","oil","Land overlap and CO2 omission risk","evidence/source/U/scripts/prepare_sector_network.py:3696–3739; NETWORK_TRANSPORT_EVIDENCE.json","PENDING"
"SHIP_DOM","Domestic shipping","SUPPORTED_NOT_ACTIVE","Observed author final when EXPLICIT_CURRENT; otherwise inspected framework/account aggregation","true","Combined domestic+international oil/H2 Loads","Stripped","UNKNOWN_NOT_BUILT_THIS_PHASE","ABSENT","Combined demand present pre;removed final","UNSD final fuel TWh/year","oil;H2","Domestic not independent node Load; no service fleet","evidence/source/U/scripts/prepare_sector_network.py:1683–1850; NETWORK_TRANSPORT_EVIDENCE.json","PENDING"
"SHIP_INT","International shipping","SUPPORTED_NOT_ACTIVE","Observed author final when EXPLICIT_CURRENT; otherwise inspected framework/account aggregation","true; bunkers flag does not disable demand","Combined fuel Loads","Stripped","UNKNOWN_NOT_BUILT_THIS_PHASE","ABSENT","Combined demand present pre;removed final","UNSD international marine bunkers TWh/year","oil;H2","Bunker obligation/accounting requires decision","evidence/source/U/scripts/prepare_sector_network.py:1683–1850; NETWORK_TRANSPORT_EVIDENCE.json","PENDING"
"SHIP_H2","Shipping hydrogen","SUPPORTED_NOT_ACTIVE","Observed author final when EXPLICIT_CURRENT; otherwise inspected framework/account aggregation","DEC share0; liquefaction=false","H2 Load; optional liquefaction Link","Stripped","UNKNOWN_NOT_BUILT_THIS_PHASE","ABSENT","47 structural zero +1 NaN pre;0 final","Exogenous share and efficiency conversion","H2","No endogenous ship fuel choice","evidence/source/U/scripts/prepare_sector_network.py:1733–1785; NETWORK_TRANSPORT_EVIDENCE.json","PENDING"
"AVI_DOM","Domestic aviation","SUPPORTED_NOT_ACTIVE","Observed author final when EXPLICIT_CURRENT; otherwise inspected framework/account aggregation","true","Combined kerosene-labelled oil Load","Stripped","UNKNOWN_NOT_BUILT_THIS_PHASE","ABSENT","48 combined Loads pre;0 final","UNSD kerosene-type fuel TWh/year","oil","No passenger/freight/aircraft split","evidence/source/U/scripts/prepare_sector_network.py:1545–1628; NETWORK_TRANSPORT_EVIDENCE.json","PENDING"
"AVI_INT","International aviation","SUPPORTED_NOT_ACTIVE","Observed author final when EXPLICIT_CURRENT; otherwise inspected framework/account aggregation","true; bunkers flag does not disable demand","Combined kerosene-labelled oil Load","Stripped","UNKNOWN_NOT_BUILT_THIS_PHASE","ABSENT","48 combined Loads pre;0 final","UNSD international aviation bunkers TWh/year","oil","Bunker scope and carbon weighting unresolved","evidence/source/U/scripts/prepare_sector_network.py:1545–1628; NETWORK_TRANSPORT_EVIDENCE.json","PENDING"
"FT_SUPPLY","Synthetic oil supply","EXPLICIT_CURRENT","Observed author final when EXPLICIT_CURRENT; otherwise inspected framework/account aggregation","fischer_tropsch=true","Extendable multiport Link H2+CO2+AC to oil","Kept supply path","UNKNOWN_NOT_BUILT_THIS_PHASE","FT supply components present; no transport oil Load","Supply path present; no final transport oil Load","Fuel production; not final mobility demand","H2;CO2;electricity;oil","Existence is not evidence of transport synthetic-fuel use","evidence/source/U/scripts/prepare_sector_network.py:344–380; NETWORK_TRANSPORT_EVIDENCE.json","PENDING"
"NH3_MARINE","Direct ammonia shipping","ABSENT","Observed author final when EXPLICIT_CURRENT; otherwise inspected framework/account aggregation","No dedicated switch/path","Industrial Haber-Bosch/cracker only","No marine ammonia Load","UNKNOWN_NOT_BUILT_THIS_PHASE","ABSENT","ABSENT","No explicit marine demand","ammonia","Industrial NH3 capability is not shipping NH3","evidence/source/U/scripts/prepare_sector_network.py:2146–2235; NETWORK_TRANSPORT_EVIDENCE.json","PENDING"
"METHANOL","Transport methanol","ABSENT","Observed author final when EXPLICIT_CURRENT; otherwise inspected framework/account aggregation","No dedicated path found","Absent in inspected constructor","Absent","UNKNOWN_NOT_BUILT_THIS_PHASE","ABSENT","ABSENT","No mode-specific demand","methanol","Bounded to inspected P/U; no new technology authorized","evidence/source/U/scripts/prepare_sector_network.py:1545–1850; NETWORK_TRANSPORT_EVIDENCE.json","PENDING"
"BIOFUEL","Mode-specific biofuel choice","ABSENT","Observed author final when EXPLICIT_CURRENT; otherwise inspected framework/account aggregation","Generic biomass enabled separately","No dedicated transport blend/choice module","No explicit transport blend","UNKNOWN_NOT_BUILT_THIS_PHASE","ABSENT","ABSENT","Some raw fuels aggregate into total energy","biofuels","Do not infer SAF from generic biomass","evidence/source/U/scripts/prepare_sector_network.py:2311–2550; NETWORK_TRANSPORT_EVIDENCE.json","PENDING"
"EV_STORE","EV DSM storage","SUPPORTED_NOT_ACTIVE","Observed author final when EXPLICIT_CURRENT; otherwise inspected framework/account aggregation","bev_dsm=true","Fixed cyclic Store with SOC restriction","Store carrier not in final whitelist","UNKNOWN_NOT_BUILT_THIS_PHASE","0 EV Stores both samples","0 (land disabled)","cars × battery MWh × participating fraction × EV share","Li ion","Final V2G Link is not cross-time storage","evidence/source/U/scripts/prepare_sector_network.py:2484–2502; NETWORK_TRANSPORT_EVIDENCE.json","PENDING"
"OTHER_E","Other electric transport","UNKNOWN","Observed author final when EXPLICIT_CURRENT; otherwise inspected framework/account aggregation","No separately identified source/account","No distinct audited constructor","Unknown coverage inside parent demand","UNKNOWN_NOT_BUILT_THIS_PHASE","No separately identifiable Load","No separately identifiable Load","UNKNOWN","electricity","Cannot assert zero or claim resolved A* overlap","evidence/source/U/scripts/prepare_sector_network.py:2311–2550; NETWORK_TRANSPORT_EVIDENCE.json","PENDING"
