"ParameterID","Mode","Country","Parameter","SourceClass","SourceName","SourceURL","SourceFile","SourceYear","RawValue","RawUnit","Transformation","PyPSAValue","PyPSAUnit","FinalCandidateValue","Status","HumanConfirmation","EvidenceLocator","Issue"
"BASE_001","road","BN","total road","GLOBAL_HARMONIZED","UNSD energy statistics; retained tutorial cache","https://data.un.org/Explorer.aspx?d=EDATA","evidence/cached_inputs/resources/baseline-aims-3H-tutorial/energy_totals_base.csv","2019","See immutable raw rows; selected count=2","Per original raw row; kt / million kWh / TJ","raw units to TWh, select transaction/commodity, sum and round4; see conversion_comparison","5.134","TWh/year final energy","","UNVERIFIED","PENDING","evidence/CACHED_DEMAND_EVIDENCE.json: conversion_comparison[0], tables.base.BN.total road, raw_rows","Cache conversion matches; completeness/heat-value/source acceptance still pending"
"BASE_002","road","BN","road electricity","GLOBAL_HARMONIZED","UNSD energy statistics; retained tutorial cache","https://data.un.org/Explorer.aspx?d=EDATA","evidence/cached_inputs/resources/baseline-aims-3H-tutorial/energy_totals_base.csv","2019","NO_MATCHING_RAW_OBSERVATION","Per original raw row; kt / million kWh / TJ","raw units to TWh, select transaction/commodity, sum and round4; see conversion_comparison","0.0","TWh/year final energy","","UNVERIFIED","PENDING","evidence/CACHED_DEMAND_EVIDENCE.json: conversion_comparison[1], tables.base.BN.road electricity, raw_rows","ZERO_FROM_EMPTY_SUBSET_NOT_OBSERVED_ZERO"
"BASE_003","road","BN","road gas","GLOBAL_HARMONIZED","UNSD energy statistics; retained tutorial cache","https://data.un.org/Explorer.aspx?d=EDATA","evidence/cached_inputs/resources/baseline-aims-3H-tutorial/energy_totals_base.csv","2019","NO_MATCHING_RAW_OBSERVATION","Per original raw row; kt / million kWh / TJ","raw units to TWh, select transaction/commodity, sum and round4; see conversion_comparison","0.0","TWh/year final energy","","UNVERIFIED","PENDING","evidence/CACHED_DEMAND_EVIDENCE.json: conversion_comparison[2], tables.base.BN.road gas, raw_rows","ZERO_FROM_EMPTY_SUBSET_NOT_OBSERVED_ZERO"
"BASE_004","road","BN","road biomass","GLOBAL_HARMONIZED","UNSD energy statistics; retained tutorial cache","https://data.un.org/Explorer.aspx?d=EDATA","evidence/cached_inputs/resources/baseline-aims-3H-tutorial/energy_totals_base.csv","2019","NO_MATCHING_RAW_OBSERVATION","Per original raw row; kt / million kWh / TJ","raw units to TWh, select transaction/commodity, sum and round4; see conversion_comparison","0.0","TWh/year final energy","","UNVERIFIED","PENDING","evidence/CACHED_DEMAND_EVIDENCE.json: conversion_comparison[3], tables.base.BN.road biomass, raw_rows","ZERO_FROM_EMPTY_SUBSET_NOT_OBSERVED_ZERO"
"BASE_005","road","BN","road oil","GLOBAL_HARMONIZED","UNSD energy statistics; retained tutorial cache","https://data.un.org/Explorer.aspx?d=EDATA","evidence/cached_inputs/resources/baseline-aims-3H-tutorial/energy_totals_base.csv","2019","See immutable raw rows; selected count=2","Per original raw row; kt / million kWh / TJ","raw units to TWh, select transaction/commodity, sum and round4; see conversion_comparison","5.134","TWh/year final energy","","UNVERIFIED","PENDING","evidence/CACHED_DEMAND_EVIDENCE.json: conversion_comparison[4], tables.base.BN.road oil, raw_rows","Cache conversion matches; completeness/heat-value/source acceptance still pending"
"BASE_006","rail","BN","total rail","GLOBAL_HARMONIZED","UNSD energy statistics; retained tutorial cache","https://data.un.org/Explorer.aspx?d=EDATA","evidence/cached_inputs/resources/baseline-aims-3H-tutorial/energy_totals_base.csv","2019","NO_MATCHING_RAW_OBSERVATION","Per original raw row; kt / million kWh / TJ","raw units to TWh, select transaction/commodity, sum and round4; see conversion_comparison","","TWh/year final energy","","UNVERIFIED","PENDING","evidence/CACHED_DEMAND_EVIDENCE.json: conversion_comparison[5], tables.base.BN.total rail, raw_rows","MISSING_NOT_ZERO"
"BASE_007","rail","BN","electricity rail","GLOBAL_HARMONIZED","UNSD energy statistics; retained tutorial cache","https://data.un.org/Explorer.aspx?d=EDATA","evidence/cached_inputs/resources/baseline-aims-3H-tutorial/energy_totals_base.csv","2019","NO_MATCHING_RAW_OBSERVATION","Per original raw row; kt / million kWh / TJ","raw units to TWh, select transaction/commodity, sum and round4; see conversion_comparison","","TWh/year final energy","","UNVERIFIED","PENDING","evidence/CACHED_DEMAND_EVIDENCE.json: conversion_comparison[6], tables.base.BN.electricity rail, raw_rows","MISSING_NOT_ZERO"
"BASE_008","shipping","BN","total domestic navigation","GLOBAL_HARMONIZED","UNSD energy statistics; retained tutorial cache","https://data.un.org/Explorer.aspx?d=EDATA","evidence/cached_inputs/resources/baseline-aims-3H-tutorial/energy_totals_base.csv","2019","NO_MATCHING_RAW_OBSERVATION","Per original raw row; kt / million kWh / TJ","raw units to TWh, select transaction/commodity, sum and round4; see conversion_comparison","","TWh/year final energy","","UNVERIFIED","PENDING","evidence/CACHED_DEMAND_EVIDENCE.json: conversion_comparison[7], tables.base.BN.total domestic navigation, raw_rows","MISSING_NOT_ZERO"
"BASE_009","shipping","BN","total international navigation","GLOBAL_HARMONIZED","UNSD energy statistics; retained tutorial cache","https://data.un.org/Explorer.aspx?d=EDATA","evidence/cached_inputs/resources/baseline-aims-3H-tutorial/energy_totals_base.csv","2019","NO_MATCHING_RAW_OBSERVATION","Per original raw row; kt / million kWh / TJ","raw units to TWh, select transaction/commodity, sum and round4; see conversion_comparison","","TWh/year final energy","","UNVERIFIED","PENDING","evidence/CACHED_DEMAND_EVIDENCE.json: conversion_comparison[8], tables.base.BN.total international navigation, raw_rows","MISSING_NOT_ZERO"
"BASE_010","aviation","BN","total domestic aviation","GLOBAL_HARMONIZED","UNSD energy statistics; retained tutorial cache","https://data.un.org/Explorer.aspx?d=EDATA","evidence/cached_inputs/resources/baseline-aims-3H-tutorial/energy_totals_base.csv","2019","NO_MATCHING_RAW_OBSERVATION","Per original raw row; kt / million kWh / TJ","raw units to TWh, select transaction/commodity, sum and round4; see conversion_comparison","0.0","TWh/year final energy","","UNVERIFIED","PENDING","evidence/CACHED_DEMAND_EVIDENCE.json: conversion_comparison[9], tables.base.BN.total domestic aviation, raw_rows","ZERO_FROM_EMPTY_SUBSET_NOT_OBSERVED_ZERO"
"BASE_011","aviation","BN","total international aviation","GLOBAL_HARMONIZED","UNSD energy statistics; retained tutorial cache","https://data.un.org/Explorer.aspx?d=EDATA","evidence/cached_inputs/resources/baseline-aims-3H-tutorial/energy_totals_base.csv","2019","See immutable raw rows; selected count=1","Per original raw row; kt / million kWh / TJ","raw units to TWh, select transaction/commodity, sum and round4; see conversion_comparison","1.3247","TWh/year final energy","","UNVERIFIED","PENDING","evidence/CACHED_DEMAND_EVIDENCE.json: conversion_comparison[10], tables.base.BN.total international aviation, raw_rows","Cache conversion matches; completeness/heat-value/source acceptance still pending"
"BASE_012","road","ID","total road","GLOBAL_HARMONIZED","UNSD energy statistics; retained tutorial cache","https://data.un.org/Explorer.aspx?d=EDATA","evidence/cached_inputs/resources/baseline-aims-3H-tutorial/energy_totals_base.csv","2019","See immutable raw rows; selected count=4","Per original raw row; kt / million kWh / TJ","raw units to TWh, select transaction/commodity, sum and round4; see conversion_comparison","255.6664","TWh/year final energy","","UNVERIFIED","PENDING","evidence/CACHED_DEMAND_EVIDENCE.json: conversion_comparison[11], tables.base.ID.total road, raw_rows","Cache conversion matches; completeness/heat-value/source acceptance still pending"
"BASE_013","road","ID","road electricity","GLOBAL_HARMONIZED","UNSD energy statistics; retained tutorial cache","https://data.un.org/Explorer.aspx?d=EDATA","evidence/cached_inputs/resources/baseline-aims-3H-tutorial/energy_totals_base.csv","2019","NO_MATCHING_RAW_OBSERVATION","Per original raw row; kt / million kWh / TJ","raw units to TWh, select transaction/commodity, sum and round4; see conversion_comparison","0.0","TWh/year final energy","","UNVERIFIED","PENDING","evidence/CACHED_DEMAND_EVIDENCE.json: conversion_comparison[12], tables.base.ID.road electricity, raw_rows","ZERO_FROM_EMPTY_SUBSET_NOT_OBSERVED_ZERO"
"BASE_014","road","ID","road gas","GLOBAL_HARMONIZED","UNSD energy statistics; retained tutorial cache","https://data.un.org/Explorer.aspx?d=EDATA","evidence/cached_inputs/resources/baseline-aims-3H-tutorial/energy_totals_base.csv","2019","See immutable raw rows; selected count=1","Per original raw row; kt / million kWh / TJ","raw units to TWh, select transaction/commodity, sum and round4; see conversion_comparison","0.7914","TWh/year final energy","","UNVERIFIED","PENDING","evidence/CACHED_DEMAND_EVIDENCE.json: conversion_comparison[13], tables.base.ID.road gas, raw_rows","Cache conversion matches; completeness/heat-value/source acceptance still pending"
"BASE_015","road","ID","road biomass","GLOBAL_HARMONIZED","UNSD energy statistics; retained tutorial cache","https://data.un.org/Explorer.aspx?d=EDATA","evidence/cached_inputs/resources/baseline-aims-3H-tutorial/energy_totals_base.csv","2019","See immutable raw rows; selected count=1","Per original raw row; kt / million kWh / TJ","raw units to TWh, select transaction/commodity, sum and round4; see conversion_comparison","47.1449","TWh/year final energy","","UNVERIFIED","PENDING","evidence/CACHED_DEMAND_EVIDENCE.json: conversion_comparison[14], tables.base.ID.road biomass, raw_rows","Cache conversion matches; completeness/heat-value/source acceptance still pending"
"BASE_016","road","ID","road oil","GLOBAL_HARMONIZED","UNSD energy statistics; retained tutorial cache","https://data.un.org/Explorer.aspx?d=EDATA","evidence/cached_inputs/resources/baseline-aims-3H-tutorial/energy_totals_base.csv","2019","See immutable raw rows; selected count=2","Per original raw row; kt / million kWh / TJ","raw units to TWh, select transaction/commodity, sum and round4; see conversion_comparison","207.7302","TWh/year final energy","","UNVERIFIED","PENDING","evidence/CACHED_DEMAND_EVIDENCE.json: conversion_comparison[15], tables.base.ID.road oil, raw_rows","Cache conversion matches; completeness/heat-value/source acceptance still pending"
"BASE_017","rail","ID","total rail","GLOBAL_HARMONIZED","UNSD energy statistics; retained tutorial cache","https://data.un.org/Explorer.aspx?d=EDATA","evidence/cached_inputs/resources/baseline-aims-3H-tutorial/energy_totals_base.csv","2019","See immutable raw rows; selected count=2","Per original raw row; kt / million kWh / TJ","raw units to TWh, select transaction/commodity, sum and round4; see conversion_comparison","2.7617","TWh/year final energy","","UNVERIFIED","PENDING","evidence/CACHED_DEMAND_EVIDENCE.json: conversion_comparison[16], tables.base.ID.total rail, raw_rows","Cache conversion matches; completeness/heat-value/source acceptance still pending"
"BASE_018","rail","ID","electricity rail","GLOBAL_HARMONIZED","UNSD energy statistics; retained tutorial cache","https://data.un.org/Explorer.aspx?d=EDATA","evidence/cached_inputs/resources/baseline-aims-3H-tutorial/energy_totals_base.csv","2019","See immutable raw rows; selected count=1","Per original raw row; kt / million kWh / TJ","raw units to TWh, select transaction/commodity, sum and round4; see conversion_comparison","0.278","TWh/year final energy","","UNVERIFIED","PENDING","evidence/CACHED_DEMAND_EVIDENCE.json: conversion_comparison[17], tables.base.ID.electricity rail, raw_rows","Cache conversion matches; completeness/heat-value/source acceptance still pending"
"BASE_019","shipping","ID","total domestic navigation","GLOBAL_HARMONIZED","UNSD energy statistics; retained tutorial cache","https://data.un.org/Explorer.aspx?d=EDATA","evidence/cached_inputs/resources/baseline-aims-3H-tutorial/energy_totals_base.csv","2019","See immutable raw rows; selected count=1","Per original raw row; kt / million kWh / TJ","raw units to TWh, select transaction/commodity, sum and round4; see conversion_comparison","2.7947","TWh/year final energy","","UNVERIFIED","PENDING","evidence/CACHED_DEMAND_EVIDENCE.json: conversion_comparison[18], tables.base.ID.total domestic navigation, raw_rows","Cache conversion matches; completeness/heat-value/source acceptance still pending"
"BASE_020","shipping","ID","total international navigation","GLOBAL_HARMONIZED","UNSD energy statistics; retained tutorial cache","https://data.un.org/Explorer.aspx?d=EDATA","evidence/cached_inputs/resources/baseline-aims-3H-tutorial/energy_totals_base.csv","2019","See immutable raw rows; selected count=2","Per original raw row; kt / million kWh / TJ","raw units to TWh, select transaction/commodity, sum and round4; see conversion_comparison","2.607","TWh/year final energy","","UNVERIFIED","PENDING","evidence/CACHED_DEMAND_EVIDENCE.json: conversion_comparison[19], tables.base.ID.total international navigation, raw_rows","Cache conversion matches; completeness/heat-value/source acceptance still pending"
"BASE_021","aviation","ID","total domestic aviation","GLOBAL_HARMONIZED","UNSD energy statistics; retained tutorial cache","https://data.un.org/Explorer.aspx?d=EDATA","evidence/cached_inputs/resources/baseline-aims-3H-tutorial/energy_totals_base.csv","2019","See immutable raw rows; selected count=1","Per original raw row; kt / million kWh / TJ","raw units to TWh, select transaction/commodity, sum and round4; see conversion_comparison","33.84","TWh/year final energy","","UNVERIFIED","PENDING","evidence/CACHED_DEMAND_EVIDENCE.json: conversion_comparison[20], tables.base.ID.total domestic aviation, raw_rows","Cache conversion matches; completeness/heat-value/source acceptance still pending"
"BASE_022","aviation","ID","total international aviation","GLOBAL_HARMONIZED","UNSD energy statistics; retained tutorial cache","https://data.un.org/Explorer.aspx?d=EDATA","evidence/cached_inputs/resources/baseline-aims-3H-tutorial/energy_totals_base.csv","2019","See immutable raw rows; selected count=1","Per original raw row; kt / million kWh / TJ","raw units to TWh, select transaction/commodity, sum and round4; see conversion_comparison","11.2221","TWh/year final energy","","UNVERIFIED","PENDING","evidence/CACHED_DEMAND_EVIDENCE.json: conversion_comparison[21], tables.base.ID.total international aviation, raw_rows","Cache conversion matches; completeness/heat-value/source acceptance still pending"
"BASE_023","road","KH","total road","GLOBAL_HARMONIZED","UNSD energy statistics; retained tutorial cache","https://data.un.org/Explorer.aspx?d=EDATA","evidence/cached_inputs/resources/baseline-aims-3H-tutorial/energy_totals_base.csv","2019","See immutable raw rows; selected count=3","Per original raw row; kt / million kWh / TJ","raw units to TWh, select transaction/commodity, sum and round4; see conversion_comparison","20.3452","TWh/year final energy","","UNVERIFIED","PENDING","evidence/CACHED_DEMAND_EVIDENCE.json: conversion_comparison[22], tables.base.KH.total road, raw_rows","Cache conversion matches; completeness/heat-value/source acceptance still pending"
"BASE_024","road","KH","road electricity","GLOBAL_HARMONIZED","UNSD energy statistics; retained tutorial cache","https://data.un.org/Explorer.aspx?d=EDATA","evidence/cached_inputs/resources/baseline-aims-3H-tutorial/energy_totals_base.csv","2019","NO_MATCHING_RAW_OBSERVATION","Per original raw row; kt / million kWh / TJ","raw units to TWh, select transaction/commodity, sum and round4; see conversion_comparison","0.0","TWh/year final energy","","UNVERIFIED","PENDING","evidence/CACHED_DEMAND_EVIDENCE.json: conversion_comparison[23], tables.base.KH.road electricity, raw_rows","ZERO_FROM_EMPTY_SUBSET_NOT_OBSERVED_ZERO"
"BASE_025","road","KH","road gas","GLOBAL_HARMONIZED","UNSD energy statistics; retained tutorial cache","https://data.un.org/Explorer.aspx?d=EDATA","evidence/cached_inputs/resources/baseline-aims-3H-tutorial/energy_totals_base.csv","2019","NO_MATCHING_RAW_OBSERVATION","Per original raw row; kt / million kWh / TJ","raw units to TWh, select transaction/commodity, sum and round4; see conversion_comparison","0.0","TWh/year final energy","","UNVERIFIED","PENDING","evidence/CACHED_DEMAND_EVIDENCE.json: conversion_comparison[24], tables.base.KH.road gas, raw_rows","ZERO_FROM_EMPTY_SUBSET_NOT_OBSERVED_ZERO"
"BASE_026","road","KH","road biomass","GLOBAL_HARMONIZED","UNSD energy statistics; retained tutorial cache","https://data.un.org/Explorer.aspx?d=EDATA","evidence/cached_inputs/resources/baseline-aims-3H-tutorial/energy_totals_base.csv","2019","NO_MATCHING_RAW_OBSERVATION","Per original raw row; kt / million kWh / TJ","raw units to TWh, select transaction/commodity, sum and round4; see conversion_comparison","0.0","TWh/year final energy","","UNVERIFIED","PENDING","evidence/CACHED_DEMAND_EVIDENCE.json: conversion_comparison[25], tables.base.KH.road biomass, raw_rows","ZERO_FROM_EMPTY_SUBSET_NOT_OBSERVED_ZERO"
"BASE_027","road","KH","road oil","GLOBAL_HARMONIZED","UNSD energy statistics; retained tutorial cache","https://data.un.org/Explorer.aspx?d=EDATA","evidence/cached_inputs/resources/baseline-aims-3H-tutorial/energy_totals_base.csv","2019","See immutable raw rows; selected count=3","Per original raw row; kt / million kWh / TJ","raw units to TWh, select transaction/commodity, sum and round4; see conversion_comparison","20.3452","TWh/year final energy","","UNVERIFIED","PENDING","evidence/CACHED_DEMAND_EVIDENCE.json: conversion_comparison[26], tables.base.KH.road oil, raw_rows","Cache conversion matches; completeness/heat-value/source acceptance still pending"
"BASE_028","rail","KH","total rail","GLOBAL_HARMONIZED","UNSD energy statistics; retained tutorial cache","https://data.un.org/Explorer.aspx?d=EDATA","evidence/cached_inputs/resources/baseline-aims-3H-tutorial/energy_totals_base.csv","2019","See immutable raw rows; selected count=1","Per original raw row; kt / million kWh / TJ","raw units to TWh, select transaction/commodity, sum and round4; see conversion_comparison","2.6984","TWh/year final energy","","UNVERIFIED","PENDING","evidence/CACHED_DEMAND_EVIDENCE.json: conversion_comparison[27], tables.base.KH.total rail, raw_rows","Cache conversion matches; completeness/heat-value/source acceptance still pending"
"BASE_029","rail","KH","electricity rail","GLOBAL_HARMONIZED","UNSD energy statistics; retained tutorial cache","https://data.un.org/Explorer.aspx?d=EDATA","evidence/cached_inputs/resources/baseline-aims-3H-tutorial/energy_totals_base.csv","2019","NO_MATCHING_RAW_OBSERVATION","Per original raw row; kt / million kWh / TJ","raw units to TWh, select transaction/commodity, sum and round4; see conversion_comparison","0.0","TWh/year final energy","","UNVERIFIED","PENDING","evidence/CACHED_DEMAND_EVIDENCE.json: conversion_comparison[28], tables.base.KH.electricity rail, raw_rows","ZERO_FROM_EMPTY_SUBSET_NOT_OBSERVED_ZERO"
"BASE_030","shipping","KH","total domestic navigation","GLOBAL_HARMONIZED","UNSD energy statistics; retained tutorial cache","https://data.un.org/Explorer.aspx?d=EDATA","evidence/cached_inputs/resources/baseline-aims-3H-tutorial/energy_totals_base.csv","2019","NO_MATCHING_RAW_OBSERVATION","Per original raw row; kt / million kWh / TJ","raw units to TWh, select transaction/commodity, sum and round4; see conversion_comparison","0.0","TWh/year final energy","","UNVERIFIED","PENDING","evidence/CACHED_DEMAND_EVIDENCE.json: conversion_comparison[29], tables.base.KH.total domestic navigation, raw_rows","ZERO_FROM_EMPTY_SUBSET_NOT_OBSERVED_ZERO"
"BASE_031","shipping","KH","total international navigation","GLOBAL_HARMONIZED","UNSD energy statistics; retained tutorial cache","https://data.un.org/Explorer.aspx?d=EDATA","evidence/cached_inputs/resources/baseline-aims-3H-tutorial/energy_totals_base.csv","2019","NO_MATCHING_RAW_OBSERVATION","Per original raw row; kt / million kWh / TJ","raw units to TWh, select transaction/commodity, sum and round4; see conversion_comparison","0.0","TWh/year final energy","","UNVERIFIED","PENDING","evidence/CACHED_DEMAND_EVIDENCE.json: conversion_comparison[30], tables.base.KH.total international navigation, raw_rows","ZERO_FROM_EMPTY_SUBSET_NOT_OBSERVED_ZERO"
"BASE_032","aviation","KH","total domestic aviation","GLOBAL_HARMONIZED","UNSD energy statistics; retained tutorial cache","https://data.un.org/Explorer.aspx?d=EDATA","evidence/cached_inputs/resources/baseline-aims-3H-tutorial/energy_totals_base.csv","2019","See immutable raw rows; selected count=1","Per original raw row; kt / million kWh / TJ","raw units to TWh, select transaction/commodity, sum and round4; see conversion_comparison","0.8465","TWh/year final energy","","UNVERIFIED","PENDING","evidence/CACHED_DEMAND_EVIDENCE.json: conversion_comparison[31], tables.base.KH.total domestic aviation, raw_rows","Cache conversion matches; completeness/heat-value/source acceptance still pending"
"BASE_033","aviation","KH","total international aviation","GLOBAL_HARMONIZED","UNSD energy statistics; retained tutorial cache","https://data.un.org/Explorer.aspx?d=EDATA","evidence/cached_inputs/resources/baseline-aims-3H-tutorial/energy_totals_base.csv","2019","See immutable raw rows; selected count=1","Per original raw row; kt / million kWh / TJ","raw units to TWh, select transaction/commodity, sum and round4; see conversion_comparison","1.9073","TWh/year final energy","","UNVERIFIED","PENDING","evidence/CACHED_DEMAND_EVIDENCE.json: conversion_comparison[32], tables.base.KH.total international aviation, raw_rows","Cache conversion matches; completeness/heat-value/source acceptance still pending"
"BASE_034","road","LA","total road","GLOBAL_HARMONIZED","UNSD energy statistics; retained tutorial cache","https://data.un.org/Explorer.aspx?d=EDATA","evidence/cached_inputs/resources/baseline-aims-3H-tutorial/energy_totals_base.csv","2019","See immutable raw rows; selected count=2","Per original raw row; kt / million kWh / TJ","raw units to TWh, select transaction/commodity, sum and round4; see conversion_comparison","9.5947","TWh/year final energy","","UNVERIFIED","PENDING","evidence/CACHED_DEMAND_EVIDENCE.json: conversion_comparison[33], tables.base.LA.total road, raw_rows","Cache conversion matches; completeness/heat-value/source acceptance still pending"
"BASE_035","road","LA","road electricity","GLOBAL_HARMONIZED","UNSD energy statistics; retained tutorial cache","https://data.un.org/Explorer.aspx?d=EDATA","evidence/cached_inputs/resources/baseline-aims-3H-tutorial/energy_totals_base.csv","2019","NO_MATCHING_RAW_OBSERVATION","Per original raw row; kt / million kWh / TJ","raw units to TWh, select transaction/commodity, sum and round4; see conversion_comparison","0.0","TWh/year final energy","","UNVERIFIED","PENDING","evidence/CACHED_DEMAND_EVIDENCE.json: conversion_comparison[34], tables.base.LA.road electricity, raw_rows","ZERO_FROM_EMPTY_SUBSET_NOT_OBSERVED_ZERO"
"BASE_036","road","LA","road gas","GLOBAL_HARMONIZED","UNSD energy statistics; retained tutorial cache","https://data.un.org/Explorer.aspx?d=EDATA","evidence/cached_inputs/resources/baseline-aims-3H-tutorial/energy_totals_base.csv","2019","NO_MATCHING_RAW_OBSERVATION","Per original raw row; kt / million kWh / TJ","raw units to TWh, select transaction/commodity, sum and round4; see conversion_comparison","0.0","TWh/year final energy","","UNVERIFIED","PENDING","evidence/CACHED_DEMAND_EVIDENCE.json: conversion_comparison[35], tables.base.LA.road gas, raw_rows","ZERO_FROM_EMPTY_SUBSET_NOT_OBSERVED_ZERO"
"BASE_037","road","LA","road biomass","GLOBAL_HARMONIZED","UNSD energy statistics; retained tutorial cache","https://data.un.org/Explorer.aspx?d=EDATA","evidence/cached_inputs/resources/baseline-aims-3H-tutorial/energy_totals_base.csv","2019","NO_MATCHING_RAW_OBSERVATION","Per original raw row; kt / million kWh / TJ","raw units to TWh, select transaction/commodity, sum and round4; see conversion_comparison","0.0","TWh/year final energy","","UNVERIFIED","PENDING","evidence/CACHED_DEMAND_EVIDENCE.json: conversion_comparison[36], tables.base.LA.road biomass, raw_rows","ZERO_FROM_EMPTY_SUBSET_NOT_OBSERVED_ZERO"
"BASE_038","road","LA","road oil","GLOBAL_HARMONIZED","UNSD energy statistics; retained tutorial cache","https://data.un.org/Explorer.aspx?d=EDATA","evidence/cached_inputs/resources/baseline-aims-3H-tutorial/energy_totals_base.csv","2019","See immutable raw rows; selected count=2","Per original raw row; kt / million kWh / TJ","raw units to TWh, select transaction/commodity, sum and round4; see conversion_comparison","9.5947","TWh/year final energy","","UNVERIFIED","PENDING","evidence/CACHED_DEMAND_EVIDENCE.json: conversion_comparison[37], tables.base.LA.road oil, raw_rows","Cache conversion matches; completeness/heat-value/source acceptance still pending"
"BASE_039","rail","LA","total rail","GLOBAL_HARMONIZED","UNSD energy statistics; retained tutorial cache","https://data.un.org/Explorer.aspx?d=EDATA","evidence/cached_inputs/resources/baseline-aims-3H-tutorial/energy_totals_base.csv","2019","NO_MATCHING_RAW_OBSERVATION","Per original raw row; kt / million kWh / TJ","raw units to TWh, select transaction/commodity, sum and round4; see conversion_comparison","","TWh/year final energy","","UNVERIFIED","PENDING","evidence/CACHED_DEMAND_EVIDENCE.json: conversion_comparison[38], tables.base.LA.total rail, raw_rows","MISSING_NOT_ZERO"
"BASE_040","rail","LA","electricity rail","GLOBAL_HARMONIZED","UNSD energy statistics; retained tutorial cache","https://data.un.org/Explorer.aspx?d=EDATA","evidence/cached_inputs/resources/baseline-aims-3H-tutorial/energy_totals_base.csv","2019","NO_MATCHING_RAW_OBSERVATION","Per original raw row; kt / million kWh / TJ","raw units to TWh, select transaction/commodity, sum and round4; see conversion_comparison","","TWh/year final energy","","UNVERIFIED","PENDING","evidence/CACHED_DEMAND_EVIDENCE.json: conversion_comparison[39], tables.base.LA.electricity rail, raw_rows","MISSING_NOT_ZERO"
"BASE_041","shipping","LA","total domestic navigation","GLOBAL_HARMONIZED","UNSD energy statistics; retained tutorial cache","https://data.un.org/Explorer.aspx?d=EDATA","evidence/cached_inputs/resources/baseline-aims-3H-tutorial/energy_totals_base.csv","2019","NO_MATCHING_RAW_OBSERVATION","Per original raw row; kt / million kWh / TJ","raw units to TWh, select transaction/commodity, sum and round4; see conversion_comparison","","TWh/year final energy","","UNVERIFIED","PENDING","evidence/CACHED_DEMAND_EVIDENCE.json: conversion_comparison[40], tables.base.LA.total domestic navigation, raw_rows","MISSING_NOT_ZERO"
"BASE_042","shipping","LA","total international navigation","GLOBAL_HARMONIZED","UNSD energy statistics; retained tutorial cache","https://data.un.org/Explorer.aspx?d=EDATA","evidence/cached_inputs/resources/baseline-aims-3H-tutorial/energy_totals_base.csv","2019","NO_MATCHING_RAW_OBSERVATION","Per original raw row; kt / million kWh / TJ","raw units to TWh, select transaction/commodity, sum and round4; see conversion_comparison","","TWh/year final energy","","UNVERIFIED","PENDING","evidence/CACHED_DEMAND_EVIDENCE.json: conversion_comparison[41], tables.base.LA.total international navigation, raw_rows","MISSING_NOT_ZERO"
"BASE_043","aviation","LA","total domestic aviation","GLOBAL_HARMONIZED","UNSD energy statistics; retained tutorial cache","https://data.un.org/Explorer.aspx?d=EDATA","evidence/cached_inputs/resources/baseline-aims-3H-tutorial/energy_totals_base.csv","2019","See immutable raw rows; selected count=1","Per original raw row; kt / million kWh / TJ","raw units to TWh, select transaction/commodity, sum and round4; see conversion_comparison","0.0649","TWh/year final energy","","UNVERIFIED","PENDING","evidence/CACHED_DEMAND_EVIDENCE.json: conversion_comparison[42], tables.base.LA.total domestic aviation, raw_rows","Cache conversion matches; completeness/heat-value/source acceptance still pending"
"BASE_044","aviation","LA","total international aviation","GLOBAL_HARMONIZED","UNSD energy statistics; retained tutorial cache","https://data.un.org/Explorer.aspx?d=EDATA","evidence/cached_inputs/resources/baseline-aims-3H-tutorial/energy_totals_base.csv","2019","See immutable raw rows; selected count=1","Per original raw row; kt / million kWh / TJ","raw units to TWh, select transaction/commodity, sum and round4; see conversion_comparison","0.4435","TWh/year final energy","","UNVERIFIED","PENDING","evidence/CACHED_DEMAND_EVIDENCE.json: conversion_comparison[43], tables.base.LA.total international aviation, raw_rows","Cache conversion matches; completeness/heat-value/source acceptance still pending"
"BASE_045","road","MM","total road","GLOBAL_HARMONIZED","UNSD energy statistics; retained tutorial cache","https://data.un.org/Explorer.aspx?d=EDATA","evidence/cached_inputs/resources/baseline-aims-3H-tutorial/energy_totals_base.csv","2019","See immutable raw rows; selected count=3","Per original raw row; kt / million kWh / TJ","raw units to TWh, select transaction/commodity, sum and round4; see conversion_comparison","22.499","TWh/year final energy","","UNVERIFIED","PENDING","evidence/CACHED_DEMAND_EVIDENCE.json: conversion_comparison[44], tables.base.MM.total road, raw_rows","Cache conversion matches; completeness/heat-value/source acceptance still pending"
"BASE_046","road","MM","road electricity","GLOBAL_HARMONIZED","UNSD energy statistics; retained tutorial cache","https://data.un.org/Explorer.aspx?d=EDATA","evidence/cached_inputs/resources/baseline-aims-3H-tutorial/energy_totals_base.csv","2019","NO_MATCHING_RAW_OBSERVATION","Per original raw row; kt / million kWh / TJ","raw units to TWh, select transaction/commodity, sum and round4; see conversion_comparison","0.0","TWh/year final energy","","UNVERIFIED","PENDING","evidence/CACHED_DEMAND_EVIDENCE.json: conversion_comparison[45], tables.base.MM.road electricity, raw_rows","ZERO_FROM_EMPTY_SUBSET_NOT_OBSERVED_ZERO"
"BASE_047","road","MM","road gas","GLOBAL_HARMONIZED","UNSD energy statistics; retained tutorial cache","https://data.un.org/Explorer.aspx?d=EDATA","evidence/cached_inputs/resources/baseline-aims-3H-tutorial/energy_totals_base.csv","2019","See immutable raw rows; selected count=1","Per original raw row; kt / million kWh / TJ","raw units to TWh, select transaction/commodity, sum and round4; see conversion_comparison","2.2556","TWh/year final energy","","UNVERIFIED","PENDING","evidence/CACHED_DEMAND_EVIDENCE.json: conversion_comparison[46], tables.base.MM.road gas, raw_rows","Cache conversion matches; completeness/heat-value/source acceptance still pending"
"BASE_048","road","MM","road biomass","GLOBAL_HARMONIZED","UNSD energy statistics; retained tutorial cache","https://data.un.org/Explorer.aspx?d=EDATA","evidence/cached_inputs/resources/baseline-aims-3H-tutorial/energy_totals_base.csv","2019","NO_MATCHING_RAW_OBSERVATION","Per original raw row; kt / million kWh / TJ","raw units to TWh, select transaction/commodity, sum and round4; see conversion_comparison","0.0","TWh/year final energy","","UNVERIFIED","PENDING","evidence/CACHED_DEMAND_EVIDENCE.json: conversion_comparison[47], tables.base.MM.road biomass, raw_rows","ZERO_FROM_EMPTY_SUBSET_NOT_OBSERVED_ZERO"
"BASE_049","road","MM","road oil","GLOBAL_HARMONIZED","UNSD energy statistics; retained tutorial cache","https://data.un.org/Explorer.aspx?d=EDATA","evidence/cached_inputs/resources/baseline-aims-3H-tutorial/energy_totals_base.csv","2019","See immutable raw rows; selected count=2","Per original raw row; kt / million kWh / TJ","raw units to TWh, select transaction/commodity, sum and round4; see conversion_comparison","20.2434","TWh/year final energy","","UNVERIFIED","PENDING","evidence/CACHED_DEMAND_EVIDENCE.json: conversion_comparison[48], tables.base.MM.road oil, raw_rows","Cache conversion matches; completeness/heat-value/source acceptance still pending"
"BASE_050","rail","MM","total rail","GLOBAL_HARMONIZED","UNSD energy statistics; retained tutorial cache","https://data.un.org/Explorer.aspx?d=EDATA","evidence/cached_inputs/resources/baseline-aims-3H-tutorial/energy_totals_base.csv","2019","See immutable raw rows; selected count=1","Per original raw row; kt / million kWh / TJ","raw units to TWh, select transaction/commodity, sum and round4; see conversion_comparison","0.9671","TWh/year final energy","","UNVERIFIED","PENDING","evidence/CACHED_DEMAND_EVIDENCE.json: conversion_comparison[49], tables.base.MM.total rail, raw_rows","Cache conversion matches; completeness/heat-value/source acceptance still pending"
"BASE_051","rail","MM","electricity rail","GLOBAL_HARMONIZED","UNSD energy statistics; retained tutorial cache","https://data.un.org/Explorer.aspx?d=EDATA","evidence/cached_inputs/resources/baseline-aims-3H-tutorial/energy_totals_base.csv","2019","NO_MATCHING_RAW_OBSERVATION","Per original raw row; kt / million kWh / TJ","raw units to TWh, select transaction/commodity, sum and round4; see conversion_comparison","0.0","TWh/year final energy","","UNVERIFIED","PENDING","evidence/CACHED_DEMAND_EVIDENCE.json: conversion_comparison[50], tables.base.MM.electricity rail, raw_rows","ZERO_FROM_EMPTY_SUBSET_NOT_OBSERVED_ZERO"
"BASE_052","shipping","MM","total domestic navigation","GLOBAL_HARMONIZED","UNSD energy statistics; retained tutorial cache","https://data.un.org/Explorer.aspx?d=EDATA","evidence/cached_inputs/resources/baseline-aims-3H-tutorial/energy_totals_base.csv","2019","NO_MATCHING_RAW_OBSERVATION","Per original raw row; kt / million kWh / TJ","raw units to TWh, select transaction/commodity, sum and round4; see conversion_comparison","0.0","TWh/year final energy","","UNVERIFIED","PENDING","evidence/CACHED_DEMAND_EVIDENCE.json: conversion_comparison[51], tables.base.MM.total domestic navigation, raw_rows","ZERO_FROM_EMPTY_SUBSET_NOT_OBSERVED_ZERO"
"BASE_053","shipping","MM","total international navigation","GLOBAL_HARMONIZED","UNSD energy statistics; retained tutorial cache","https://data.un.org/Explorer.aspx?d=EDATA","evidence/cached_inputs/resources/baseline-aims-3H-tutorial/energy_totals_base.csv","2019","See immutable raw rows; selected count=1","Per original raw row; kt / million kWh / TJ","raw units to TWh, select transaction/commodity, sum and round4; see conversion_comparison","0.0119","TWh/year final energy","","UNVERIFIED","PENDING","evidence/CACHED_DEMAND_EVIDENCE.json: conversion_comparison[52], tables.base.MM.total international navigation, raw_rows","Cache conversion matches; completeness/heat-value/source acceptance still pending"
"BASE_054","aviation","MM","total domestic aviation","GLOBAL_HARMONIZED","UNSD energy statistics; retained tutorial cache","https://data.un.org/Explorer.aspx?d=EDATA","evidence/cached_inputs/resources/baseline-aims-3H-tutorial/energy_totals_base.csv","2019","See immutable raw rows; selected count=1","Per original raw row; kt / million kWh / TJ","raw units to TWh, select transaction/commodity, sum and round4; see conversion_comparison","1.715","TWh/year final energy","","UNVERIFIED","PENDING","evidence/CACHED_DEMAND_EVIDENCE.json: conversion_comparison[53], tables.base.MM.total domestic aviation, raw_rows","Cache conversion matches; completeness/heat-value/source acceptance still pending"
"BASE_055","aviation","MM","total international aviation","GLOBAL_HARMONIZED","UNSD energy statistics; retained tutorial cache","https://data.un.org/Explorer.aspx?d=EDATA","evidence/cached_inputs/resources/baseline-aims-3H-tutorial/energy_totals_base.csv","2019","See immutable raw rows; selected count=1","Per original raw row; kt / million kWh / TJ","raw units to TWh, select transaction/commodity, sum and round4; see conversion_comparison","0.882","TWh/year final energy","","UNVERIFIED","PENDING","evidence/CACHED_DEMAND_EVIDENCE.json: conversion_comparison[54], tables.base.MM.total international aviation, raw_rows","Cache conversion matches; completeness/heat-value/source acceptance still pending"
"BASE_056","road","MY","total road","GLOBAL_HARMONIZED","UNSD energy statistics; retained tutorial cache","https://data.un.org/Explorer.aspx?d=EDATA","evidence/cached_inputs/resources/baseline-aims-3H-tutorial/energy_totals_base.csv","2019","See immutable raw rows; selected count=4","Per original raw row; kt / million kWh / TJ","raw units to TWh, select transaction/commodity, sum and round4; see conversion_comparison","263.4454","TWh/year final energy","","UNVERIFIED","PENDING","evidence/CACHED_DEMAND_EVIDENCE.json: conversion_comparison[55], tables.base.MY.total road, raw_rows","Cache conversion matches; completeness/heat-value/source acceptance still pending"
"BASE_057","road","MY","road electricity","GLOBAL_HARMONIZED","UNSD energy statistics; retained tutorial cache","https://data.un.org/Explorer.aspx?d=EDATA","evidence/cached_inputs/resources/baseline-aims-3H-tutorial/energy_totals_base.csv","2019","NO_MATCHING_RAW_OBSERVATION","Per original raw row; kt / million kWh / TJ","raw units to TWh, select transaction/commodity, sum and round4; see conversion_comparison","0.0","TWh/year final energy","","UNVERIFIED","PENDING","evidence/CACHED_DEMAND_EVIDENCE.json: conversion_comparison[56], tables.base.MY.road electricity, raw_rows","ZERO_FROM_EMPTY_SUBSET_NOT_OBSERVED_ZERO"
"BASE_058","road","MY","road gas","GLOBAL_HARMONIZED","UNSD energy statistics; retained tutorial cache","https://data.un.org/Explorer.aspx?d=EDATA","evidence/cached_inputs/resources/baseline-aims-3H-tutorial/energy_totals_base.csv","2019","See immutable raw rows; selected count=1","Per original raw row; kt / million kWh / TJ","raw units to TWh, select transaction/commodity, sum and round4; see conversion_comparison","1.2726","TWh/year final energy","","UNVERIFIED","PENDING","evidence/CACHED_DEMAND_EVIDENCE.json: conversion_comparison[57], tables.base.MY.road gas, raw_rows","Cache conversion matches; completeness/heat-value/source acceptance still pending"
"BASE_059","road","MY","road biomass","GLOBAL_HARMONIZED","UNSD energy statistics; retained tutorial cache","https://data.un.org/Explorer.aspx?d=EDATA","evidence/cached_inputs/resources/baseline-aims-3H-tutorial/energy_totals_base.csv","2019","See immutable raw rows; selected count=1","Per original raw row; kt / million kWh / TJ","raw units to TWh, select transaction/commodity, sum and round4; see conversion_comparison","7.5392","TWh/year final energy","","UNVERIFIED","PENDING","evidence/CACHED_DEMAND_EVIDENCE.json: conversion_comparison[58], tables.base.MY.road biomass, raw_rows","Cache conversion matches; completeness/heat-value/source acceptance still pending"
"BASE_060","road","MY","road oil","GLOBAL_HARMONIZED","UNSD energy statistics; retained tutorial cache","https://data.un.org/Explorer.aspx?d=EDATA","evidence/cached_inputs/resources/baseline-aims-3H-tutorial/energy_totals_base.csv","2019","See immutable raw rows; selected count=2","Per original raw row; kt / million kWh / TJ","raw units to TWh, select transaction/commodity, sum and round4; see conversion_comparison","254.6336","TWh/year final energy","","UNVERIFIED","PENDING","evidence/CACHED_DEMAND_EVIDENCE.json: conversion_comparison[59], tables.base.MY.road oil, raw_rows","Cache conversion matches; completeness/heat-value/source acceptance still pending"
"BASE_061","rail","MY","total rail","GLOBAL_HARMONIZED","UNSD energy statistics; retained tutorial cache","https://data.un.org/Explorer.aspx?d=EDATA","evidence/cached_inputs/resources/baseline-aims-3H-tutorial/energy_totals_base.csv","2019","See immutable raw rows; selected count=1","Per original raw row; kt / million kWh / TJ","raw units to TWh, select transaction/commodity, sum and round4; see conversion_comparison","0.4778","TWh/year final energy","","UNVERIFIED","PENDING","evidence/CACHED_DEMAND_EVIDENCE.json: conversion_comparison[60], tables.base.MY.total rail, raw_rows","Cache conversion matches; completeness/heat-value/source acceptance still pending"
"BASE_062","rail","MY","electricity rail","GLOBAL_HARMONIZED","UNSD energy statistics; retained tutorial cache","https://data.un.org/Explorer.aspx?d=EDATA","evidence/cached_inputs/resources/baseline-aims-3H-tutorial/energy_totals_base.csv","2019","See immutable raw rows; selected count=1","Per original raw row; kt / million kWh / TJ","raw units to TWh, select transaction/commodity, sum and round4; see conversion_comparison","0.4778","TWh/year final energy","","UNVERIFIED","PENDING","evidence/CACHED_DEMAND_EVIDENCE.json: conversion_comparison[61], tables.base.MY.electricity rail, raw_rows","Cache conversion matches; completeness/heat-value/source acceptance still pending"
"BASE_063","shipping","MY","total domestic navigation","GLOBAL_HARMONIZED","UNSD energy statistics; retained tutorial cache","https://data.un.org/Explorer.aspx?d=EDATA","evidence/cached_inputs/resources/baseline-aims-3H-tutorial/energy_totals_base.csv","2019","NO_MATCHING_RAW_OBSERVATION","Per original raw row; kt / million kWh / TJ","raw units to TWh, select transaction/commodity, sum and round4; see conversion_comparison","0.0","TWh/year final energy","","UNVERIFIED","PENDING","evidence/CACHED_DEMAND_EVIDENCE.json: conversion_comparison[62], tables.base.MY.total domestic navigation, raw_rows","ZERO_FROM_EMPTY_SUBSET_NOT_OBSERVED_ZERO"
"BASE_064","shipping","MY","total international navigation","GLOBAL_HARMONIZED","UNSD energy statistics; retained tutorial cache","https://data.un.org/Explorer.aspx?d=EDATA","evidence/cached_inputs/resources/baseline-aims-3H-tutorial/energy_totals_base.csv","2019","See immutable raw rows; selected count=2","Per original raw row; kt / million kWh / TJ","raw units to TWh, select transaction/commodity, sum and round4; see conversion_comparison","4.6361","TWh/year final energy","","UNVERIFIED","PENDING","evidence/CACHED_DEMAND_EVIDENCE.json: conversion_comparison[63], tables.base.MY.total international navigation, raw_rows","Cache conversion matches; completeness/heat-value/source acceptance still pending"
"BASE_065","aviation","MY","total domestic aviation","GLOBAL_HARMONIZED","UNSD energy statistics; retained tutorial cache","https://data.un.org/Explorer.aspx?d=EDATA","evidence/cached_inputs/resources/baseline-aims-3H-tutorial/energy_totals_base.csv","2019","See immutable raw rows; selected count=1","Per original raw row; kt / million kWh / TJ","raw units to TWh, select transaction/commodity, sum and round4; see conversion_comparison","9.0649","TWh/year final energy","","UNVERIFIED","PENDING","evidence/CACHED_DEMAND_EVIDENCE.json: conversion_comparison[64], tables.base.MY.total domestic aviation, raw_rows","Cache conversion matches; completeness/heat-value/source acceptance still pending"
"BASE_066","aviation","MY","total international aviation","GLOBAL_HARMONIZED","UNSD energy statistics; retained tutorial cache","https://data.un.org/Explorer.aspx?d=EDATA","evidence/cached_inputs/resources/baseline-aims-3H-tutorial/energy_totals_base.csv","2019","See immutable raw rows; selected count=1","Per original raw row; kt / million kWh / TJ","raw units to TWh, select transaction/commodity, sum and round4; see conversion_comparison","29.6543","TWh/year final energy","","UNVERIFIED","PENDING","evidence/CACHED_DEMAND_EVIDENCE.json: conversion_comparison[65], tables.base.MY.total international aviation, raw_rows","Cache conversion matches; completeness/heat-value/source acceptance still pending"
"BASE_067","road","PH","total road","GLOBAL_HARMONIZED","UNSD energy statistics; retained tutorial cache","https://data.un.org/Explorer.aspx?d=EDATA","evidence/cached_inputs/resources/baseline-aims-3H-tutorial/energy_totals_base.csv","2019","See immutable raw rows; selected count=5","Per original raw row; kt / million kWh / TJ","raw units to TWh, select transaction/commodity, sum and round4; see conversion_comparison","135.7023","TWh/year final energy","","UNVERIFIED","PENDING","evidence/CACHED_DEMAND_EVIDENCE.json: conversion_comparison[66], tables.base.PH.total road, raw_rows","Cache conversion matches; completeness/heat-value/source acceptance still pending"
"BASE_068","road","PH","road electricity","GLOBAL_HARMONIZED","UNSD energy statistics; retained tutorial cache","https://data.un.org/Explorer.aspx?d=EDATA","evidence/cached_inputs/resources/baseline-aims-3H-tutorial/energy_totals_base.csv","2019","NO_MATCHING_RAW_OBSERVATION","Per original raw row; kt / million kWh / TJ","raw units to TWh, select transaction/commodity, sum and round4; see conversion_comparison","0.0","TWh/year final energy","","UNVERIFIED","PENDING","evidence/CACHED_DEMAND_EVIDENCE.json: conversion_comparison[67], tables.base.PH.road electricity, raw_rows","ZERO_FROM_EMPTY_SUBSET_NOT_OBSERVED_ZERO"
"BASE_069","road","PH","road gas","GLOBAL_HARMONIZED","UNSD energy statistics; retained tutorial cache","https://data.un.org/Explorer.aspx?d=EDATA","evidence/cached_inputs/resources/baseline-aims-3H-tutorial/energy_totals_base.csv","2019","NO_MATCHING_RAW_OBSERVATION","Per original raw row; kt / million kWh / TJ","raw units to TWh, select transaction/commodity, sum and round4; see conversion_comparison","0.0","TWh/year final energy","","UNVERIFIED","PENDING","evidence/CACHED_DEMAND_EVIDENCE.json: conversion_comparison[68], tables.base.PH.road gas, raw_rows","ZERO_FROM_EMPTY_SUBSET_NOT_OBSERVED_ZERO"
"BASE_070","road","PH","road biomass","GLOBAL_HARMONIZED","UNSD energy statistics; retained tutorial cache","https://data.un.org/Explorer.aspx?d=EDATA","evidence/cached_inputs/resources/baseline-aims-3H-tutorial/energy_totals_base.csv","2019","See immutable raw rows; selected count=2","Per original raw row; kt / million kWh / TJ","raw units to TWh, select transaction/commodity, sum and round4; see conversion_comparison","8.2439","TWh/year final energy","","UNVERIFIED","PENDING","evidence/CACHED_DEMAND_EVIDENCE.json: conversion_comparison[69], tables.base.PH.road biomass, raw_rows","Cache conversion matches; completeness/heat-value/source acceptance still pending"
"BASE_071","road","PH","road oil","GLOBAL_HARMONIZED","UNSD energy statistics; retained tutorial cache","https://data.un.org/Explorer.aspx?d=EDATA","evidence/cached_inputs/resources/baseline-aims-3H-tutorial/energy_totals_base.csv","2019","See immutable raw rows; selected count=3","Per original raw row; kt / million kWh / TJ","raw units to TWh, select transaction/commodity, sum and round4; see conversion_comparison","127.4584","TWh/year final energy","","UNVERIFIED","PENDING","evidence/CACHED_DEMAND_EVIDENCE.json: conversion_comparison[70], tables.base.PH.road oil, raw_rows","Cache conversion matches; completeness/heat-value/source acceptance still pending"
"BASE_072","rail","PH","total rail","GLOBAL_HARMONIZED","UNSD energy statistics; retained tutorial cache","https://data.un.org/Explorer.aspx?d=EDATA","evidence/cached_inputs/resources/baseline-aims-3H-tutorial/energy_totals_base.csv","2019","See immutable raw rows; selected count=3","Per original raw row; kt / million kWh / TJ","raw units to TWh, select transaction/commodity, sum and round4; see conversion_comparison","0.1256","TWh/year final energy","","UNVERIFIED","PENDING","evidence/CACHED_DEMAND_EVIDENCE.json: conversion_comparison[71], tables.base.PH.total rail, raw_rows","Cache conversion matches; completeness/heat-value/source acceptance still pending"
"BASE_073","rail","PH","electricity rail","GLOBAL_HARMONIZED","UNSD energy statistics; retained tutorial cache","https://data.un.org/Explorer.aspx?d=EDATA","evidence/cached_inputs/resources/baseline-aims-3H-tutorial/energy_totals_base.csv","2019","See immutable raw rows; selected count=1","Per original raw row; kt / million kWh / TJ","raw units to TWh, select transaction/commodity, sum and round4; see conversion_comparison","0.1062","TWh/year final energy","","UNVERIFIED","PENDING","evidence/CACHED_DEMAND_EVIDENCE.json: conversion_comparison[72], tables.base.PH.electricity rail, raw_rows","Cache conversion matches; completeness/heat-value/source acceptance still pending"
"BASE_074","shipping","PH","total domestic navigation","GLOBAL_HARMONIZED","UNSD energy statistics; retained tutorial cache","https://data.un.org/Explorer.aspx?d=EDATA","evidence/cached_inputs/resources/baseline-aims-3H-tutorial/energy_totals_base.csv","2019","See immutable raw rows; selected count=3","Per original raw row; kt / million kWh / TJ","raw units to TWh, select transaction/commodity, sum and round4; see conversion_comparison","4.3647","TWh/year final energy","","UNVERIFIED","PENDING","evidence/CACHED_DEMAND_EVIDENCE.json: conversion_comparison[73], tables.base.PH.total domestic navigation, raw_rows","Cache conversion matches; completeness/heat-value/source acceptance still pending"
"BASE_075","shipping","PH","total international navigation","GLOBAL_HARMONIZED","UNSD energy statistics; retained tutorial cache","https://data.un.org/Explorer.aspx?d=EDATA","evidence/cached_inputs/resources/baseline-aims-3H-tutorial/energy_totals_base.csv","2019","See immutable raw rows; selected count=2","Per original raw row; kt / million kWh / TJ","raw units to TWh, select transaction/commodity, sum and round4; see conversion_comparison","0.6408","TWh/year final energy","","UNVERIFIED","PENDING","evidence/CACHED_DEMAND_EVIDENCE.json: conversion_comparison[74], tables.base.PH.total international navigation, raw_rows","Cache conversion matches; completeness/heat-value/source acceptance still pending"
"BASE_076","aviation","PH","total domestic aviation","GLOBAL_HARMONIZED","UNSD energy statistics; retained tutorial cache","https://data.un.org/Explorer.aspx?d=EDATA","evidence/cached_inputs/resources/baseline-aims-3H-tutorial/energy_totals_base.csv","2019","See immutable raw rows; selected count=1","Per original raw row; kt / million kWh / TJ","raw units to TWh, select transaction/commodity, sum and round4; see conversion_comparison","7.7102","TWh/year final energy","","UNVERIFIED","PENDING","evidence/CACHED_DEMAND_EVIDENCE.json: conversion_comparison[75], tables.base.PH.total domestic aviation, raw_rows","Cache conversion matches; completeness/heat-value/source acceptance still pending"
"BASE_077","aviation","PH","total international aviation","GLOBAL_HARMONIZED","UNSD energy statistics; retained tutorial cache","https://data.un.org/Explorer.aspx?d=EDATA","evidence/cached_inputs/resources/baseline-aims-3H-tutorial/energy_totals_base.csv","2019","See immutable raw rows; selected count=1","Per original raw row; kt / million kWh / TJ","raw units to TWh, select transaction/commodity, sum and round4; see conversion_comparison","20.0876","TWh/year final energy","","UNVERIFIED","PENDING","evidence/CACHED_DEMAND_EVIDENCE.json: conversion_comparison[76], tables.base.PH.total international aviation, raw_rows","Cache conversion matches; completeness/heat-value/source acceptance still pending"
"BASE_078","road","SG","total road","GLOBAL_HARMONIZED","UNSD energy statistics; retained tutorial cache","https://data.un.org/Explorer.aspx?d=EDATA","evidence/cached_inputs/resources/baseline-aims-3H-tutorial/energy_totals_base.csv","2019","See immutable raw rows; selected count=2","Per original raw row; kt / million kWh / TJ","raw units to TWh, select transaction/commodity, sum and round4; see conversion_comparison","22.1433","TWh/year final energy","","UNVERIFIED","PENDING","evidence/CACHED_DEMAND_EVIDENCE.json: conversion_comparison[77], tables.base.SG.total road, raw_rows","Cache conversion matches; completeness/heat-value/source acceptance still pending"
"BASE_079","road","SG","road electricity","GLOBAL_HARMONIZED","UNSD energy statistics; retained tutorial cache","https://data.un.org/Explorer.aspx?d=EDATA","evidence/cached_inputs/resources/baseline-aims-3H-tutorial/energy_totals_base.csv","2019","NO_MATCHING_RAW_OBSERVATION","Per original raw row; kt / million kWh / TJ","raw units to TWh, select transaction/commodity, sum and round4; see conversion_comparison","0.0","TWh/year final energy","","UNVERIFIED","PENDING","evidence/CACHED_DEMAND_EVIDENCE.json: conversion_comparison[78], tables.base.SG.road electricity, raw_rows","ZERO_FROM_EMPTY_SUBSET_NOT_OBSERVED_ZERO"
"BASE_080","road","SG","road gas","GLOBAL_HARMONIZED","UNSD energy statistics; retained tutorial cache","https://data.un.org/Explorer.aspx?d=EDATA","evidence/cached_inputs/resources/baseline-aims-3H-tutorial/energy_totals_base.csv","2019","NO_MATCHING_RAW_OBSERVATION","Per original raw row; kt / million kWh / TJ","raw units to TWh, select transaction/commodity, sum and round4; see conversion_comparison","0.0","TWh/year final energy","","UNVERIFIED","PENDING","evidence/CACHED_DEMAND_EVIDENCE.json: conversion_comparison[79], tables.base.SG.road gas, raw_rows","ZERO_FROM_EMPTY_SUBSET_NOT_OBSERVED_ZERO"
"BASE_081","road","SG","road biomass","GLOBAL_HARMONIZED","UNSD energy statistics; retained tutorial cache","https://data.un.org/Explorer.aspx?d=EDATA","evidence/cached_inputs/resources/baseline-aims-3H-tutorial/energy_totals_base.csv","2019","NO_MATCHING_RAW_OBSERVATION","Per original raw row; kt / million kWh / TJ","raw units to TWh, select transaction/commodity, sum and round4; see conversion_comparison","0.0","TWh/year final energy","","UNVERIFIED","PENDING","evidence/CACHED_DEMAND_EVIDENCE.json: conversion_comparison[80], tables.base.SG.road biomass, raw_rows","ZERO_FROM_EMPTY_SUBSET_NOT_OBSERVED_ZERO"
"BASE_082","road","SG","road oil","GLOBAL_HARMONIZED","UNSD energy statistics; retained tutorial cache","https://data.un.org/Explorer.aspx?d=EDATA","evidence/cached_inputs/resources/baseline-aims-3H-tutorial/energy_totals_base.csv","2019","See immutable raw rows; selected count=2","Per original raw row; kt / million kWh / TJ","raw units to TWh, select transaction/commodity, sum and round4; see conversion_comparison","22.1433","TWh/year final energy","","UNVERIFIED","PENDING","evidence/CACHED_DEMAND_EVIDENCE.json: conversion_comparison[81], tables.base.SG.road oil, raw_rows","Cache conversion matches; completeness/heat-value/source acceptance still pending"
"BASE_083","rail","SG","total rail","GLOBAL_HARMONIZED","UNSD energy statistics; retained tutorial cache","https://data.un.org/Explorer.aspx?d=EDATA","evidence/cached_inputs/resources/baseline-aims-3H-tutorial/energy_totals_base.csv","2019","See immutable raw rows; selected count=1","Per original raw row; kt / million kWh / TJ","raw units to TWh, select transaction/commodity, sum and round4; see conversion_comparison","3.0193","TWh/year final energy","","UNVERIFIED","PENDING","evidence/CACHED_DEMAND_EVIDENCE.json: conversion_comparison[82], tables.base.SG.total rail, raw_rows","Cache conversion matches; completeness/heat-value/source acceptance still pending"
"BASE_084","rail","SG","electricity rail","GLOBAL_HARMONIZED","UNSD energy statistics; retained tutorial cache","https://data.un.org/Explorer.aspx?d=EDATA","evidence/cached_inputs/resources/baseline-aims-3H-tutorial/energy_totals_base.csv","2019","See immutable raw rows; selected count=1","Per original raw row; kt / million kWh / TJ","raw units to TWh, select transaction/commodity, sum and round4; see conversion_comparison","3.0193","TWh/year final energy","","UNVERIFIED","PENDING","evidence/CACHED_DEMAND_EVIDENCE.json: conversion_comparison[83], tables.base.SG.electricity rail, raw_rows","Cache conversion matches; completeness/heat-value/source acceptance still pending"
"BASE_085","shipping","SG","total domestic navigation","GLOBAL_HARMONIZED","UNSD energy statistics; retained tutorial cache","https://data.un.org/Explorer.aspx?d=EDATA","evidence/cached_inputs/resources/baseline-aims-3H-tutorial/energy_totals_base.csv","2019","NO_MATCHING_RAW_OBSERVATION","Per original raw row; kt / million kWh / TJ","raw units to TWh, select transaction/commodity, sum and round4; see conversion_comparison","0.0","TWh/year final energy","","UNVERIFIED","PENDING","evidence/CACHED_DEMAND_EVIDENCE.json: conversion_comparison[84], tables.base.SG.total domestic navigation, raw_rows","ZERO_FROM_EMPTY_SUBSET_NOT_OBSERVED_ZERO"
"BASE_086","shipping","SG","total international navigation","GLOBAL_HARMONIZED","UNSD energy statistics; retained tutorial cache","https://data.un.org/Explorer.aspx?d=EDATA","evidence/cached_inputs/resources/baseline-aims-3H-tutorial/energy_totals_base.csv","2019","See immutable raw rows; selected count=2","Per original raw row; kt / million kWh / TJ","raw units to TWh, select transaction/commodity, sum and round4; see conversion_comparison","535.3418","TWh/year final energy","","UNVERIFIED","PENDING","evidence/CACHED_DEMAND_EVIDENCE.json: conversion_comparison[85], tables.base.SG.total international navigation, raw_rows","Cache conversion matches; completeness/heat-value/source acceptance still pending"
"BASE_087","aviation","SG","total domestic aviation","GLOBAL_HARMONIZED","UNSD energy statistics; retained tutorial cache","https://data.un.org/Explorer.aspx?d=EDATA","evidence/cached_inputs/resources/baseline-aims-3H-tutorial/energy_totals_base.csv","2019","NO_MATCHING_RAW_OBSERVATION","Per original raw row; kt / million kWh / TJ","raw units to TWh, select transaction/commodity, sum and round4; see conversion_comparison","0.0","TWh/year final energy","","UNVERIFIED","PENDING","evidence/CACHED_DEMAND_EVIDENCE.json: conversion_comparison[86], tables.base.SG.total domestic aviation, raw_rows","ZERO_FROM_EMPTY_SUBSET_NOT_OBSERVED_ZERO"
"BASE_088","aviation","SG","total international aviation","GLOBAL_HARMONIZED","UNSD energy statistics; retained tutorial cache","https://data.un.org/Explorer.aspx?d=EDATA","evidence/cached_inputs/resources/baseline-aims-3H-tutorial/energy_totals_base.csv","2019","See immutable raw rows; selected count=1","Per original raw row; kt / million kWh / TJ","raw units to TWh, select transaction/commodity, sum and round4; see conversion_comparison","103.2489","TWh/year final energy","","UNVERIFIED","PENDING","evidence/CACHED_DEMAND_EVIDENCE.json: conversion_comparison[87], tables.base.SG.total international aviation, raw_rows","Cache conversion matches; completeness/heat-value/source acceptance still pending"
"BASE_089","road","TH","total road","GLOBAL_HARMONIZED","UNSD energy statistics; retained tutorial cache","https://data.un.org/Explorer.aspx?d=EDATA","evidence/cached_inputs/resources/baseline-aims-3H-tutorial/energy_totals_base.csv","2019","See immutable raw rows; selected count=6","Per original raw row; kt / million kWh / TJ","raw units to TWh, select transaction/commodity, sum and round4; see conversion_comparison","348.9357","TWh/year final energy","","UNVERIFIED","PENDING","evidence/CACHED_DEMAND_EVIDENCE.json: conversion_comparison[88], tables.base.TH.total road, raw_rows","Cache conversion matches; completeness/heat-value/source acceptance still pending"
"BASE_090","road","TH","road electricity","GLOBAL_HARMONIZED","UNSD energy statistics; retained tutorial cache","https://data.un.org/Explorer.aspx?d=EDATA","evidence/cached_inputs/resources/baseline-aims-3H-tutorial/energy_totals_base.csv","2019","NO_MATCHING_RAW_OBSERVATION","Per original raw row; kt / million kWh / TJ","raw units to TWh, select transaction/commodity, sum and round4; see conversion_comparison","0.0","TWh/year final energy","","UNVERIFIED","PENDING","evidence/CACHED_DEMAND_EVIDENCE.json: conversion_comparison[89], tables.base.TH.road electricity, raw_rows","ZERO_FROM_EMPTY_SUBSET_NOT_OBSERVED_ZERO"
"BASE_091","road","TH","road gas","GLOBAL_HARMONIZED","UNSD energy statistics; retained tutorial cache","https://data.un.org/Explorer.aspx?d=EDATA","evidence/cached_inputs/resources/baseline-aims-3H-tutorial/energy_totals_base.csv","2019","See immutable raw rows; selected count=1","Per original raw row; kt / million kWh / TJ","raw units to TWh, select transaction/commodity, sum and round4; see conversion_comparison","21.6892","TWh/year final energy","","UNVERIFIED","PENDING","evidence/CACHED_DEMAND_EVIDENCE.json: conversion_comparison[90], tables.base.TH.road gas, raw_rows","Cache conversion matches; completeness/heat-value/source acceptance still pending"
"BASE_092","road","TH","road biomass","GLOBAL_HARMONIZED","UNSD energy statistics; retained tutorial cache","https://data.un.org/Explorer.aspx?d=EDATA","evidence/cached_inputs/resources/baseline-aims-3H-tutorial/energy_totals_base.csv","2019","See immutable raw rows; selected count=2","Per original raw row; kt / million kWh / TJ","raw units to TWh, select transaction/commodity, sum and round4; see conversion_comparison","30.234","TWh/year final energy","","UNVERIFIED","PENDING","evidence/CACHED_DEMAND_EVIDENCE.json: conversion_comparison[91], tables.base.TH.road biomass, raw_rows","Cache conversion matches; completeness/heat-value/source acceptance still pending"
"BASE_093","road","TH","road oil","GLOBAL_HARMONIZED","UNSD energy statistics; retained tutorial cache","https://data.un.org/Explorer.aspx?d=EDATA","evidence/cached_inputs/resources/baseline-aims-3H-tutorial/energy_totals_base.csv","2019","See immutable raw rows; selected count=3","Per original raw row; kt / million kWh / TJ","raw units to TWh, select transaction/commodity, sum and round4; see conversion_comparison","297.0126","TWh/year final energy","","UNVERIFIED","PENDING","evidence/CACHED_DEMAND_EVIDENCE.json: conversion_comparison[92], tables.base.TH.road oil, raw_rows","Cache conversion matches; completeness/heat-value/source acceptance still pending"
"BASE_094","rail","TH","total rail","GLOBAL_HARMONIZED","UNSD energy statistics; retained tutorial cache","https://data.un.org/Explorer.aspx?d=EDATA","evidence/cached_inputs/resources/baseline-aims-3H-tutorial/energy_totals_base.csv","2019","See immutable raw rows; selected count=2","Per original raw row; kt / million kWh / TJ","raw units to TWh, select transaction/commodity, sum and round4; see conversion_comparison","1.0747","TWh/year final energy","","UNVERIFIED","PENDING","evidence/CACHED_DEMAND_EVIDENCE.json: conversion_comparison[93], tables.base.TH.total rail, raw_rows","Cache conversion matches; completeness/heat-value/source acceptance still pending"
"BASE_095","rail","TH","electricity rail","GLOBAL_HARMONIZED","UNSD energy statistics; retained tutorial cache","https://data.un.org/Explorer.aspx?d=EDATA","evidence/cached_inputs/resources/baseline-aims-3H-tutorial/energy_totals_base.csv","2019","See immutable raw rows; selected count=1","Per original raw row; kt / million kWh / TJ","raw units to TWh, select transaction/commodity, sum and round4; see conversion_comparison","0.215","TWh/year final energy","","UNVERIFIED","PENDING","evidence/CACHED_DEMAND_EVIDENCE.json: conversion_comparison[94], tables.base.TH.electricity rail, raw_rows","Cache conversion matches; completeness/heat-value/source acceptance still pending"
"BASE_096","shipping","TH","total domestic navigation","GLOBAL_HARMONIZED","UNSD energy statistics; retained tutorial cache","https://data.un.org/Explorer.aspx?d=EDATA","evidence/cached_inputs/resources/baseline-aims-3H-tutorial/energy_totals_base.csv","2019","NO_MATCHING_RAW_OBSERVATION","Per original raw row; kt / million kWh / TJ","raw units to TWh, select transaction/commodity, sum and round4; see conversion_comparison","0.0","TWh/year final energy","","UNVERIFIED","PENDING","evidence/CACHED_DEMAND_EVIDENCE.json: conversion_comparison[95], tables.base.TH.total domestic navigation, raw_rows","ZERO_FROM_EMPTY_SUBSET_NOT_OBSERVED_ZERO"
"BASE_097","shipping","TH","total international navigation","GLOBAL_HARMONIZED","UNSD energy statistics; retained tutorial cache","https://data.un.org/Explorer.aspx?d=EDATA","evidence/cached_inputs/resources/baseline-aims-3H-tutorial/energy_totals_base.csv","2019","See immutable raw rows; selected count=1","Per original raw row; kt / million kWh / TJ","raw units to TWh, select transaction/commodity, sum and round4; see conversion_comparison","13.1322","TWh/year final energy","","UNVERIFIED","PENDING","evidence/CACHED_DEMAND_EVIDENCE.json: conversion_comparison[96], tables.base.TH.total international navigation, raw_rows","Cache conversion matches; completeness/heat-value/source acceptance still pending"
"BASE_098","aviation","TH","total domestic aviation","GLOBAL_HARMONIZED","UNSD energy statistics; retained tutorial cache","https://data.un.org/Explorer.aspx?d=EDATA","evidence/cached_inputs/resources/baseline-aims-3H-tutorial/energy_totals_base.csv","2019","See immutable raw rows; selected count=1","Per original raw row; kt / million kWh / TJ","raw units to TWh, select transaction/commodity, sum and round4; see conversion_comparison","15.8506","TWh/year final energy","","UNVERIFIED","PENDING","evidence/CACHED_DEMAND_EVIDENCE.json: conversion_comparison[97], tables.base.TH.total domestic aviation, raw_rows","Cache conversion matches; completeness/heat-value/source acceptance still pending"
"BASE_099","aviation","TH","total international aviation","GLOBAL_HARMONIZED","UNSD energy statistics; retained tutorial cache","https://data.un.org/Explorer.aspx?d=EDATA","evidence/cached_inputs/resources/baseline-aims-3H-tutorial/energy_totals_base.csv","2019","See immutable raw rows; selected count=1","Per original raw row; kt / million kWh / TJ","raw units to TWh, select transaction/commodity, sum and round4; see conversion_comparison","55.1005","TWh/year final energy","","UNVERIFIED","PENDING","evidence/CACHED_DEMAND_EVIDENCE.json: conversion_comparison[98], tables.base.TH.total international aviation, raw_rows","Cache conversion matches; completeness/heat-value/source acceptance still pending"
"BASE_100","road","TL","total road","GLOBAL_HARMONIZED","UNSD energy statistics; retained tutorial cache","https://data.un.org/Explorer.aspx?d=EDATA","evidence/cached_inputs/resources/baseline-aims-3H-tutorial/energy_totals_base.csv","2019","See immutable raw rows; selected count=1","Per original raw row; kt / million kWh / TJ","raw units to TWh, select transaction/commodity, sum and round4; see conversion_comparison","0.4247","TWh/year final energy","","UNVERIFIED","PENDING","evidence/CACHED_DEMAND_EVIDENCE.json: conversion_comparison[99], tables.base.TL.total road, raw_rows","Cache conversion matches; completeness/heat-value/source acceptance still pending"
"BASE_101","road","TL","road electricity","GLOBAL_HARMONIZED","UNSD energy statistics; retained tutorial cache","https://data.un.org/Explorer.aspx?d=EDATA","evidence/cached_inputs/resources/baseline-aims-3H-tutorial/energy_totals_base.csv","2019","NO_MATCHING_RAW_OBSERVATION","Per original raw row; kt / million kWh / TJ","raw units to TWh, select transaction/commodity, sum and round4; see conversion_comparison","0.0","TWh/year final energy","","UNVERIFIED","PENDING","evidence/CACHED_DEMAND_EVIDENCE.json: conversion_comparison[100], tables.base.TL.road electricity, raw_rows","ZERO_FROM_EMPTY_SUBSET_NOT_OBSERVED_ZERO"
"BASE_102","road","TL","road gas","GLOBAL_HARMONIZED","UNSD energy statistics; retained tutorial cache","https://data.un.org/Explorer.aspx?d=EDATA","evidence/cached_inputs/resources/baseline-aims-3H-tutorial/energy_totals_base.csv","2019","NO_MATCHING_RAW_OBSERVATION","Per original raw row; kt / million kWh / TJ","raw units to TWh, select transaction/commodity, sum and round4; see conversion_comparison","0.0","TWh/year final energy","","UNVERIFIED","PENDING","evidence/CACHED_DEMAND_EVIDENCE.json: conversion_comparison[101], tables.base.TL.road gas, raw_rows","ZERO_FROM_EMPTY_SUBSET_NOT_OBSERVED_ZERO"
"BASE_103","road","TL","road biomass","GLOBAL_HARMONIZED","UNSD energy statistics; retained tutorial cache","https://data.un.org/Explorer.aspx?d=EDATA","evidence/cached_inputs/resources/baseline-aims-3H-tutorial/energy_totals_base.csv","2019","NO_MATCHING_RAW_OBSERVATION","Per original raw row; kt / million kWh / TJ","raw units to TWh, select transaction/commodity, sum and round4; see conversion_comparison","0.0","TWh/year final energy","","UNVERIFIED","PENDING","evidence/CACHED_DEMAND_EVIDENCE.json: conversion_comparison[102], tables.base.TL.road biomass, raw_rows","ZERO_FROM_EMPTY_SUBSET_NOT_OBSERVED_ZERO"
"BASE_104","road","TL","road oil","GLOBAL_HARMONIZED","UNSD energy statistics; retained tutorial cache","https://data.un.org/Explorer.aspx?d=EDATA","evidence/cached_inputs/resources/baseline-aims-3H-tutorial/energy_totals_base.csv","2019","See immutable raw rows; selected count=1","Per original raw row; kt / million kWh / TJ","raw units to TWh, select transaction/commodity, sum and round4; see conversion_comparison","0.4247","TWh/year final energy","","UNVERIFIED","PENDING","evidence/CACHED_DEMAND_EVIDENCE.json: conversion_comparison[103], tables.base.TL.road oil, raw_rows","Cache conversion matches; completeness/heat-value/source acceptance still pending"
"BASE_105","rail","TL","total rail","GLOBAL_HARMONIZED","UNSD energy statistics; retained tutorial cache","https://data.un.org/Explorer.aspx?d=EDATA","evidence/cached_inputs/resources/baseline-aims-3H-tutorial/energy_totals_base.csv","2019","NO_MATCHING_RAW_OBSERVATION","Per original raw row; kt / million kWh / TJ","raw units to TWh, select transaction/commodity, sum and round4; see conversion_comparison","","TWh/year final energy","","UNVERIFIED","PENDING","evidence/CACHED_DEMAND_EVIDENCE.json: conversion_comparison[104], tables.base.TL.total rail, raw_rows","MISSING_NOT_ZERO"
"BASE_106","rail","TL","electricity rail","GLOBAL_HARMONIZED","UNSD energy statistics; retained tutorial cache","https://data.un.org/Explorer.aspx?d=EDATA","evidence/cached_inputs/resources/baseline-aims-3H-tutorial/energy_totals_base.csv","2019","NO_MATCHING_RAW_OBSERVATION","Per original raw row; kt / million kWh / TJ","raw units to TWh, select transaction/commodity, sum and round4; see conversion_comparison","","TWh/year final energy","","UNVERIFIED","PENDING","evidence/CACHED_DEMAND_EVIDENCE.json: conversion_comparison[105], tables.base.TL.electricity rail, raw_rows","MISSING_NOT_ZERO"
"BASE_107","shipping","TL","total domestic navigation","GLOBAL_HARMONIZED","UNSD energy statistics; retained tutorial cache","https://data.un.org/Explorer.aspx?d=EDATA","evidence/cached_inputs/resources/baseline-aims-3H-tutorial/energy_totals_base.csv","2019","NO_MATCHING_RAW_OBSERVATION","Per original raw row; kt / million kWh / TJ","raw units to TWh, select transaction/commodity, sum and round4; see conversion_comparison","","TWh/year final energy","","UNVERIFIED","PENDING","evidence/CACHED_DEMAND_EVIDENCE.json: conversion_comparison[106], tables.base.TL.total domestic navigation, raw_rows","MISSING_NOT_ZERO"
"BASE_108","shipping","TL","total international navigation","GLOBAL_HARMONIZED","UNSD energy statistics; retained tutorial cache","https://data.un.org/Explorer.aspx?d=EDATA","evidence/cached_inputs/resources/baseline-aims-3H-tutorial/energy_totals_base.csv","2019","NO_MATCHING_RAW_OBSERVATION","Per original raw row; kt / million kWh / TJ","raw units to TWh, select transaction/commodity, sum and round4; see conversion_comparison","","TWh/year final energy","","UNVERIFIED","PENDING","evidence/CACHED_DEMAND_EVIDENCE.json: conversion_comparison[107], tables.base.TL.total international navigation, raw_rows","MISSING_NOT_ZERO"
"BASE_109","aviation","TL","total domestic aviation","GLOBAL_HARMONIZED","UNSD energy statistics; retained tutorial cache","https://data.un.org/Explorer.aspx?d=EDATA","evidence/cached_inputs/resources/baseline-aims-3H-tutorial/energy_totals_base.csv","2019","NO_MATCHING_RAW_OBSERVATION","Per original raw row; kt / million kWh / TJ","raw units to TWh, select transaction/commodity, sum and round4; see conversion_comparison","0.0","TWh/year final energy","","UNVERIFIED","PENDING","evidence/CACHED_DEMAND_EVIDENCE.json: conversion_comparison[108], tables.base.TL.total domestic aviation, raw_rows","ZERO_FROM_EMPTY_SUBSET_NOT_OBSERVED_ZERO"
"BASE_110","aviation","TL","total international aviation","GLOBAL_HARMONIZED","UNSD energy statistics; retained tutorial cache","https://data.un.org/Explorer.aspx?d=EDATA","evidence/cached_inputs/resources/baseline-aims-3H-tutorial/energy_totals_base.csv","2019","See immutable raw rows; selected count=1","Per original raw row; kt / million kWh / TJ","raw units to TWh, select transaction/commodity, sum and round4; see conversion_comparison","0.0358","TWh/year final energy","","UNVERIFIED","PENDING","evidence/CACHED_DEMAND_EVIDENCE.json: conversion_comparison[109], tables.base.TL.total international aviation, raw_rows","Cache conversion matches; completeness/heat-value/source acceptance still pending"
"BASE_111","road","VN","total road","GLOBAL_HARMONIZED","UNSD energy statistics; retained tutorial cache","https://data.un.org/Explorer.aspx?d=EDATA","evidence/cached_inputs/resources/baseline-aims-3H-tutorial/energy_totals_base.csv","2019","See immutable raw rows; selected count=2","Per original raw row; kt / million kWh / TJ","raw units to TWh, select transaction/commodity, sum and round4; see conversion_comparison","78.9025","TWh/year final energy","","UNVERIFIED","PENDING","evidence/CACHED_DEMAND_EVIDENCE.json: conversion_comparison[110], tables.base.VN.total road, raw_rows","Cache conversion matches; completeness/heat-value/source acceptance still pending"
"BASE_112","road","VN","road electricity","GLOBAL_HARMONIZED","UNSD energy statistics; retained tutorial cache","https://data.un.org/Explorer.aspx?d=EDATA","evidence/cached_inputs/resources/baseline-aims-3H-tutorial/energy_totals_base.csv","2019","NO_MATCHING_RAW_OBSERVATION","Per original raw row; kt / million kWh / TJ","raw units to TWh, select transaction/commodity, sum and round4; see conversion_comparison","0.0","TWh/year final energy","","UNVERIFIED","PENDING","evidence/CACHED_DEMAND_EVIDENCE.json: conversion_comparison[111], tables.base.VN.road electricity, raw_rows","ZERO_FROM_EMPTY_SUBSET_NOT_OBSERVED_ZERO"
"BASE_113","road","VN","road gas","GLOBAL_HARMONIZED","UNSD energy statistics; retained tutorial cache","https://data.un.org/Explorer.aspx?d=EDATA","evidence/cached_inputs/resources/baseline-aims-3H-tutorial/energy_totals_base.csv","2019","NO_MATCHING_RAW_OBSERVATION","Per original raw row; kt / million kWh / TJ","raw units to TWh, select transaction/commodity, sum and round4; see conversion_comparison","0.0","TWh/year final energy","","UNVERIFIED","PENDING","evidence/CACHED_DEMAND_EVIDENCE.json: conversion_comparison[112], tables.base.VN.road gas, raw_rows","ZERO_FROM_EMPTY_SUBSET_NOT_OBSERVED_ZERO"
"BASE_114","road","VN","road biomass","GLOBAL_HARMONIZED","UNSD energy statistics; retained tutorial cache","https://data.un.org/Explorer.aspx?d=EDATA","evidence/cached_inputs/resources/baseline-aims-3H-tutorial/energy_totals_base.csv","2019","See immutable raw rows; selected count=1","Per original raw row; kt / million kWh / TJ","raw units to TWh, select transaction/commodity, sum and round4; see conversion_comparison","0.9082","TWh/year final energy","","UNVERIFIED","PENDING","evidence/CACHED_DEMAND_EVIDENCE.json: conversion_comparison[113], tables.base.VN.road biomass, raw_rows","Cache conversion matches; completeness/heat-value/source acceptance still pending"
"BASE_115","road","VN","road oil","GLOBAL_HARMONIZED","UNSD energy statistics; retained tutorial cache","https://data.un.org/Explorer.aspx?d=EDATA","evidence/cached_inputs/resources/baseline-aims-3H-tutorial/energy_totals_base.csv","2019","See immutable raw rows; selected count=1","Per original raw row; kt / million kWh / TJ","raw units to TWh, select transaction/commodity, sum and round4; see conversion_comparison","77.9943","TWh/year final energy","","UNVERIFIED","PENDING","evidence/CACHED_DEMAND_EVIDENCE.json: conversion_comparison[114], tables.base.VN.road oil, raw_rows","Cache conversion matches; completeness/heat-value/source acceptance still pending"
"BASE_116","rail","VN","total rail","GLOBAL_HARMONIZED","UNSD energy statistics; retained tutorial cache","https://data.un.org/Explorer.aspx?d=EDATA","evidence/cached_inputs/resources/baseline-aims-3H-tutorial/energy_totals_base.csv","2019","NO_MATCHING_RAW_OBSERVATION","Per original raw row; kt / million kWh / TJ","raw units to TWh, select transaction/commodity, sum and round4; see conversion_comparison","","TWh/year final energy","","UNVERIFIED","PENDING","evidence/CACHED_DEMAND_EVIDENCE.json: conversion_comparison[115], tables.base.VN.total rail, raw_rows","MISSING_NOT_ZERO"
"BASE_117","rail","VN","electricity rail","GLOBAL_HARMONIZED","UNSD energy statistics; retained tutorial cache","https://data.un.org/Explorer.aspx?d=EDATA","evidence/cached_inputs/resources/baseline-aims-3H-tutorial/energy_totals_base.csv","2019","NO_MATCHING_RAW_OBSERVATION","Per original raw row; kt / million kWh / TJ","raw units to TWh, select transaction/commodity, sum and round4; see conversion_comparison","","TWh/year final energy","","UNVERIFIED","PENDING","evidence/CACHED_DEMAND_EVIDENCE.json: conversion_comparison[116], tables.base.VN.electricity rail, raw_rows","MISSING_NOT_ZERO"
"BASE_118","shipping","VN","total domestic navigation","GLOBAL_HARMONIZED","UNSD energy statistics; retained tutorial cache","https://data.un.org/Explorer.aspx?d=EDATA","evidence/cached_inputs/resources/baseline-aims-3H-tutorial/energy_totals_base.csv","2019","See immutable raw rows; selected count=1","Per original raw row; kt / million kWh / TJ","raw units to TWh, select transaction/commodity, sum and round4; see conversion_comparison","0.5161","TWh/year final energy","","UNVERIFIED","PENDING","evidence/CACHED_DEMAND_EVIDENCE.json: conversion_comparison[117], tables.base.VN.total domestic navigation, raw_rows","Cache conversion matches; completeness/heat-value/source acceptance still pending"
"BASE_119","shipping","VN","total international navigation","GLOBAL_HARMONIZED","UNSD energy statistics; retained tutorial cache","https://data.un.org/Explorer.aspx?d=EDATA","evidence/cached_inputs/resources/baseline-aims-3H-tutorial/energy_totals_base.csv","2019","See immutable raw rows; selected count=1","Per original raw row; kt / million kWh / TJ","raw units to TWh, select transaction/commodity, sum and round4; see conversion_comparison","2.0533","TWh/year final energy","","UNVERIFIED","PENDING","evidence/CACHED_DEMAND_EVIDENCE.json: conversion_comparison[118], tables.base.VN.total international navigation, raw_rows","Cache conversion matches; completeness/heat-value/source acceptance still pending"
"BASE_120","aviation","VN","total domestic aviation","GLOBAL_HARMONIZED","UNSD energy statistics; retained tutorial cache","https://data.un.org/Explorer.aspx?d=EDATA","evidence/cached_inputs/resources/baseline-aims-3H-tutorial/energy_totals_base.csv","2019","See immutable raw rows; selected count=1","Per original raw row; kt / million kWh / TJ","raw units to TWh, select transaction/commodity, sum and round4; see conversion_comparison","10.3023","TWh/year final energy","","UNVERIFIED","PENDING","evidence/CACHED_DEMAND_EVIDENCE.json: conversion_comparison[119], tables.base.VN.total domestic aviation, raw_rows","Cache conversion matches; completeness/heat-value/source acceptance still pending"
"BASE_121","aviation","VN","total international aviation","GLOBAL_HARMONIZED","UNSD energy statistics; retained tutorial cache","https://data.un.org/Explorer.aspx?d=EDATA","evidence/cached_inputs/resources/baseline-aims-3H-tutorial/energy_totals_base.csv","2019","See immutable raw rows; selected count=1","Per original raw row; kt / million kWh / TJ","raw units to TWh, select transaction/commodity, sum and round4; see conversion_comparison","15.6432","TWh/year final energy","","UNVERIFIED","PENDING","evidence/CACHED_DEMAND_EVIDENCE.json: conversion_comparison[120], tables.base.VN.total international aviation, raw_rows","Cache conversion matches; completeness/heat-value/source acceptance still pending"
"DEFAULT_GROWTH","all","ASEAN11/shared","Growth CAGR","DEFAULT","Frozen code/source registration; observed value is not accepted input","https://github.com/pypsa-meets-earth/pypsa-asean/blob/a3616a68ee44592af6527ca9024a90f1956646ae/data/demand/growth_factors_cagr.csv","evidence/source/U/data/demand/growth_factors_cagr.csv","UNKNOWN_OR_SCENARIO_YEAR","DEFAULT row; road0.01390; rail0.04940; rail electricity0.03982; aviation domestic0.03715/international0.02156; navigation domestic0.006453/international0.02504","fraction/year","(1+CAGR)^(target−2019); every ASEAN country inherits DEFAULT","DEFAULT row; road0.01390; rail0.04940; rail electricity0.03982; aviation domestic0.03715/international0.02156; navigation domestic0.006453/international0.02504","fraction/year","","UNVERIFIED","PENDING","evidence/source/U/data/demand/growth_factors_cagr.csv:35–109","No geographic calibration or ASEAN forecast verification"
"DEFAULT_EFF","all","ASEAN11/shared","Efficiency CAGR","DEFAULT","Frozen code/source registration; observed value is not accepted input","https://github.com/pypsa-meets-earth/pypsa-asean/blob/a3616a68ee44592af6527ca9024a90f1956646ae/data/demand/efficiency_gains_cagr.csv","evidence/source/U/data/demand/efficiency_gains_cagr.csv","UNKNOWN_OR_SCENARIO_YEAR","DEFAULT row; road EV−0.06140/FCEV−0.02652/ICE0; navigation oil−0.001062/H2−0.008517","fraction/year","Technology-share-weighted future total; generic nav columns overwritten","DEFAULT row; road EV−0.06140/FCEV−0.02652/ICE0; navigation oil−0.001062/H2−0.008517","fraction/year","","UNVERIFIED","PENDING","evidence/source/U/data/demand/efficiency_gains_cagr.csv:260–289","Do not apply unused0.2742 as final international-navigation efficiency"
"ROAD_EV_SHARE","road","ASEAN11/shared","EV share","MANUAL_OVERRIDE","Frozen code/source registration; observed value is not accepted input","https://github.com/pypsa-meets-earth/pypsa-asean/blob/a3616a68ee44592af6527ca9024a90f1956646ae/configs/config.asean.yaml","evidence/source/U/configs/config.asean.yaml","UNKNOWN_OR_SCENARIO_YEAR","2025 .05;2030 .20;2035 .45;2040 .70;2045 .85;2050 1","fraction; stock/service interpretation unresolved","Multiplies energy proxy and cars-based capacities; exogenous","2025 .05;2030 .20;2035 .45;2040 .70;2045 .85;2050 1","fraction; stock/service interpretation unresolved","","UNVERIFIED","PENDING","evidence/source/U/configs/config.asean.yaml:216–239","Not cost-optimal adoption"
"ROAD_FCEV_SHARE","road","ASEAN11/shared","FCEV share","MANUAL_OVERRIDE","Frozen code/source registration; observed value is not accepted input","https://github.com/pypsa-meets-earth/pypsa-asean/blob/a3616a68ee44592af6527ca9024a90f1956646ae/configs/config.asean.yaml","evidence/source/U/configs/config.asean.yaml","UNKNOWN_OR_SCENARIO_YEAR","DEC2020–2050 all0","fraction","H2 Load only if share>0","DEC2020–2050 all0","fraction","","UNVERIFIED","PENDING","evidence/source/U/configs/config.asean.yaml:216–223","Zero is scenario setting, not observed zero H2 potential"
"SHIP_H2_SHARE","shipping","ASEAN11/shared","Shipping H2 share","MANUAL_OVERRIDE","Frozen code/source registration; observed value is not accepted input","https://github.com/pypsa-meets-earth/pypsa-asean/blob/a3616a68ee44592af6527ca9024a90f1956646ae/configs/config.asean.yaml","evidence/source/U/configs/config.asean.yaml","UNKNOWN_OR_SCENARIO_YEAR","DEC2020–2050 all0","fraction","Demand projection and terminal H2/oil split both consume share","DEC2020–2050 all0","fraction","","UNVERIFIED","PENDING","evidence/source/U/configs/config.asean.yaml:232–239","Definitions across transformations require review"
"VEHICLES","road","ASEAN11/shared","Registered vehicle input","GLOBAL_HARMONIZED","Frozen code/source registration; observed value is not accepted input","https://github.com/pypsa-meets-earth/pypsa-asean/blob/a3616a68ee44592af6527ca9024a90f1956646ae/scripts/prepare_transport_data_input.py","evidence/source/U/scripts/prepare_transport_data_input.py","UNKNOWN_OR_SCENARIO_YEAR","WHO GHO RS_194 + Wikipedia completion; fallback contains11 ASEAN rows","vehicles; year/class not retained","cars allocate by population; set charger/Store capacity","WHO GHO RS_194 + Wikipedia completion; fallback contains11 ASEAN rows","vehicles; year/class not retained","","UNVERIFIED","PENDING","evidence/source/U/scripts/prepare_transport_data_input.py:37–112,162–199","Tutorial prepared transport_data absent; author input snapshot unknown"
"FUEL_PROXY","road","ASEAN11/shared","Average fuel efficiency proxy","DEFAULT","Frozen code/source registration; observed value is not accepted input","https://github.com/pypsa-meets-earth/pypsa-asean/blob/a3616a68ee44592af6527ca9024a90f1956646ae/scripts/prepare_transport_data_input.py","evidence/source/U/scripts/prepare_transport_data_input.py","2014","(100−2014 transport CO2 share)/100; hardcoded fallback values","dimensionless; not kWh/km","Divided by0.2 kWh/km×charger efficiency in downstream g","(100−2014 transport CO2 share)/100; hardcoded fallback values","dimensionless; not kWh/km","","UNVERIFIED","PENDING","evidence/source/U/scripts/prepare_transport_data_input.py:115–140","SYSTEM_LEVEL_UNIT_GAP; no physical fuel-economy conversion"
"BEV_RATE","road","ASEAN11/shared","BEV plug-to-wheel named efficiency","DEFAULT","Frozen code/source registration; observed value is not accepted input","https://github.com/pypsa-meets-earth/pypsa-asean/blob/a3616a68ee44592af6527ca9024a90f1956646ae/config.default.yaml","evidence/source/U/config.default.yaml","UNKNOWN_OR_SCENARIO_YEAR","0.2","kWh/km per config comment","Used in fuel-efficiency ratio","0.2","kWh/km per config comment","","UNVERIFIED","PENDING","evidence/source/U/config.default.yaml:873","Tesla Model S reference; not ASEAN aggregate fleet"
"CHARGE_EFF","road","ASEAN11/shared","Charging/V2G efficiency","DEFAULT","Frozen code/source registration; observed value is not accepted input","https://github.com/pypsa-meets-earth/pypsa-asean/blob/a3616a68ee44592af6527ca9024a90f1956646ae/config.default.yaml","evidence/source/U/config.default.yaml","UNKNOWN_OR_SCENARIO_YEAR","0.9","dimensionless per Link","Applies to both charger and reverse V2G","0.9","dimensionless per Link","","UNVERIFIED","PENDING","evidence/source/U/config.default.yaml:874","Generic assumption; adoption/scientific acceptance pending"
"FC_EFF","road;shipping","ASEAN11/shared","Fuel cell efficiency","DEFAULT","Frozen code/source registration; observed value is not accepted input","https://github.com/pypsa-meets-earth/pypsa-asean/blob/a3616a68ee44592af6527ca9024a90f1956646ae/config.default.yaml","evidence/source/U/config.default.yaml","UNKNOWN_OR_SCENARIO_YEAR","0.5","dimensionless assumed energy ratio","H2 final input=q/share-adjusted conversion","0.5","dimensionless assumed energy ratio","","UNVERIFIED","PENDING","evidence/source/U/config.default.yaml:889","Energy/heat-value alignment pending"
"ICE_EFF","road","ASEAN11/shared","ICE efficiency","DEFAULT","Frozen code/source registration; observed value is not accepted input","https://github.com/pypsa-meets-earth/pypsa-asean/blob/a3616a68ee44592af6527ca9024a90f1956646ae/config.default.yaml","evidence/source/U/config.default.yaml","UNKNOWN_OR_SCENARIO_YEAR","0.3","dimensionless assumed energy ratio","Oil Load=q×ICE share/efficiency","0.3","dimensionless assumed energy ratio","","UNVERIFIED","PENDING","evidence/source/U/config.default.yaml:890","Aggregate proxy basis unresolved"
"CHARGER_POWER","road","ASEAN11/shared","Charger capacity","DEFAULT","Frozen code/source registration; observed value is not accepted input","https://github.com/pypsa-meets-earth/pypsa-asean/blob/a3616a68ee44592af6527ca9024a90f1956646ae/scripts/prepare_sector_network.py","evidence/source/U/scripts/prepare_sector_network.py","UNKNOWN_OR_SCENARIO_YEAR","0.011","MW/registered vehicle","Fixed cars×share×rate","0.011","MW/registered vehicle","","UNVERIFIED","PENDING","evidence/source/U/scripts/prepare_sector_network.py:2449–2469","Not installed ASEAN charging infrastructure"
"EV_STORAGE","road","ASEAN11/shared","EV energy/participation","DEFAULT","Frozen code/source registration; observed value is not accepted input","https://github.com/pypsa-meets-earth/pypsa-asean/blob/a3616a68ee44592af6527ca9024a90f1956646ae/config.default.yaml","evidence/source/U/config.default.yaml","UNKNOWN_OR_SCENARIO_YEAR","0.05;0.5","MWh/vehicle; fraction participating","Fixed cars×EV share×battery energy×participation","0.05;0.5","MWh/vehicle; fraction participating","","UNVERIFIED","PENDING","evidence/source/U/config.default.yaml:885–888","Final strips Store; not functioning storage in author final"
"AVAILABILITY","road","ASEAN11/shared","Availability bounds","DEFAULT","Frozen code/source registration; observed value is not accepted input","https://github.com/pypsa-meets-earth/pypsa-asean/blob/a3616a68ee44592af6527ca9024a90f1956646ae/config.default.yaml","evidence/source/U/config.default.yaml","UNKNOWN_OR_SCENARIO_YEAR","0.95 maximum;0.8 mean","fraction","Pkw weekly count maps to Link p_max_pu","0.95 maximum;0.8 mean","fraction","","UNVERIFIED","PENDING","evidence/source/U/config.default.yaml:881–882","No ASEAN charging behaviour evidence"
"DSM","road","ASEAN11/shared","SOC restriction","DEFAULT","Frozen code/source registration; observed value is not accepted input","https://github.com/pypsa-meets-earth/pypsa-asean/blob/a3616a68ee44592af6527ca9024a90f1956646ae/config.default.yaml","evidence/source/U/config.default.yaml","UNKNOWN_OR_SCENARIO_YEAR","0.75 at07:00; v2g=true;bev_dsm=true","SOC fraction; hour; flags","Daily Store floor and reverse Link","0.75 at07:00; v2g=true;bev_dsm=true","SOC fraction; hour; flags","","UNVERIFIED","PENDING","evidence/source/U/config.default.yaml:883–886","Default true does not survive final Store strip"
"PROFILE","road","ASEAN11/shared","Driving and availability profile","EUROPE_INHERITED","Frozen code/source registration; observed value is not accepted input","https://github.com/pypsa-meets-earth/pypsa-asean/blob/a3616a68ee44592af6527ca9024a90f1956646ae/data/emobility/traffic.tex","evidence/source/U/data/emobility/traffic.tex","2010–2015","KFZ__count / Pkw__count; BASt2010–2015","hour-of-week vehicle counts","Repeat weekly using first country timezone; weight/temperature normalization","KFZ__count / Pkw__count; BASt2010–2015","hour-of-week vehicle counts","","UNVERIFIED","PENDING","evidence/source/U/data/emobility/traffic.tex:6–13","Not ASEAN empirical profiles; not vehicle-km"
"ROAD_TEMP","road","ASEAN11/shared","Temperature deadband and corrections","DEFAULT","Frozen code/source registration; observed value is not accepted input","https://github.com/pypsa-meets-earth/pypsa-asean/blob/a3616a68ee44592af6527ca9024a90f1956646ae/config.default.yaml","evidence/source/U/config.default.yaml","UNKNOWN_OR_SCENARIO_YEAR","15–20C; ICE/EV correction settings","C and configured proportional slopes","Applied to average consumption and road profile","15–20C; ICE/EV correction settings","C and configured proportional slopes","","UNVERIFIED","PENDING","evidence/source/U/config.default.yaml:875–880","Climate input global; response coefficients generic; exact-boundary conditional defect"
"ROAD_SPACE","road;rail","ASEAN11/shared","Nodal allocation","GLOBAL_HARMONIZED","Frozen code/source registration; observed value is not accepted input","https://github.com/pypsa-meets-earth/pypsa-asean/blob/a3616a68ee44592af6527ca9024a90f1956646ae/scripts/prepare_heat_data.py","evidence/source/U/scripts/prepare_heat_data.py","UNKNOWN_OR_SCENARIO_YEAR","country population fractions","dimensionless shares","country energy×population fraction; transport same input layout","country population fractions","dimensionless shares","","UNVERIFIED","PENDING","evidence/source/U/scripts/prepare_heat_data.py:149–160","Not road or rail network allocation; total conservation required"
"WPI","shipping","ASEAN11/shared","Port locations","GLOBAL_HARMONIZED","Frozen code/source registration; observed value is not accepted input","https://github.com/pypsa-meets-earth/pypsa-asean/blob/a3616a68ee44592af6527ca9024a90f1956646ae/scripts/prepare_ports.py","evidence/source/U/scripts/prepare_ports.py","UNKNOWN_OR_SCENARIO_YEAR","NGA WPI; tutorial2026-09-29 user export/GDB mapping","coordinates; categorical harbor size","country-normalized size1/2/3 then node map","NGA WPI; tutorial2026-09-29 user export/GDB mapping","coordinates; categorical harbor size","","UNVERIFIED","PENDING","evidence/source/U/scripts/prepare_ports.py:21–31,120–137","Actual tutorial source is not proven paper source; no LA port"
"AIRPORTS","aviation","ASEAN11/shared","Airport locations","GLOBAL_HARMONIZED","Frozen code/source registration; observed value is not accepted input","https://github.com/pypsa-meets-earth/pypsa-asean/blob/a3616a68ee44592af6527ca9024a90f1956646ae/scripts/prepare_airports.py","evidence/source/U/scripts/prepare_airports.py","UNKNOWN_OR_SCENARIO_YEAR","OurAirports processed cache; raw version UNKNOWN","coordinates; type; scheduled service","filter scheduled medium/large withIATA; weights1/3","OurAirports processed cache; raw version UNKNOWN","coordinates; type; scheduled service","","UNVERIFIED","PENDING","evidence/source/U/scripts/prepare_airports.py:19–77","Not passenger throughput or bunker volume"
"SHIP_EFF","shipping","ASEAN11/shared","Shipping average efficiency","DEFAULT","Frozen code/source registration; observed value is not accepted input","https://github.com/pypsa-meets-earth/pypsa-asean/blob/a3616a68ee44592af6527ca9024a90f1956646ae/config.default.yaml","evidence/source/U/config.default.yaml","2011 comment","0.4","oil propulsion efficiency in2011 comment; doc conflict","H2 share×fuel total×0.4/FC efficiency","0.4","oil propulsion efficiency in2011 comment; doc conflict","","UNVERIFIED","PENDING","evidence/source/U/config.default.yaml:979–980","Year/definition/HHV-LHV unaccepted"
"BUNKER","shipping;aviation","ASEAN11/shared","International bunker flag","DEFAULT","Frozen code/source registration; observed value is not accepted input","https://github.com/pypsa-meets-earth/pypsa-asean/blob/a3616a68ee44592af6527ca9024a90f1956646ae/config.default.yaml","evidence/source/U/config.default.yaml","UNKNOWN_OR_SCENARIO_YEAR","false","boolean emissions-scope switch","Domestic+international demand stays; false emission branch applies domestic fractions","false","boolean emissions-scope switch","","UNVERIFIED","PENDING","evidence/source/U/config.default.yaml:992","Formula aggregates incorrectly across countries"
"FUEL_HEAT","all","ASEAN11/shared","Fuel mass conversion","DEFAULT","Frozen code/source registration; observed value is not accepted input","https://github.com/pypsa-meets-earth/pypsa-asean/blob/a3616a68ee44592af6527ca9024a90f1956646ae/scripts/_helpers.py","evidence/source/U/scripts/_helpers.py","UNKNOWN_OR_SCENARIO_YEAR","diesel0.01194;jet kerosene0.01225;fuel oil0.01122","TWh/kt as used","hardcoded factors cite UN energy methodology","diesel0.01194;jet kerosene0.01225;fuel oil0.01122","TWh/kt as used","","UNVERIFIED","PENDING","evidence/source/U/scripts/_helpers.py:1837–1907","Raw calorific basis not independently accepted"
"FUEL_COST","all","ASEAN11/shared","Prepared fuel and conversion costs","UNKNOWN","Frozen code/source registration; observed value is not accepted input","https://github.com/pypsa-meets-earth/pypsa-asean/blob/a3616a68ee44592af6527ca9024a90f1956646ae/Snakefile","evidence/source/U/Snakefile","UNKNOWN_OR_SCENARIO_YEAR","Existing costs_2030_sec + v0.13.2 source chain; see retained cost trace","mixed EUR/year/capacity; efficiency/fuel units per source","prepared costs consumed by sector network; annualized fixed and fuel terms","Existing costs_2030_sec + v0.13.2 source chain; see retained cost trace","mixed EUR/year/capacity; efficiency/fuel units per source","","UNVERIFIED","PENDING","evidence/source/U/Snakefile:1473","No new cost/DEA substitution; inherited unverified source-family acceptance"
"ELECTRIC_PARENT","all","ASEAN11/shared","Research electricity parent","MANUAL_OVERRIDE","Frozen code/source registration; observed value is not accepted input","","../../buildings_heat/phase3a7/RESEARCH_ELECTRICITY_BOUNDARY_FREEZE.md","UNKNOWN_OR_SCENARIO_YEAR","A* conceptual end-user final electricity; no numerical candidate accepted","MWh at agreed final-user boundary","Remove identified historical service input exactly once; future conversion endogenous","NOT_IMPLEMENTED_AS_RESEARCH_ASTAR; numerical parent containment unresolved","MWh at agreed final-user boundary","","UNVERIFIED","PENDING","../../buildings_heat/phase3a7/RESEARCH_ELECTRICITY_BOUNDARY_FREEZE.md:HDEC-P3A7-ELEC-001","Concept frozen; country numeric containment pending"
