"ModeID","Mode","CandidateClass","ProposedFirstBaseline","AlternativeOrFallback","GateIDs","Reason","HumanDecision","NumericInputsAccepted","Implemented"
"ROAD_AGG","Road aggregate","SYSTEM_RELEVANT_PENDING","EXPLICIT_EV_WITH_FIXED_SHARES; retained residual fuel","EMBEDDED final energy while explicit service conversion unresolved","T01;T02;T03;T04;T09;T10;T13;T15","Do not inherit dimensionally invalid proxy or pretend endogenous vehicle competition","PENDING_NOT_FROZEN","NO","NO"
"ROAD_PASS","Road passenger","EMBEDDED","Within auditable aggregate road; no separate mode split initially","Split only if material evidence justifies","T02;T04","No passenger-km evidence; no synthetic occupancy","PENDING_NOT_FROZEN","NO","NO"
"ROAD_FREIGHT","Road freight","EMBEDDED","Within auditable aggregate road; no forced independent fleet model","SYSTEM_RELEVANT_PENDING if freightH2 materially drives question","T02;T10","No tonne-km evidence; cannot allocate passenger shares to freight","PENDING_NOT_FROZEN","NO","NO"
"RAIL_E","Rail electricity","FIXED","Separate fixed account only after exact parent transfer","EMBEDDED with no extraLoad","T01;T03;T04;T11","Do not assert every country rail is negligible; one accounting owner","PENDING_NOT_FROZEN","NO","NO"
"RAIL_O","Rail fuel","FIXED","Retain documented non-electric fuel once, with complete CO2","Embedded direct fuel if no separate rail module","T03;T04;T08","No automatic zero for absent data; no need rail fleet competition","PENDING_NOT_FROZEN","NO","NO"
"SHIP_DOM","Domestic shipping","SYSTEM_RELEVANT_PENDING","FIXED fuel obligation + EXPLICIT existing supply paths","No automatic closure/removal for imperfect data","T04;T05;T06;T07;T08;T10;T15","Review volume,allocation,H2 share and carbon before numerical adoption","PENDING_NOT_FROZEN","NO","NO"
"SHIP_INT","International shipping","SYSTEM_RELEVANT_PENDING","Separate bunker obligation under reviewed territorial/reporting boundary","DEFER only by explicit scope decision, retaining limitation","T05;T06;T07;T08;T14","False bunker emissions switch is not an exclusion of demand","PENDING_NOT_FROZEN","NO","NO"
"AVI_DOM","Domestic aviation","SYSTEM_RELEVANT_PENDING","FIXED kerosene/oil obligation + EXPLICIT existing supply","No aircraft-type model required","T04;T06;T07;T08;T10;T15","FT supply potential does not require invented aircraft technology","PENDING_NOT_FROZEN","NO","NO"
"AVI_INT","International aviation","SYSTEM_RELEVANT_PENDING","Separate bunker obligation and country allocation","DEFER only by explicit human scope decision","T04;T06;T07;T08;T14","Do not automatically include in national final energy orA*","PENDING_NOT_FROZEN","NO","NO"
"ROAD_FCEV","Road FCEV","DEFERRED","Existing capability retained in audit; no positive share selected","SYSTEM_RELEVANT_PENDING if freightH2 decision requires it","T02;T07;T10","DEC default0 not accepted research optimal outcome","PENDING_NOT_FROZEN","NO","NO"
"SHIP_H2","Shipping H2","SYSTEM_RELEVANT_PENDING","Use existingH2 pathway only after explicit share/service decision","Keep base fuel obligation; no arbitrary H2 conversion","T05;T06;T07;T10","Potential system impact is not quantified or assumed positive","PENDING_NOT_FROZEN","NO","NO"
"FT_SUPPLY","FT and shared H2 supply","EXPLICIT","Candidate existing supply conversion for retained fuel obligations","Pending source/fuel/carbon and input-output checks","T07;T08;T10;T15","Does not freeze production levels or assert all fuel is synthetic","PENDING_NOT_FROZEN","NO","NO"
"EV_STORE","EV DSM/V2G","DEFERRED","Propose no unverified first-baseline flexibility credit","Conditional explicitstorage after justified stock/profile and finalretention","T09;T11;T13","This is a proposed restriction, not zero potential","PENDING_NOT_FROZEN","NO","NO"
"NH3_MARINE","Direct marineNH3/methanol/newblend","DEFERRED","Not present as transport end-use; no newtech thisphase","Only future specifically authorized model extension","T10;T15","IndustrialNH3 is not marineNH3","PENDING_NOT_FROZEN","NO","NO"
"OTHER_E","Other electric transport","EMBEDDED","Retain inside documented parent unless explicitly identified","Local pending subaccount; missing is not0","T01;T04","Do not invent separate demand for structural symmetry","PENDING_NOT_FROZEN","NO","NO"
