"Mode","DemandRepresentation","EnergyCarrier","ElectricityTreatment","FuelTreatment","TemporalTreatment","SpatialTreatment","CarbonTreatment","FullSCStatus","Blocker","Reason","DecisionAuthority","NumericInputStatus","Evidence"
"Road EV","EXPLICIT fixed exogenous final-energy obligation","electricity at final-user charging input","A* historic transfer once; future direct parent excludes same service","No extra fuel / H2 for same EV obligation","Simple nonnegative normalized external charging shape; no DSM/V2G","Country to accepted existing-node weights","Generation stays in PolicyCO2_Power; same event once in reporting","REPRESENTATION_FROZEN; INPUT_IMPLEMENTATION_PENDING","G1; G2","R and EV energy share jointly defined; old adoption share not automatically reused","USER_PHASE3B2_REQUEST","UNVERIFIED / PENDING; no numeric adoption","TRANSPORT_MINIMUM_DEFENSIBLE_BASELINE.md; mode accounting documents"
"Road residual fuel","FIXED / ACCOUNTED carrier-resolved aggregate","oil / gas / biomass / other accepted fuel","No precomputed fuel-conversion electricity in A*","Sum F_k = (1-sE)R; preserve actual fuel identity","Simple weighted annual obligation","Transparent existing country nodes","Direct combustion reporting; actual fuel/carbon origin; Power generation unchanged","REPRESENTATION_FROZEN; INPUT_IMPLEMENTATION_PENDING","G1; G2; G3","Positive cached gas/bio cannot silently become fossil liquid","USER_PHASE3B2_REQUEST","UNVERIFIED / PENDING; no numeric adoption","TRANSPORT_MINIMUM_DEFENSIBLE_BASELINE.md; mode accounting documents"
"Rail electricity","EMBEDDED once in A* direct account","electricity","Keep within parent; no independent duplicate rail Load","Not applicable","Parent electricity profile","Parent allocation","Generation remains Power policy and full reporting once","REPRESENTATION_FROZEN; CONTAINMENT_PENDING","G1; G2","Must prove containment before suppressing standalone rail Load","USER_PHASE3B2_REQUEST","UNVERIFIED / PENDING; no numeric adoption","TRANSPORT_MINIMUM_DEFENSIBLE_BASELINE.md; mode accounting documents"
"Rail fuel","EMBEDDED once in direct-fuel parent","diesel / biodiesel / other accepted rail fuel","Not part of road-only R","Retain fuel obligation once with rail subaccount tag","Parent fuel allocation","Parent allocation","Direct-fuel reporting includes rail combustion and recycled-carbon return","REPRESENTATION_FROZEN; CONTAINMENT_PENDING","G1; G2; G3","No separate rail Load; no lost fuel or CO2 when embedded","USER_PHASE3B2_REQUEST","UNVERIFIED / PENDING; no numeric adoption","TRANSPORT_MINIMUM_DEFENSIBLE_BASELINE.md; mode accounting documents"
"Domestic shipping","FIXED DomesticShippingFuel","accepted shipping fuel; aggregate oil supply where justified","FT/electrolysis electricity endogenous, not preloaded","Mutually exclusive with same domestic direct-fuel amount","Annual fuel with simple normalized profile","Ports/coastal where supported; validated country weights","Domestic combustion reporting, not automatic Power cap extension","REPRESENTATION_FROZEN; SOURCE_AND_ASSEMBLY_PENDING","G1; G2; G3","by/in raw transaction omission and missing values preserved","USER_PHASE3B2_REQUEST","UNVERIFIED / PENDING; no numeric adoption","TRANSPORT_MINIMUM_DEFENSIBLE_BASELINE.md; mode accounting documents"
"International shipping","FIXED separate InternationalShippingBunkerFuel","accepted bunker fuel","Conversion electricity endogenous","Separate bunker account; not ordinary domestic final energy","Annual fuel with simple normalized profile","Same transparent port mapping; keep reporting-country identity","International bunker reporting separately","REPRESENTATION_FROZEN; SOURCE_AND_ASSEMBLY_PENDING","G1; G2; G3","No inferred route/flag allocation or invented country zeros","USER_PHASE3B2_REQUEST","UNVERIFIED / PENDING; no numeric adoption","TRANSPORT_MINIMUM_DEFENSIBLE_BASELINE.md; mode accounting documents"
"Domestic aviation","FIXED DomesticAviationFuel","kerosene / declared accepted fuel coverage","Conversion electricity endogenous","Remove duplicate domestic parent obligation only with evidence","Annual fuel with simple normalized profile","Existing airports or accepted transparent country allocation","Domestic direct combustion reporting","REPRESENTATION_FROZEN; SOURCE_AND_ASSEMBLY_PENDING","G1; G2; G3","Kerosene subtotal is not all possible aviation fuel","USER_PHASE3B2_REQUEST","UNVERIFIED / PENDING; no numeric adoption","TRANSPORT_MINIMUM_DEFENSIBLE_BASELINE.md; mode accounting documents"
"International aviation","FIXED separate InternationalAviationBunker","kerosene / declared accepted bunker coverage","Conversion electricity endogenous","Separate bunker obligation; no domestic final-energy relabel","Annual fuel with simple normalized profile","Existing airports or accepted transparent country allocation","Separate international aviation combustion reporting","REPRESENTATION_FROZEN; SOURCE_AND_ASSEMBLY_PENDING","G1; G2; G3","No aircraft or route competition","USER_PHASE3B2_REQUEST","UNVERIFIED / PENDING; no numeric adoption","TRANSPORT_MINIMUM_DEFENSIBLE_BASELINE.md; mode accounting documents"
"Synthetic fuel production","EXPLICIT existing FT supply option","H2 + stored CO2 + AC to aggregate oil","FT direct electricity and H2 production withdrawals endogenous","Meet existing fixed oil demand; no duplicate same-service H2 Load","Endogenous conversion and existing storage constraints","Existing legal supply/network locations","Power supply emissions retained; physical carbon origin/capture/re-emission traced","SUPPLY_OPTION_FROZEN; CHAIN_VALIDATION_PENDING","G2; G3","Existing component does not prove CO2/heat supply is reachable","USER_PHASE3B2_REQUEST","UNVERIFIED / PENDING; no numeric adoption","TRANSPORT_MINIMUM_DEFENSIBLE_BASELINE.md; mode accounting documents"
"Road FCEV","DEFERRED","H2","No first-baseline same-service load","No new FCEV demand","Not applicable","Not applicable","Not applicable","DEFERRED_BY_USER","NONE","No further transport study required","USER_PHASE3B2_REQUEST","UNVERIFIED / PENDING; no numeric adoption","TRANSPORT_MINIMUM_DEFENSIBLE_BASELINE.md; mode accounting documents"
"EV DSM / V2G","DEFERRED","electricity flexibility","No EV Store or reverse V2G Link in assembled baseline","Not applicable","Fixed EV shape; no optimized charging shift","Not applicable","Power generation accounted normally","DEFERRED_BY_USER; ASSEMBLY_MASK_CHECK","G2","Upstream switches exist; old charger limits are not accepted new constraints","USER_PHASE3B2_REQUEST","UNVERIFIED / PENDING; no numeric adoption","TRANSPORT_MINIMUM_DEFENSIBLE_BASELINE.md; mode accounting documents"
"Direct shipping H2","DEFERRED","H2","Do not create fixed H2 demand for same oil service","Fixed shipping fuel remains","Not applicable","Not applicable","No new direct marine H2 scenario","DEFERRED_BY_USER","NONE","FT H2 input remains legitimate supply-chain flow","USER_PHASE3B2_REQUEST","UNVERIFIED / PENDING; no numeric adoption","TRANSPORT_MINIMUM_DEFENSIBLE_BASELINE.md; mode accounting documents"
"Marine ammonia / methanol","DEFERRED","NH3 / methanol","No new marine conversion load","No new terminal marine fuel","Not applicable","Not applicable","Not applicable","DEFERRED_BY_USER","NONE","Industrial ammonia capability does not imply marine propulsion","USER_PHASE3B2_REQUEST","UNVERIFIED / PENDING; no numeric adoption","TRANSPORT_MINIMUM_DEFENSIBLE_BASELINE.md; mode accounting documents"
