name,total,ct,fraction
BN4 0,0.0,BN,0.0
ID_Java-Bali1 0,0.0,ID,0.0
ID_Kalimantan4 0,0.0,ID,0.0
ID_Kalimantan4 1,0.0,ID,0.0
ID_Kalimantan4 2,0.0,ID,0.0
ID_Kalimantan4 3,0.0,ID,0.0
ID_Kalimantan4 4,0.0,ID,0.0
ID_Kalimantan4 5,0.0,ID,0.0
ID_Maluku16 0,0.0,ID,0.0
ID_Maluku17 0,0.0,ID,0.0
ID_Maluku8 0,0.0,ID,0.0
ID_Nusa-Tenggara12 0,0.0,ID,0.0
ID_Nusa-Tenggara13 0,0.0,ID,0.0
ID_Nusa-Tenggara14 0,0.0,ID,0.0
ID_Nusa-Tenggara15 0,0.0,ID,0.0
ID_Papua18 0,0.0,ID,0.0
ID_Papua19 0,0.0,ID,0.0
ID_Papua20 0,0.0,ID,0.0
ID_Sulawesi0 0,0.0,ID,0.0
ID_Sumatra2 0,0.0,ID,0.0
ID_Sumatra3 0,0.0,ID,0.0
ID_Sumatra3 1,0.0,ID,0.0
KH2 0,0.0,KH,0.0
LA2 0,0.0,LA,0.0
LA2 1,0.0,LA,0.0
MM2 0,0.0,MM,0.0
MM2 1,0.0,MM,0.0
MM2 2,0.0,MM,0.0
MM2 3,0.0,MM,0.0
MM2 4,0.0,MM,0.0
MM2 5,0.0,MM,0.0
MM2 6,0.0,MM,0.0
MY_Peninsular2 0,0.0,MY,0.0
MY_Sabah4 0,0.0,MY,0.0
MY_Sarawak4 0,0.0,MY,0.0
PH5 0,0.0,PH,0.0
PH_Luzon5 0,0.0,PH,0.0
PH_Luzon9 0,0.0,PH,0.0
PH_Mindanao6 0,0.0,PH,0.0
PH_Visayas10 0,0.0,PH,0.0
PH_Visayas7 0,0.0,PH,0.0
SG2 0,0.0,SG,0.0
TH2 0,0.0,TH,0.0
TH2 1,0.0,TH,0.0
TL11 0,0.0,TL,0.0
VN2 0,0.0,VN,0.0
VN2 1,0.0,VN,0.0
VN2 2,0.0,VN,0.0
