Country or Area,Commodity - Transaction,Year,Unit,Quantity,Quantity Footnotes,source_file
Timor-Leste,Liquefied petroleum gas (LPG) - Imports,2019.0,"Metric tons,  thousand",0.92,,UNdata_Export_20250502_110656973.txt
Timor-Leste,Liquified Petroleum Gas (LPG) - Final energy consumption,2019.0,"Metric tons,  thousand",0.92,1.0,UNdata_Export_20250502_110656973.txt
Timor-Leste,Liquefied petroleum gas (LPG) - Consumption by other,2019.0,"Metric tons,  thousand",0.92,1.0,UNdata_Export_20250502_110656973.txt
Timor-Leste,Liquefied petroleum gas (LPG) - Consumption by other consumers not elsewhere specified,2019.0,"Metric tons,  thousand",0.92,1.0,UNdata_Export_20250502_110656973.txt
Timor-Leste,Liquefied petroleum gas (LPG) - Total energy supply,2019.0,"Metric tons,  thousand",0.92,,UNdata_Export_20250502_110656973.txt
Timor-Leste,Liquefied petroleum gas (LPG) - Final consumption,2019.0,"Metric tons,  thousand",0.92,1.0,UNdata_Export_20250502_110656973.txt
Timor-Leste,Fuelwood - Production,2019.0,"Cubic metres, thousand",81.234,,UNdata_Export_20250502_110532316.txt
Timor-Leste,Fuelwood - Final energy consumption,2019.0,"Cubic metres, thousand",81.234,1.0,UNdata_Export_20250502_110532316.txt
Timor-Leste,Fuelwood - Consumption by other,2019.0,"Cubic metres, thousand",81.234,1.0,UNdata_Export_20250502_110532316.txt
Timor-Leste,Fuelwood - Consumption by households,2019.0,"Cubic metres, thousand",81.234,1.0,UNdata_Export_20250502_110532316.txt
Timor-Leste,Fuelwood - Total energy supply,2019.0,"Cubic metres, thousand",81.234,,UNdata_Export_20250502_110532316.txt
Timor-Leste,Fuelwood - Final consumption,2019.0,"Cubic metres, thousand",81.234,1.0,UNdata_Export_20250502_110532316.txt
Timor-Leste,Motor Gasoline - Imports,2019.0,"Metric tons,  thousand",34.53,,UNdata_Export_20250502_110709784.txt
Timor-Leste,Motor Gasoline - Final energy consumption,2019.0,"Metric tons,  thousand",34.53,1.0,UNdata_Export_20250502_110709784.txt
Timor-Leste,Motor Gasoline - Consumption by transport,2019.0,"Metric tons,  thousand",34.53,1.0,UNdata_Export_20250502_110709784.txt
Timor-Leste,Motor Gasoline - Consumption in road,2019.0,"Metric tons,  thousand",34.53,1.0,UNdata_Export_20250502_110709784.txt
Timor-Leste,Motor Gasoline - Total energy supply,2019.0,"Metric tons,  thousand",34.53,,UNdata_Export_20250502_110709784.txt
Timor-Leste,Motor Gasoline - Final consumption,2019.0,"Metric tons,  thousand",34.53,1.0,UNdata_Export_20250502_110709784.txt
Timor-Leste,Natural gas (including LNG) - production,2019.0,Terajoules,183311.18058,,UNdata_Export_20250502_110721508.txt
Timor-Leste,Natural gas - Gross production,2019.0,Terajoules,245171.17188,,UNdata_Export_20250502_110721508.txt
Timor-Leste,Natural gas (including LNG) - exports,2019.0,Terajoules,183311.18058,,UNdata_Export_20250502_110721508.txt
Timor-Leste,Natural gas (including LNG) - re-injected,2019.0,Terajoules,60209.403,,UNdata_Export_20250502_110721508.txt
Timor-Leste,Natural gas (including LNG) - flared and vented,2019.0,Terajoules,1650.5883,,UNdata_Export_20250502_110721508.txt
Timor-Leste,Natural gas (including LNG) - Flared,2019.0,Terajoules,1650.5883,,UNdata_Export_20250502_110721508.txt
Timor-Leste,Natural gas (including LNG) - total energy supply,2019.0,Terajoules,0.0,,UNdata_Export_20250502_110721508.txt
Timor-Leste,Lubricants - Imports,2019.0,"Metric tons,  thousand",1.71,,UNdata_Export_20250502_110704276.txt
Timor-Leste,Lubricants - Non-energy uses,2019.0,"Metric tons,  thousand",1.71,,UNdata_Export_20250502_110704276.txt
Timor-Leste,Lubricants - Total energy supply,2019.0,"Metric tons,  thousand",1.71,,UNdata_Export_20250502_110704276.txt
Timor-Leste,Lubricants - Final consumption,2019.0,"Metric tons,  thousand",1.71,,UNdata_Export_20250502_110704276.txt
Timor-Leste,Crude petroleum - reserves,2019.0,"Metric tons,  thousand",59000.0,1.0,UNdata_Export_20250502_110441347.txt
Timor-Leste,"Electricity - total net installed capacity of electric power plants, main activity & autoproducer",2019.0,"Kilowatts,  thousand",283.422,,UNdata_Export_20250502_110505470.txt
Timor-Leste,"Electricity - total net installed capacity of electric power plants, hydro",2019.0,"Kilowatts,  thousand",0.325,,UNdata_Export_20250502_110505470.txt
Timor-Leste,"Electricity - net installed capacity of electric power plants, public hydro",2019.0,"Kilowatts,  thousand",0.325,,UNdata_Export_20250502_110505470.txt
Timor-Leste,"Electricity - total net installed capacity of electric power plants, combustible fuels",2019.0,"Kilowatts,  thousand",282.5,,UNdata_Export_20250502_110505470.txt
Timor-Leste,"Electricity - net installed capacity of electric power plants, public combustible fuels",2019.0,"Kilowatts,  thousand",282.5,,UNdata_Export_20250502_110505470.txt
Timor-Leste,"Electricity - total net installed capacity of electric power plants, solar",2019.0,"Kilowatts,  thousand",0.597,,UNdata_Export_20250502_110505470.txt
Timor-Leste,Electricity - net installed capacity of electric power plants public solar,2019.0,"Kilowatts,  thousand",0.597,,UNdata_Export_20250502_110505470.txt
Timor-Leste,"Electricity - total net installed capacity of electric power plants, main activity",2019.0,"Kilowatts,  thousand",283.422,,UNdata_Export_20250502_110505470.txt
Timor-Leste,Kerosene-type Jet Fuel - Imports,2019.0,"Metric tons,  thousand",2.92,,UNdata_Export_20250502_110648146.txt
Timor-Leste,Kerosene-type Jet Fuel - International aviation bunkers,2019.0,"Metric tons,  thousand",2.92,1.0,UNdata_Export_20250502_110648146.txt
Timor-Leste,Kerosene-type Jet Fuel - Total energy supply,2019.0,"Metric tons,  thousand",0.0,,UNdata_Export_20250502_110648146.txt
Timor-Leste,Electricity - Gross production,2019.0,"Kilowatt-hours, million",517.673,,UNdata_Export_20250502_110820872.txt
Timor-Leste,From combustible fuels – Main activity,2019.0,"Kilowatt-hours, million",515.247,,UNdata_Export_20250502_110820872.txt
Timor-Leste,From combustible fuels – Main activity – Electricity plants,2019.0,"Kilowatt-hours, million",515.247,,UNdata_Export_20250502_110820872.txt
Timor-Leste,Hydro – Main activity,2019.0,"Kilowatt-hours, million",1.5,,UNdata_Export_20250502_110820872.txt
Timor-Leste,Solar – Main activity,2019.0,"Kilowatt-hours, million",0.926,,UNdata_Export_20250502_110820872.txt
Timor-Leste,Solar photovoltaic – Main activity,2019.0,"Kilowatt-hours, million",0.926,,UNdata_Export_20250502_110820872.txt
Timor-Leste,Electricity - net production,2019.0,"Kilowatt-hours, million",486.433,1.0,UNdata_Export_20250502_110820872.txt
Timor-Leste,"Electricity - Own use by electricity, heat and CHP plants",2019.0,"Kilowatt-hours, million",31.24,,UNdata_Export_20250502_110820872.txt
Timor-Leste,Electricity - Losses,2019.0,"Kilowatt-hours, million",103.0,1.0,UNdata_Export_20250502_110820872.txt
Timor-Leste,Electricity - Final energy consumption,2019.0,"Kilowatt-hours, million",384.247,,UNdata_Export_20250502_110820872.txt
Timor-Leste,Electricity - Consumption by other,2019.0,"Kilowatt-hours, million",384.247,,UNdata_Export_20250502_110820872.txt
Timor-Leste,Electricity - Consumption by households,2019.0,"Kilowatt-hours, million",133.342,,UNdata_Export_20250502_110820872.txt
Timor-Leste,Electricity - Consumption not elsewhere specified (other),2019.0,"Kilowatt-hours, million",160.105,1.0,UNdata_Export_20250502_110820872.txt
Timor-Leste,Electricity - Consumption by commercial and public services,2019.0,"Kilowatt-hours, million",90.8,,UNdata_Export_20250502_110820872.txt
Timor-Leste,"Electricity - total production, main activity",2019.0,"Kilowatt-hours, million",517.673,,UNdata_Export_20250502_110820872.txt
Timor-Leste,Electricity - Gross demand,2019.0,"Kilowatt-hours, million",486.433,1.0,UNdata_Export_20250502_110820872.txt
Timor-Leste,Aviation gasoline - Imports,2019.0,"Metric tons,  thousand",0.0002919708029197,,UNdata_Export_20250502_110251099.txt
Timor-Leste,Aviation gasoline - Final energy consumption,2019.0,"Metric tons,  thousand",0.0145985401459854,1.0,UNdata_Export_20250502_110251099.txt
Timor-Leste,Aviation gasoline - Consumption by transport,2019.0,"Metric tons,  thousand",0.0145985401459854,1.0,UNdata_Export_20250502_110251099.txt
Timor-Leste,Aviation gasoline - Consumption in domestic aviation,2019.0,"Metric tons,  thousand",0.0145985401459854,1.0,UNdata_Export_20250502_110251099.txt
Timor-Leste,Aviation gasoline - Total energy supply,2019.0,"Metric tons,  thousand",0.0002919708029197,,UNdata_Export_20250502_110251099.txt
Timor-Leste,Aviation gasoline - Final consumption,2019.0,"Metric tons,  thousand",0.0145985401459854,1.0,UNdata_Export_20250502_110251099.txt
Timor-Leste,Gas Oil/ Diesel Oil - Imports,2019.0,"Metric tons,  thousand",161.49,,UNdata_Export_20250502_110559984.txt
Timor-Leste,Gas Oil/ Diesel Oil - Transformation,2019.0,"Metric tons,  thousand",98.51,,UNdata_Export_20250502_110559984.txt
Timor-Leste,"Gas Oil/ Diesel Oil - Transformation in electricity, CHP and heat plants",2019.0,"Metric tons,  thousand",98.51,,UNdata_Export_20250502_110559984.txt
Timor-Leste,Gas Oil/ Diesel Oil - Transformation in electricity plants - main activity producers,2019.0,"Metric tons,  thousand",98.51,,UNdata_Export_20250502_110559984.txt
Timor-Leste,Gas Oil/ Diesel Oil - Final energy consumption,2019.0,"Metric tons,  thousand",62.98,,UNdata_Export_20250502_110559984.txt
Timor-Leste,Gas Oil/ Diesel Oil - Consumption by transport,2019.0,"Metric tons,  thousand",62.98,,UNdata_Export_20250502_110559984.txt
Timor-Leste,Gas Oil/ Diesel Oil - Consumption not elsewhere specified (transport),2019.0,"Metric tons,  thousand",62.98,,UNdata_Export_20250502_110559984.txt
Timor-Leste,Gas Oil/ Diesel Oil - Total energy supply,2019.0,"Metric tons,  thousand",161.49,,UNdata_Export_20250502_110559984.txt
Timor-Leste,Gas Oil/ Diesel Oil - Final consumption,2019.0,"Metric tons,  thousand",62.98,,UNdata_Export_20250502_110559984.txt
Timor-Leste,Natural gas liquids - Production,2019.0,"Metric tons,  thousand",906.1,,UNdata_Export_20250502_110746038.txt
Timor-Leste,Natural gas liquids - Exports,2019.0,"Metric tons,  thousand",906.1,,UNdata_Export_20250502_110746038.txt
Timor-Leste,Natural gas liquids - Total energy supply,2019.0,"Metric tons,  thousand",0.0,,UNdata_Export_20250502_110746038.txt
Timor-Leste,Bitumen - Imports,2019.0,"Metric tons,  thousand",10.88,,UNdata_Export_20250502_110337631.txt
Timor-Leste,Bitumen - Non-energy uses,2019.0,"Metric tons,  thousand",10.88,,UNdata_Export_20250502_110337631.txt
Timor-Leste,Bitumen - Total energy supply,2019.0,"Metric tons,  thousand",10.88,,UNdata_Export_20250502_110337631.txt
Timor-Leste,Bitumen - Final consumption,2019.0,"Metric tons,  thousand",10.88,,UNdata_Export_20250502_110337631.txt
