ktonNH3/a,2019,2020,2021,2022,2023
AF,58.28571428571428,NULL,NULL,NULL,NULL
DZ,2914.285714285714,2792.8571428571427,3157.142857142857,3157.142857142857,2428.5714285714284
AR,740.7142857142857,777.1428571428571,582.8571428571428,862.1428571428571,740.7142857142857
AU,1821.4285714285713,1942.8571428571427,2064.285714285714,1821.4285714285713,1578.5714285714284
AT,552.5,514.8571428571428,527.0,456.57142857142856,461.4285714285714
BH,465.07142857142856,462.6428571428571,458.99999999999994,420.1428571428571,469.9285714285714
BD,728.5714285714286,1019.9999999999999,959.2857142857142,898.5714285714286,898.5714285714286
BY,1040.642857142857,926.4999999999999,970.2142857142857,777.1428571428571,971.4285714285713
BE,1056.4285714285713,1032.142857142857,825.7142857142857,704.2857142857142,728.5714285714286
BR,388.57142857142856,145.7142857142857,485.71428571428567,728.5714285714286,546.4285714285713
BG,279.2857142857143,279.2857142857143,342.4285714285714,269.57142857142856,240.42857142857142
CA,4746.642857142857,4729.642857142857,4559.642857142857,4138.285714285714,4366.571428571428
CN,47262.428571428565,51076.49999999999,51797.78571428571,54642.85714285714,57071.428571428565
HR,478.4285714285714,451.71428571428567,286.57142857142856,54.64285714285714,108.07142857142857
CZ,157.85714285714283,112.92857142857142,218.57142857142856,206.42857142857142,170.0
EG,5100.0,5100.0,4857.142857142857,4978.571428571428,5464.285714285714
EE,26.71428571428571,23.07142857142857,20.642857142857142,23.07142857142857,2.4285714285714284
FI,94.71428571428571,94.71428571428571,NULL,NULL,NULL
FR,1073.4285714285713,1072.2142857142856,914.3571428571428,854.8571428571428,692.1428571428571
GE,242.85714285714283,242.85714285714283,218.57142857142856,218.57142857142856,218.57142857142856
DE,2932.4999999999995,2832.928571428571,2778.285714285714,1772.8571428571427,2088.5714285714284
GR,133.57142857142856,121.42857142857142,114.14285714285714,157.85714285714283,89.85714285714285
HU,463.85714285714283,522.1428571428571,485.71428571428567,267.1428571428571,400.71428571428567
IN,14814.285714285714,14814.285714285714,14692.857142857141,16635.714285714283,18578.571428571428
ID,7407.142857142857,7164.285714285714,7285.714285714285,7285.714285714285,7042.857142857142
IR,4250.0,4371.428571428571,4857.142857142857,5342.857142857142,5100.0
IQ,115.35714285714285,109.28571428571428,109.28571428571428,109.28571428571428,109.28571428571428
IT,578.0,752.8571428571428,522.1428571428571,194.28571428571428,315.71428571428567
JP,842.7142857142857,780.7857142857142,839.0714285714286,814.7857142857142,735.8571428571428
KZ,216.14285714285714,217.35714285714283,258.6428571428571,314.5,293.85714285714283
KP,42.5,NULL,NULL,NULL,NULL
LY,109.28571428571428,30.357142857142854,254.99999999999997,254.99999999999997,303.57142857142856
LT,1050.3571428571427,1023.6428571428571,869.4285714285713,523.3571428571428,513.6428571428571
MY,1457.142857142857,1578.5714285714284,1699.9999999999998,1699.9999999999998,1699.9999999999998
MX,NULL,136.0,244.07142857142856,278.07142857142856,205.2142857142857
NL,2671.428571428571,2550.0,2428.5714285714284,2428.5714285714284,2428.5714285714284
NZ,133.57142857142856,133.57142857142856,133.57142857142856,157.85714285714283,133.57142857142856
NG,849.9999999999999,862.1428571428571,1942.8571428571427,2550.0,2064.285714285714
NO,364.2857142857143,400.71428571428567,400.71428571428567,400.71428571428567,400.71428571428567
OM,2088.5714285714284,2100.7142857142853,2112.8571428571427,2088.5714285714284,2428.5714285714284
PK,4007.142857142857,4250.0,4104.285714285714,4103.071428571428,4250.0
PE,14.57142857142857,13.357142857142856,13.357142857142856,14.57142857142857,14.57142857142857
PL,2551.2142857142853,2746.7142857142853,2622.8571428571427,2205.142857142857,1897.9285714285713
QA,3824.9999999999995,4007.142857142857,3970.7142857142853,3776.428571428571,3703.5714285714284
RO,570.7142857142857,849.9999999999999,534.2857142857142,48.57142857142857,46.14285714285714
RU,19188.142857142855,19581.571428571428,19792.85714285714,17000.0,17000.0
SA,4857.142857142857,5221.428571428571,4492.857142857142,4857.142857142857,6557.142857142857
SK,507.57142857142856,431.07142857142856,598.6428571428571,463.85714285714283,461.4285714285714
ZA,558.5714285714286,546.4285714285713,522.1428571428571,497.85714285714283,534.2857142857142
ES,534.2857142857142,509.99999999999994,424.99999999999994,376.4285714285714,424.99999999999994
CH,17.0,12.142857142857142,19.428571428571427,17.0,17.0
SY,36.42857142857142,30.357142857142854,30.357142857142854,30.357142857142854,30.357142857142854
TT,5433.928571428571,5057.5,4920.285714285714,4501.357142857142,3902.7142857142853
TR,473.57142857142856,449.2857142857143,813.5714285714286,546.4285714285713,327.85714285714283
TM,728.5714285714286,801.4285714285713,569.5,728.5714285714286,675.1428571428571
UA,1823.8571428571427,2797.7142857142853,2635.0,849.9999999999999,1019.9999999999999
AE,1117.142857142857,1129.2857142857142,1080.7142857142856,1044.2857142857142,1068.5714285714284
GB,959.2857142857142,1044.2857142857142,764.9999999999999,364.2857142857143,48.57142857142857
US,16392.85714285714,17000.0,15421.42857142857,16757.142857142855,16757.142857142855
UZ,1335.7142857142856,1092.8571428571427,1505.7142857142856,1639.2857142857142,1578.5714285714284
VE,230.7142857142857,230.7142857142857,218.57142857142856,279.2857142857143,509.99999999999994
VN,1396.4285714285713,1214.2857142857142,1481.4285714285713,1687.8571428571427,1748.5714285714284
ZW,4.857142857142857,4.857142857142857,4.857142857142857,4.857142857142857,4.857142857142857
