"Concept","Definition","Source","Unit","LocationInModel","Exogenous","Endogenous","LossInclusion","PotentialSectorCouplingDuplicate","EvidenceClass","Status","HumanConfirmation"
"Gross electricity generation","Generator-terminal output before station auxiliaries","MY NEB2016 PDF106; AEO C.5","annual MWh/GWh/TWh; power MW at snapshots","Generator output needs gross/net convention; AEO C.5 only says generation","source/input only where stated","source exogenous; dispatch endogenous","not necessarily final delivered energy","risk if used as final Load and own use/loss added again","SOURCE_DEFINITION_AND_CODE_OBSERVATION; mapping proposed","PENDING_MAPPING","PENDING"
"Net electricity generation","Gross generation less plant auxiliary electricity","MY NEB2016 PDF106","annual MWh/GWh/TWh; power MW at snapshots","Generator/Link bus output if convention is net","source/input only where stated","endogenous dispatch","station auxiliaries already removed; T&D not removed","gross/net generator inputs must align","SOURCE_DEFINITION_AND_CODE_OBSERVATION; mapping proposed","PENDING_MAPPING","PENDING"
"Electricity available for supply","Defined-stage supply after specified generation, trade, own-use adjustments","MY NEB2019 Table29 PDF72-73","annual MWh/GWh/TWh; power MW at snapshots","No common A* mapping established","source/input only where stated","source exogenous","definition-dependent","label alone insufficient","SOURCE_DEFINITION_AND_CODE_OBSERVATION; mapping proposed","PENDING_MAPPING","PENDING"
"Own use / auxiliary consumption","Energy sector use including power station auxiliaries, excluding final users","MY NEB2016 PDF105","annual MWh/GWh/TWh; power MW at snapshots","No separately verified common ASEAN electricity own-use account","source/input only where stated","source exogenous; explicit plant account could be endogenous","MY combines with external losses","double deduction/addition possible","SOURCE_DEFINITION_AND_CODE_OBSERVATION; mapping proposed","PENDING_MAPPING","PENDING"
"Transmission losses","Energy dissipated transporting electricity over transmission network","U solve_network; PyPSA0.30.3 transmission_losses default0","annual MWh/GWh/TWh; power MW at snapshots","AC Line losses not enabled by inspected solver call; Link efficiency separate","source/input only where stated","flow endogenous if explicitly modelled","not part of final-meter demand","risk only if preloaded and modelled again","SOURCE_DEFINITION_AND_CODE_OBSERVATION; mapping proposed","PENDING_MAPPING","PENDING"
"Distribution losses","Energy lost between distribution input and consumer meter","U prepare_sector_network:3402-3469","annual MWh/GWh/TWh; power MW at snapshots","Distribution Link efficiency1;0.97 multiplies AC Load","source/input only where stated","current load transform exogenous","not verified physical3% ASEAN loss","gross target plus future lossy Link would risk duplication","SOURCE_DEFINITION_AND_CODE_OBSERVATION; mapping proposed","PENDING_MAPPING","PENDING"
"Net imports / exports","Electricity imports minus exports over chosen border","MY NEB2019 Table29","annual MWh/GWh/TWh; power MW at snapshots","Cross-border Lines/Links; external exchanges require explicit boundary","source/input only where stated","optimized flows endogenous","not a loss term","do not allocate as losses or direct demand","SOURCE_DEFINITION_AND_CODE_OBSERVATION; mapping proposed","PENDING_MAPPING","PENDING"
"Final electricity consumption","Electricity delivered to final users, before their devices convert it to service","MY NEB2016 PDF105; AEO C.2","annual MWh/GWh/TWh; power MW at snapshots","Best-aligned candidate statistical parent A* before E3 heating transfer","source/input only where stated","base measurement exogenous","normally excludes upstream T&D/own use","future aggregate may already contain electrification later modelled","SOURCE_DEFINITION_AND_CODE_OBSERVATION; mapping proposed","PENDING_MAPPING","PENDING"
"Residential electricity","All residential final electricity including cooking/cooling/heating","U add_residential; MY Table42","annual MWh/GWh/TWh; power MW at snapshots","UNSD electricity residential; overwrites AC shape total","source/input only where stated","input exogenous","final-meter candidate; exact source alignment pending","water/space electricity must be transferred exactly once","SOURCE_DEFINITION_AND_CODE_OBSERVATION; mapping proposed","PENDING_MAPPING","PENDING"
"Services electricity","Service-activity final electricity under accepted activity crosswalk","U add_services; MY Table47","annual MWh/GWh/TWh; power MW at snapshots","services electricity Load, separate from AC","source/input only where stated","input exogenous","mapping to MY Commercial pending","do not add parent and end-use child as separate Loads","SOURCE_DEFINITION_AND_CODE_OBSERVATION; mapping proposed","PENDING_MAPPING","PENDING"
"Industry electricity","Industrial final direct electricity under chosen conversion boundary","U redistribute_industrial_load; AEO BAS assumptions","annual MWh/GWh/TWh; power MW at snapshots","industry electricity Load and conversion components","source/input only where stated","direct input exogenous; some conversion dispatch endogenous","source-dependent","generic target plus explicit processes may duplicate","SOURCE_DEFINITION_AND_CODE_OBSERVATION; mapping proposed","PENDING_MAPPING","PENDING"
"Transport electricity","Final traction/charging input according to source boundary","U prepare_sector_network; AEO PDF65","annual MWh/GWh/TWh; power MW at snapshots","framework capability only; no new Transport work","source/input only where stated","shares configured; charging dispatch potentially endogenous","charger losses depend on measuring point","existing electrified use versus explicit charging overlap","SOURCE_DEFINITION_AND_CODE_OBSERVATION; mapping proposed","PENDING_MAPPING","PENDING"
"Other final electricity","Retained final users outside accepted R/S; must have an auditable partition","Accepted E3 structure; MY Table17","annual MWh/GWh/TWh; power MW at snapshots","Proposed O; not a manufactured balancing correction","source/input only where stated","input exogenous","same meter as A* required","unclassified is not deleted or set to zero","SOURCE_DEFINITION_AND_CODE_OBSERVATION; mapping proposed","PENDING_MAPPING","PENDING"
"Endogenous conversion electricity","Electricity consumed to produce another modelled carrier or useful service","U prepare_sector_network","annual MWh/GWh/TWh; power MW at snapshots","Link input flows","source/input only where stated","endogenous","includes conversion requirements according to efficiencies","exclude same converted service from fixed direct demand","SOURCE_DEFINITION_AND_CODE_OBSERVATION; mapping proposed","PENDING_MAPPING","PENDING"
"Storage charging","Electricity moving into storage before later discharge","U battery storage Links","annual MWh/GWh/TWh; power MW at snapshots","Store/StorageUnit charging and converter Links","source/input only where stated","endogenous","charging losses handled once by storage model","not an extra fixed final-consumption Load","SOURCE_DEFINITION_AND_CODE_OBSERVATION; mapping proposed","PENDING_MAPPING","PENDING"
"Electrolysis electricity","Link input producing hydrogen with specified input-output efficiency","U prepare_sector_network; AEO PDF56/C.2","annual MWh/GWh/TWh; power MW at snapshots","electrolysis Link bus0","source/input only where stated","endogenous when retained in FullSC","conversion efficiency is distinct from T&D loss","supply generation may already include H2 transformation","SOURCE_DEFINITION_AND_CODE_OBSERVATION; mapping proposed","PENDING_MAPPING","PENDING"
"Heat-pump electricity","Electrical input needed for delivered heat at accepted COP boundary","U add_heat","annual MWh/GWh/TWh; power MW at snapshots","heat pump Link bus0","source/input only where stated","endogenous dispatch/capacity within configuration","COP converts electrical input to useful thermal output","do not preload future HP electricity plus heat service","SOURCE_DEFINITION_AND_CODE_OBSERVATION; mapping proposed","PENDING_MAPPING","PENDING"
"Resistive-heating electricity","Electric input to modelled resistance heater","U add_heat","annual MWh/GWh/TWh; power MW at snapshots","resistive heater Link bus0","source/input only where stated","endogenous dispatch/capacity within configuration","device/system efficiency not necessarily1","historical heating removed once then service regenerated","SOURCE_DEFINITION_AND_CODE_OBSERVATION; mapping proposed","PENDING_MAPPING","PENDING"
"System bus demand","Balance at a specified model bus including attached fixed loads and converter inputs","Inspected U network construction","annual MWh/GWh/TWh; power MW at snapshots","Bus balance constraints","source/input only where stated","fixed+endogenous","depends on bus placement and losses between buses","bus name cannot establish original statistic","SOURCE_DEFINITION_AND_CODE_OBSERVATION; mapping proposed","PENDING_MAPPING","PENDING"
"Direct electricity after E3","A* minus accepted historical residential/services electric space/water heating","Accepted E3 structure","annual MWh/GWh/TWh; power MW at snapshots","proposed D_accepted","source/input only where stated","exogenous future direct-service evolution requires separate contract","same meter/time basis as h_R/h_S","do not use AEO total unchanged and add all conversion demand","SOURCE_DEFINITION_AND_CODE_OBSERVATION; mapping proposed","PENDING_MAPPING","PENDING"
"Statistical discrepancy","Published supply-use mismatch under source accounting conventions","MY NEB2019 Table29 row13","annual MWh/GWh/TWh; power MW at snapshots","No invented balancing Load permitted","source/input only where stated","reported diagnostic exogenous","not a physical T&D loss","cannot fill model residual by silently adding it","SOURCE_DEFINITION_AND_CODE_OBSERVATION; mapping proposed","PENDING_MAPPING","PENDING"
