"RecordID","Year","Geography","Sector","Fuel","EndUse","RawValue","RawUnit","EnergyBasis","RowRole","RetainedDestination","Transformation","Comment","SourceID","SourceURL","SourceFile","SourceSHA256","SourceLocation","SourceVersion","AccessDate","EvidenceClass","Status","HumanConfirmation"
"MYL001","2016","Peninsular Malaysia","Residential","electricity","cooling","327","ktoe","final input; NCV for combustible fuels","ENDUSE_CHILD","direct electricity subaccount; no extra Load","identity; no national scaling or year bridge","","MY_NEB2016","https://www.st.gov.my/sites/default/files/2026-02/ST-NEB_2016_Booklet.pdf","../phase3a5/data/raw/buildings/malaysia-neb2016.pdf","64c1fb95c13b8767a320364a046f832e6072a7f1520fe77a1fd661572272e914","PDF95/printed95 Table42","National Energy Balance2016; released2018","2026-10-02","VERIFIED_SOURCE_TRANSCRIPTION","UNVERIFIED","PENDING"
"MYL002","2016","Peninsular Malaysia","Residential","electricity","water heating","70","ktoe","final input; NCV for combustible fuels","ENDUSE_CHILD","candidate historical electric water-heating account","identity; no national scaling or year bridge","","MY_NEB2016","https://www.st.gov.my/sites/default/files/2026-02/ST-NEB_2016_Booklet.pdf","../phase3a5/data/raw/buildings/malaysia-neb2016.pdf","64c1fb95c13b8767a320364a046f832e6072a7f1520fe77a1fd661572272e914","PDF95/printed95 Table42","National Energy Balance2016; released2018","2026-10-02","VERIFIED_SOURCE_TRANSCRIPTION","UNVERIFIED","PENDING"
"MYL003","2016","Peninsular Malaysia","Residential","electricity","lighting","233","ktoe","final input; NCV for combustible fuels","ENDUSE_CHILD","direct electricity subaccount; no extra Load","identity; no national scaling or year bridge","","MY_NEB2016","https://www.st.gov.my/sites/default/files/2026-02/ST-NEB_2016_Booklet.pdf","../phase3a5/data/raw/buildings/malaysia-neb2016.pdf","64c1fb95c13b8767a320364a046f832e6072a7f1520fe77a1fd661572272e914","PDF95/printed95 Table42","National Energy Balance2016; released2018","2026-10-02","VERIFIED_SOURCE_TRANSCRIPTION","UNVERIFIED","PENDING"
"MYL004","2016","Peninsular Malaysia","Residential","electricity","cooking","117","ktoe","final input; NCV for combustible fuels","ENDUSE_CHILD","direct electricity subaccount; no extra Load","identity; no national scaling or year bridge","","MY_NEB2016","https://www.st.gov.my/sites/default/files/2026-02/ST-NEB_2016_Booklet.pdf","../phase3a5/data/raw/buildings/malaysia-neb2016.pdf","64c1fb95c13b8767a320364a046f832e6072a7f1520fe77a1fd661572272e914","PDF95/printed95 Table42","National Energy Balance2016; released2018","2026-10-02","VERIFIED_SOURCE_TRANSCRIPTION","UNVERIFIED","PENDING"
"MYL005","2016","Peninsular Malaysia","Residential","electricity","appliances","1586","ktoe","final input; NCV for combustible fuels","ENDUSE_CHILD","direct electricity subaccount; no extra Load","identity; no national scaling or year bridge","","MY_NEB2016","https://www.st.gov.my/sites/default/files/2026-02/ST-NEB_2016_Booklet.pdf","../phase3a5/data/raw/buildings/malaysia-neb2016.pdf","64c1fb95c13b8767a320364a046f832e6072a7f1520fe77a1fd661572272e914","PDF95/printed95 Table42","National Energy Balance2016; released2018","2026-10-02","VERIFIED_SOURCE_TRANSCRIPTION","UNVERIFIED","PENDING"
"MYL006","2016","Peninsular Malaysia","Residential","electricity","ALL","2333","ktoe","final input; NCV for combustible fuels","PARENT_TOTAL","direct electricity subaccount; no extra Load","identity; no national scaling or year bridge","","MY_NEB2016","https://www.st.gov.my/sites/default/files/2026-02/ST-NEB_2016_Booklet.pdf","../phase3a5/data/raw/buildings/malaysia-neb2016.pdf","64c1fb95c13b8767a320364a046f832e6072a7f1520fe77a1fd661572272e914","PDF95/printed95 Table42","National Energy Balance2016; released2018","2026-10-02","VERIFIED_SOURCE_TRANSCRIPTION","UNVERIFIED","PENDING"
"MYL007","2016","Peninsular Malaysia","Residential","natural gas","cooking","1","ktoe","final input; NCV for combustible fuels","ENDUSE_CHILD","direct fuel; cooking NON-EXPLICIT + ACCOUNTING REQUIRED","identity; no national scaling or year bridge","","MY_NEB2016","https://www.st.gov.my/sites/default/files/2026-02/ST-NEB_2016_Booklet.pdf","../phase3a5/data/raw/buildings/malaysia-neb2016.pdf","64c1fb95c13b8767a320364a046f832e6072a7f1520fe77a1fd661572272e914","PDF95 Table42","National Energy Balance2016; released2018","2026-10-02","VERIFIED_SOURCE_TRANSCRIPTION","UNVERIFIED","PENDING"
"MYL008","2016","Peninsular Malaysia","Residential","LPG","cooking","538","ktoe","final input; NCV for combustible fuels","ENDUSE_CHILD","direct fuel; cooking NON-EXPLICIT + ACCOUNTING REQUIRED","identity; no national scaling or year bridge","","MY_NEB2016","https://www.st.gov.my/sites/default/files/2026-02/ST-NEB_2016_Booklet.pdf","../phase3a5/data/raw/buildings/malaysia-neb2016.pdf","64c1fb95c13b8767a320364a046f832e6072a7f1520fe77a1fd661572272e914","PDF95 Table42","National Energy Balance2016; released2018","2026-10-02","VERIFIED_SOURCE_TRANSCRIPTION","UNVERIFIED","PENDING"
"MYL009","2016","Peninsular Malaysia","Residential","kerosene","lighting","3","ktoe","final input; NCV for combustible fuels","ENDUSE_CHILD","direct fuel; cooking NON-EXPLICIT + ACCOUNTING REQUIRED","identity; no national scaling or year bridge","","MY_NEB2016","https://www.st.gov.my/sites/default/files/2026-02/ST-NEB_2016_Booklet.pdf","../phase3a5/data/raw/buildings/malaysia-neb2016.pdf","64c1fb95c13b8767a320364a046f832e6072a7f1520fe77a1fd661572272e914","PDF95 Table42","National Energy Balance2016; released2018","2026-10-02","VERIFIED_SOURCE_TRANSCRIPTION","UNVERIFIED","PENDING"
"MYL010","2016","Peninsular Malaysia","Residential","all fuels","cooking","655","ktoe","final input; NCV for combustible fuels","REPORTED_PARENT_TOTAL","pending mapping","identity; no national scaling or year bridge","fuel children sum656; printed total655; preserve discrepancy","MY_NEB2016","https://www.st.gov.my/sites/default/files/2026-02/ST-NEB_2016_Booklet.pdf","../phase3a5/data/raw/buildings/malaysia-neb2016.pdf","64c1fb95c13b8767a320364a046f832e6072a7f1520fe77a1fd661572272e914","PDF95 Table42","National Energy Balance2016; released2018","2026-10-02","VERIFIED_SOURCE_TRANSCRIPTION","UNVERIFIED","PENDING"
"MYL011","2016","Peninsular Malaysia","Commercial","electricity","cooling","16440.66","GWh","final input; NCV for combustible fuels","ENDUSE_CHILD","direct electricity subaccount; no extra Load","identity; no national scaling or year bridge","12 activity categories; Services mapping pending; child sum39105.57 versus parent39106.00","MY_NEB2016","https://www.st.gov.my/sites/default/files/2026-02/ST-NEB_2016_Booklet.pdf","../phase3a5/data/raw/buildings/malaysia-neb2016.pdf","64c1fb95c13b8767a320364a046f832e6072a7f1520fe77a1fd661572272e914","PDF103 Table47","National Energy Balance2016; released2018","2026-10-02","VERIFIED_SOURCE_TRANSCRIPTION","UNVERIFIED","PENDING"
"MYL012","2016","Peninsular Malaysia","Commercial","electricity","water heating","1034.62","GWh","final input; NCV for combustible fuels","ENDUSE_CHILD","candidate historical electric water-heating account","identity; no national scaling or year bridge","12 activity categories; Services mapping pending; child sum39105.57 versus parent39106.00","MY_NEB2016","https://www.st.gov.my/sites/default/files/2026-02/ST-NEB_2016_Booklet.pdf","../phase3a5/data/raw/buildings/malaysia-neb2016.pdf","64c1fb95c13b8767a320364a046f832e6072a7f1520fe77a1fd661572272e914","PDF103 Table47","National Energy Balance2016; released2018","2026-10-02","VERIFIED_SOURCE_TRANSCRIPTION","UNVERIFIED","PENDING"
"MYL013","2016","Peninsular Malaysia","Commercial","electricity","lighting","8516.23","GWh","final input; NCV for combustible fuels","ENDUSE_CHILD","direct electricity subaccount; no extra Load","identity; no national scaling or year bridge","12 activity categories; Services mapping pending; child sum39105.57 versus parent39106.00","MY_NEB2016","https://www.st.gov.my/sites/default/files/2026-02/ST-NEB_2016_Booklet.pdf","../phase3a5/data/raw/buildings/malaysia-neb2016.pdf","64c1fb95c13b8767a320364a046f832e6072a7f1520fe77a1fd661572272e914","PDF103 Table47","National Energy Balance2016; released2018","2026-10-02","VERIFIED_SOURCE_TRANSCRIPTION","UNVERIFIED","PENDING"
"MYL014","2016","Peninsular Malaysia","Commercial","electricity","other/unclassified","13114.06","GWh","final input; NCV for combustible fuels","ENDUSE_CHILD","direct electricity subaccount; no extra Load","identity; no national scaling or year bridge","12 activity categories; Services mapping pending; child sum39105.57 versus parent39106.00","MY_NEB2016","https://www.st.gov.my/sites/default/files/2026-02/ST-NEB_2016_Booklet.pdf","../phase3a5/data/raw/buildings/malaysia-neb2016.pdf","64c1fb95c13b8767a320364a046f832e6072a7f1520fe77a1fd661572272e914","PDF103 Table47","National Energy Balance2016; released2018","2026-10-02","VERIFIED_SOURCE_TRANSCRIPTION","UNVERIFIED","PENDING"
"MYL015","2016","Peninsular Malaysia","Commercial","electricity","ALL","39106","GWh","final input; NCV for combustible fuels","PARENT_TOTAL","direct electricity subaccount; no extra Load","identity; no national scaling or year bridge","12 activity categories; Services mapping pending; child sum39105.57 versus parent39106.00","MY_NEB2016","https://www.st.gov.my/sites/default/files/2026-02/ST-NEB_2016_Booklet.pdf","../phase3a5/data/raw/buildings/malaysia-neb2016.pdf","64c1fb95c13b8767a320364a046f832e6072a7f1520fe77a1fd661572272e914","PDF103 Table47","National Energy Balance2016; released2018","2026-10-02","VERIFIED_SOURCE_TRANSCRIPTION","UNVERIFIED","PENDING"
"MYL016","2016","Peninsular Malaysia","Commercial","LPG","other use","679","ktoe","final input; NCV for combustible fuels","FUEL_PARENT_TOTAL","pending mapping","identity; no national scaling or year bridge","not allocated to cooking or heat; preserve direct fuel unclassified","MY_NEB2016","https://www.st.gov.my/sites/default/files/2026-02/ST-NEB_2016_Booklet.pdf","../phase3a5/data/raw/buildings/malaysia-neb2016.pdf","64c1fb95c13b8767a320364a046f832e6072a7f1520fe77a1fd661572272e914","PDF104 Table48","National Energy Balance2016; released2018","2026-10-02","VERIFIED_SOURCE_TRANSCRIPTION","UNVERIFIED","PENDING"
"MYL017","2016","Peninsular Malaysia","Residential","electricity","space heating","","","final input; NCV for combustible fuels","MISSING_EVIDENCE","pending mapping","identity; no national scaling or year bridge","not separately reported; unknown, not zero","MY_NEB2016","https://www.st.gov.my/sites/default/files/2026-02/ST-NEB_2016_Booklet.pdf","../phase3a5/data/raw/buildings/malaysia-neb2016.pdf","64c1fb95c13b8767a320364a046f832e6072a7f1520fe77a1fd661572272e914","PDF95/103/105","National Energy Balance2016; released2018","2026-10-02","VERIFIED_SOURCE_TRANSCRIPTION","UNVERIFIED","PENDING"
"MYL018","2016","Peninsular Malaysia","Residential","biomass","unclassified","","","final input; NCV for combustible fuels","MISSING_EVIDENCE","pending mapping","identity; no national scaling or year bridge","non-commercial firewood/biomass excluded from NEB balance; not zero","MY_NEB2016","https://www.st.gov.my/sites/default/files/2026-02/ST-NEB_2016_Booklet.pdf","../phase3a5/data/raw/buildings/malaysia-neb2016.pdf","64c1fb95c13b8767a320364a046f832e6072a7f1520fe77a1fd661572272e914","PDF95/103/105","National Energy Balance2016; released2018","2026-10-02","VERIFIED_SOURCE_TRANSCRIPTION","UNVERIFIED","PENDING"
"MYL019","2016","Peninsular Malaysia","Residential","other fuels","unclassified","","","final input; NCV for combustible fuels","MISSING_EVIDENCE","pending mapping","identity; no national scaling or year bridge","not fully classified in end-use table; no filled zero","MY_NEB2016","https://www.st.gov.my/sites/default/files/2026-02/ST-NEB_2016_Booklet.pdf","../phase3a5/data/raw/buildings/malaysia-neb2016.pdf","64c1fb95c13b8767a320364a046f832e6072a7f1520fe77a1fd661572272e914","PDF95/103/105","National Energy Balance2016; released2018","2026-10-02","VERIFIED_SOURCE_TRANSCRIPTION","UNVERIFIED","PENDING"
"MYL020","2016","Peninsular Malaysia","Commercial","electricity","space heating","","","final input; NCV for combustible fuels","MISSING_EVIDENCE","pending mapping","identity; no national scaling or year bridge","not separately reported; unknown, not zero","MY_NEB2016","https://www.st.gov.my/sites/default/files/2026-02/ST-NEB_2016_Booklet.pdf","../phase3a5/data/raw/buildings/malaysia-neb2016.pdf","64c1fb95c13b8767a320364a046f832e6072a7f1520fe77a1fd661572272e914","PDF95/103/105","National Energy Balance2016; released2018","2026-10-02","VERIFIED_SOURCE_TRANSCRIPTION","UNVERIFIED","PENDING"
"MYL021","2016","Peninsular Malaysia","Commercial","biomass","unclassified","","","final input; NCV for combustible fuels","MISSING_EVIDENCE","pending mapping","identity; no national scaling or year bridge","non-commercial firewood/biomass excluded from NEB balance; not zero","MY_NEB2016","https://www.st.gov.my/sites/default/files/2026-02/ST-NEB_2016_Booklet.pdf","../phase3a5/data/raw/buildings/malaysia-neb2016.pdf","64c1fb95c13b8767a320364a046f832e6072a7f1520fe77a1fd661572272e914","PDF95/103/105","National Energy Balance2016; released2018","2026-10-02","VERIFIED_SOURCE_TRANSCRIPTION","UNVERIFIED","PENDING"
"MYL022","2016","Peninsular Malaysia","Commercial","other fuels","unclassified","","","final input; NCV for combustible fuels","MISSING_EVIDENCE","pending mapping","identity; no national scaling or year bridge","not fully classified in end-use table; no filled zero","MY_NEB2016","https://www.st.gov.my/sites/default/files/2026-02/ST-NEB_2016_Booklet.pdf","../phase3a5/data/raw/buildings/malaysia-neb2016.pdf","64c1fb95c13b8767a320364a046f832e6072a7f1520fe77a1fd661572272e914","PDF95/103/105","National Energy Balance2016; released2018","2026-10-02","VERIFIED_SOURCE_TRANSCRIPTION","UNVERIFIED","PENDING"
"MYL023","2016","National","Residential","electricity","ALL","31128","GWh","final input; NCV for combustible fuels","ALTERNATIVE_SECTOR_TOTAL","pending mapping","identity; no national scaling or year bridge","Table17 supplier-statistics family; do not mix with end-use survey or Table29","MY_NEB2016","https://www.st.gov.my/sites/default/files/2026-02/ST-NEB_2016_Booklet.pdf","../phase3a5/data/raw/buildings/malaysia-neb2016.pdf","64c1fb95c13b8767a320364a046f832e6072a7f1520fe77a1fd661572272e914","PDF59 Table17","National Energy Balance2016; released2018","2026-10-02","VERIFIED_SOURCE_TRANSCRIPTION","UNVERIFIED","PENDING"
"MYL024","2016","National","Commercial","electricity","ALL","44349","GWh","final input; NCV for combustible fuels","ALTERNATIVE_SECTOR_TOTAL","pending mapping","identity; no national scaling or year bridge","Table17 supplier-statistics family; do not mix with end-use survey or Table29","MY_NEB2016","https://www.st.gov.my/sites/default/files/2026-02/ST-NEB_2016_Booklet.pdf","../phase3a5/data/raw/buildings/malaysia-neb2016.pdf","64c1fb95c13b8767a320364a046f832e6072a7f1520fe77a1fd661572272e914","PDF59 Table17","National Energy Balance2016; released2018","2026-10-02","VERIFIED_SOURCE_TRANSCRIPTION","UNVERIFIED","PENDING"
"MYL025","2016","National","Industry","electricity","ALL","67664","GWh","final input; NCV for combustible fuels","ALTERNATIVE_SECTOR_TOTAL","pending mapping","identity; no national scaling or year bridge","Table17 supplier-statistics family; do not mix with end-use survey or Table29","MY_NEB2016","https://www.st.gov.my/sites/default/files/2026-02/ST-NEB_2016_Booklet.pdf","../phase3a5/data/raw/buildings/malaysia-neb2016.pdf","64c1fb95c13b8767a320364a046f832e6072a7f1520fe77a1fd661572272e914","PDF59 Table17","National Energy Balance2016; released2018","2026-10-02","VERIFIED_SOURCE_TRANSCRIPTION","UNVERIFIED","PENDING"
"MYL026","2016","National","Transport","electricity","ALL","340","GWh","final input; NCV for combustible fuels","ALTERNATIVE_SECTOR_TOTAL","pending mapping","identity; no national scaling or year bridge","Table17 supplier-statistics family; do not mix with end-use survey or Table29","MY_NEB2016","https://www.st.gov.my/sites/default/files/2026-02/ST-NEB_2016_Booklet.pdf","../phase3a5/data/raw/buildings/malaysia-neb2016.pdf","64c1fb95c13b8767a320364a046f832e6072a7f1520fe77a1fd661572272e914","PDF59 Table17","National Energy Balance2016; released2018","2026-10-02","VERIFIED_SOURCE_TRANSCRIPTION","UNVERIFIED","PENDING"
"MYL027","2016","National","Agriculture","electricity","ALL","543","GWh","final input; NCV for combustible fuels","ALTERNATIVE_SECTOR_TOTAL","pending mapping","identity; no national scaling or year bridge","Table17 supplier-statistics family; do not mix with end-use survey or Table29","MY_NEB2016","https://www.st.gov.my/sites/default/files/2026-02/ST-NEB_2016_Booklet.pdf","../phase3a5/data/raw/buildings/malaysia-neb2016.pdf","64c1fb95c13b8767a320364a046f832e6072a7f1520fe77a1fd661572272e914","PDF59 Table17","National Energy Balance2016; released2018","2026-10-02","VERIFIED_SOURCE_TRANSCRIPTION","UNVERIFIED","PENDING"
"MYL028","2016","National","ALL","electricity","ALL","144024","GWh","final input; NCV for combustible fuels","ALTERNATIVE_SECTOR_TOTAL","pending mapping","identity; no national scaling or year bridge","Table17 supplier-statistics family; do not mix with end-use survey or Table29","MY_NEB2016","https://www.st.gov.my/sites/default/files/2026-02/ST-NEB_2016_Booklet.pdf","../phase3a5/data/raw/buildings/malaysia-neb2016.pdf","64c1fb95c13b8767a320364a046f832e6072a7f1520fe77a1fd661572272e914","PDF59 Table17","National Energy Balance2016; released2018","2026-10-02","VERIFIED_SOURCE_TRANSCRIPTION","UNVERIFIED","PENDING"
"MYL029","2016","Peninsular Malaysia","Residential","electricity","ALL","27119","GWh","final input; NCV for combustible fuels","ALTERNATIVE_SECTOR_TOTAL","pending mapping","identity; no national scaling or year bridge","Table17 supplier-statistics family; do not mix with end-use survey or Table29","MY_NEB2016","https://www.st.gov.my/sites/default/files/2026-02/ST-NEB_2016_Booklet.pdf","../phase3a5/data/raw/buildings/malaysia-neb2016.pdf","64c1fb95c13b8767a320364a046f832e6072a7f1520fe77a1fd661572272e914","PDF59 Table17","National Energy Balance2016; released2018","2026-10-02","VERIFIED_SOURCE_TRANSCRIPTION","UNVERIFIED","PENDING"
"MYL030","2016","Peninsular Malaysia","Commercial","electricity","ALL","39484","GWh","final input; NCV for combustible fuels","ALTERNATIVE_SECTOR_TOTAL","pending mapping","identity; no national scaling or year bridge","Table17 supplier-statistics family; do not mix with end-use survey or Table29","MY_NEB2016","https://www.st.gov.my/sites/default/files/2026-02/ST-NEB_2016_Booklet.pdf","../phase3a5/data/raw/buildings/malaysia-neb2016.pdf","64c1fb95c13b8767a320364a046f832e6072a7f1520fe77a1fd661572272e914","PDF59 Table17","National Energy Balance2016; released2018","2026-10-02","VERIFIED_SOURCE_TRANSCRIPTION","UNVERIFIED","PENDING"
"MYL031","2016","Peninsular Malaysia","Industry","electricity","ALL","49043","GWh","final input; NCV for combustible fuels","ALTERNATIVE_SECTOR_TOTAL","pending mapping","identity; no national scaling or year bridge","Table17 supplier-statistics family; do not mix with end-use survey or Table29","MY_NEB2016","https://www.st.gov.my/sites/default/files/2026-02/ST-NEB_2016_Booklet.pdf","../phase3a5/data/raw/buildings/malaysia-neb2016.pdf","64c1fb95c13b8767a320364a046f832e6072a7f1520fe77a1fd661572272e914","PDF59 Table17","National Energy Balance2016; released2018","2026-10-02","VERIFIED_SOURCE_TRANSCRIPTION","UNVERIFIED","PENDING"
"MYL032","2016","Peninsular Malaysia","Transport","electricity","ALL","340","GWh","final input; NCV for combustible fuels","ALTERNATIVE_SECTOR_TOTAL","pending mapping","identity; no national scaling or year bridge","Table17 supplier-statistics family; do not mix with end-use survey or Table29","MY_NEB2016","https://www.st.gov.my/sites/default/files/2026-02/ST-NEB_2016_Booklet.pdf","../phase3a5/data/raw/buildings/malaysia-neb2016.pdf","64c1fb95c13b8767a320364a046f832e6072a7f1520fe77a1fd661572272e914","PDF59 Table17","National Energy Balance2016; released2018","2026-10-02","VERIFIED_SOURCE_TRANSCRIPTION","UNVERIFIED","PENDING"
"MYL033","2016","Peninsular Malaysia","Agriculture","electricity","ALL","543.3","GWh","final input; NCV for combustible fuels","ALTERNATIVE_SECTOR_TOTAL","pending mapping","identity; no national scaling or year bridge","Table17 supplier-statistics family; do not mix with end-use survey or Table29","MY_NEB2016","https://www.st.gov.my/sites/default/files/2026-02/ST-NEB_2016_Booklet.pdf","../phase3a5/data/raw/buildings/malaysia-neb2016.pdf","64c1fb95c13b8767a320364a046f832e6072a7f1520fe77a1fd661572272e914","PDF59 Table17","National Energy Balance2016; released2018","2026-10-02","VERIFIED_SOURCE_TRANSCRIPTION","UNVERIFIED","PENDING"
"MYL034","2016","Peninsular Malaysia","ALL","electricity","ALL","116529","GWh","final input; NCV for combustible fuels","ALTERNATIVE_SECTOR_TOTAL","pending mapping","identity; no national scaling or year bridge","Table17 supplier-statistics family; do not mix with end-use survey or Table29","MY_NEB2016","https://www.st.gov.my/sites/default/files/2026-02/ST-NEB_2016_Booklet.pdf","../phase3a5/data/raw/buildings/malaysia-neb2016.pdf","64c1fb95c13b8767a320364a046f832e6072a7f1520fe77a1fd661572272e914","PDF59 Table17","National Energy Balance2016; released2018","2026-10-02","VERIFIED_SOURCE_TRANSCRIPTION","UNVERIFIED","PENDING"
"MYL035","2019","National","Residential","electricity","ALL","33322","GWh","final input; NCV for combustible fuels","ALTERNATIVE_SECTOR_TOTAL","pending mapping","identity; no national scaling or year bridge","Table17 supplier-statistics family; do not mix with end-use survey or Table29","MY_NEB2019","https://www.st.gov.my/sites/default/files/2026-02/NEB_2019.pdf","data/raw/malaysia-neb2019.pdf","141f20588ead46a942526a1e6c0a7f730a67cd586f071868f68294492aad3009","PDF57 Table17","National Energy Balance2019; ST(P)02/02/2022","2026-10-02","VERIFIED_SOURCE_TRANSCRIPTION","UNVERIFIED","PENDING"
"MYL036","2019","National","Commercial","electricity","ALL","45713","GWh","final input; NCV for combustible fuels","ALTERNATIVE_SECTOR_TOTAL","pending mapping","identity; no national scaling or year bridge","Table17 supplier-statistics family; do not mix with end-use survey or Table29","MY_NEB2019","https://www.st.gov.my/sites/default/files/2026-02/NEB_2019.pdf","data/raw/malaysia-neb2019.pdf","141f20588ead46a942526a1e6c0a7f730a67cd586f071868f68294492aad3009","PDF57 Table17","National Energy Balance2019; ST(P)02/02/2022","2026-10-02","VERIFIED_SOURCE_TRANSCRIPTION","UNVERIFIED","PENDING"
"MYL037","2019","National","Industry","electricity","ALL","78427","GWh","final input; NCV for combustible fuels","ALTERNATIVE_SECTOR_TOTAL","pending mapping","identity; no national scaling or year bridge","Table17 supplier-statistics family; do not mix with end-use survey or Table29","MY_NEB2019","https://www.st.gov.my/sites/default/files/2026-02/NEB_2019.pdf","data/raw/malaysia-neb2019.pdf","141f20588ead46a942526a1e6c0a7f730a67cd586f071868f68294492aad3009","PDF57 Table17","National Energy Balance2019; ST(P)02/02/2022","2026-10-02","VERIFIED_SOURCE_TRANSCRIPTION","UNVERIFIED","PENDING"
"MYL038","2019","National","Transport","electricity","ALL","477","GWh","final input; NCV for combustible fuels","ALTERNATIVE_SECTOR_TOTAL","pending mapping","identity; no national scaling or year bridge","Table17 supplier-statistics family; do not mix with end-use survey or Table29","MY_NEB2019","https://www.st.gov.my/sites/default/files/2026-02/NEB_2019.pdf","data/raw/malaysia-neb2019.pdf","141f20588ead46a942526a1e6c0a7f730a67cd586f071868f68294492aad3009","PDF57 Table17","National Energy Balance2019; ST(P)02/02/2022","2026-10-02","VERIFIED_SOURCE_TRANSCRIPTION","UNVERIFIED","PENDING"
"MYL039","2019","National","Agriculture","electricity","ALL","663","GWh","final input; NCV for combustible fuels","ALTERNATIVE_SECTOR_TOTAL","pending mapping","identity; no national scaling or year bridge","Table17 supplier-statistics family; do not mix with end-use survey or Table29","MY_NEB2019","https://www.st.gov.my/sites/default/files/2026-02/NEB_2019.pdf","data/raw/malaysia-neb2019.pdf","141f20588ead46a942526a1e6c0a7f730a67cd586f071868f68294492aad3009","PDF57 Table17","National Energy Balance2019; ST(P)02/02/2022","2026-10-02","VERIFIED_SOURCE_TRANSCRIPTION","UNVERIFIED","PENDING"
"MYL040","2019","National","ALL","electricity","ALL","158603","GWh","final input; NCV for combustible fuels","ALTERNATIVE_SECTOR_TOTAL","pending mapping","identity; no national scaling or year bridge","Table17 supplier-statistics family; do not mix with end-use survey or Table29","MY_NEB2019","https://www.st.gov.my/sites/default/files/2026-02/NEB_2019.pdf","data/raw/malaysia-neb2019.pdf","141f20588ead46a942526a1e6c0a7f730a67cd586f071868f68294492aad3009","PDF57 Table17","National Energy Balance2019; ST(P)02/02/2022","2026-10-02","VERIFIED_SOURCE_TRANSCRIPTION","UNVERIFIED","PENDING"
"MYL041","2019","Peninsular Malaysia","Residential","electricity","ALL","28877","GWh","final input; NCV for combustible fuels","ALTERNATIVE_SECTOR_TOTAL","pending mapping","identity; no national scaling or year bridge","Table17 supplier-statistics family; do not mix with end-use survey or Table29","MY_NEB2019","https://www.st.gov.my/sites/default/files/2026-02/NEB_2019.pdf","data/raw/malaysia-neb2019.pdf","141f20588ead46a942526a1e6c0a7f730a67cd586f071868f68294492aad3009","PDF57 Table17","National Energy Balance2019; ST(P)02/02/2022","2026-10-02","VERIFIED_SOURCE_TRANSCRIPTION","UNVERIFIED","PENDING"
"MYL042","2019","Peninsular Malaysia","Commercial","electricity","ALL","40471","GWh","final input; NCV for combustible fuels","ALTERNATIVE_SECTOR_TOTAL","pending mapping","identity; no national scaling or year bridge","Table17 supplier-statistics family; do not mix with end-use survey or Table29","MY_NEB2019","https://www.st.gov.my/sites/default/files/2026-02/NEB_2019.pdf","data/raw/malaysia-neb2019.pdf","141f20588ead46a942526a1e6c0a7f730a67cd586f071868f68294492aad3009","PDF57 Table17","National Energy Balance2019; ST(P)02/02/2022","2026-10-02","VERIFIED_SOURCE_TRANSCRIPTION","UNVERIFIED","PENDING"
"MYL043","2019","Peninsular Malaysia","Industry","electricity","ALL","54749","GWh","final input; NCV for combustible fuels","ALTERNATIVE_SECTOR_TOTAL","pending mapping","identity; no national scaling or year bridge","Table17 supplier-statistics family; do not mix with end-use survey or Table29","MY_NEB2019","https://www.st.gov.my/sites/default/files/2026-02/NEB_2019.pdf","data/raw/malaysia-neb2019.pdf","141f20588ead46a942526a1e6c0a7f730a67cd586f071868f68294492aad3009","PDF57 Table17","National Energy Balance2019; ST(P)02/02/2022","2026-10-02","VERIFIED_SOURCE_TRANSCRIPTION","UNVERIFIED","PENDING"
"MYL044","2019","Peninsular Malaysia","Transport","electricity","ALL","477","GWh","final input; NCV for combustible fuels","ALTERNATIVE_SECTOR_TOTAL","pending mapping","identity; no national scaling or year bridge","Table17 supplier-statistics family; do not mix with end-use survey or Table29","MY_NEB2019","https://www.st.gov.my/sites/default/files/2026-02/NEB_2019.pdf","data/raw/malaysia-neb2019.pdf","141f20588ead46a942526a1e6c0a7f730a67cd586f071868f68294492aad3009","PDF57 Table17","National Energy Balance2019; ST(P)02/02/2022","2026-10-02","VERIFIED_SOURCE_TRANSCRIPTION","UNVERIFIED","PENDING"
"MYL045","2019","Peninsular Malaysia","Agriculture","electricity","ALL","663.5","GWh","final input; NCV for combustible fuels","ALTERNATIVE_SECTOR_TOTAL","pending mapping","identity; no national scaling or year bridge","Table17 supplier-statistics family; do not mix with end-use survey or Table29","MY_NEB2019","https://www.st.gov.my/sites/default/files/2026-02/NEB_2019.pdf","data/raw/malaysia-neb2019.pdf","141f20588ead46a942526a1e6c0a7f730a67cd586f071868f68294492aad3009","PDF57 Table17","National Energy Balance2019; ST(P)02/02/2022","2026-10-02","VERIFIED_SOURCE_TRANSCRIPTION","UNVERIFIED","PENDING"
"MYL046","2019","Peninsular Malaysia","ALL","electricity","ALL","125238","GWh","final input; NCV for combustible fuels","ALTERNATIVE_SECTOR_TOTAL","pending mapping","identity; no national scaling or year bridge","Table17 supplier-statistics family; do not mix with end-use survey or Table29","MY_NEB2019","https://www.st.gov.my/sites/default/files/2026-02/NEB_2019.pdf","data/raw/malaysia-neb2019.pdf","141f20588ead46a942526a1e6c0a7f730a67cd586f071868f68294492aad3009","PDF57 Table17","National Energy Balance2019; ST(P)02/02/2022","2026-10-02","VERIFIED_SOURCE_TRANSCRIPTION","UNVERIFIED","PENDING"
"MYL047","2016","National","Residential","electricity","unclassified","2678","ktoe","final input; NCV for combustible fuels","ALTERNATIVE_FUEL_TOTAL","pending mapping","identity; no national scaling or year bridge","NEB balance family; excludes non-commercial biomass; sector allocation differs from Table17 in2019","MY_NEB2016","https://www.st.gov.my/sites/default/files/2026-02/ST-NEB_2016_Booklet.pdf","../phase3a5/data/raw/buildings/malaysia-neb2016.pdf","64c1fb95c13b8767a320364a046f832e6072a7f1520fe77a1fd661572272e914","PDF74-75 national energy balance","National Energy Balance2016; released2018","2026-10-02","VERIFIED_SOURCE_TRANSCRIPTION","UNVERIFIED","PENDING"
"MYL048","2016","National","Residential","natural gas","unclassified","1","ktoe","final input; NCV for combustible fuels","ALTERNATIVE_FUEL_TOTAL","pending mapping","identity; no national scaling or year bridge","NEB balance family; excludes non-commercial biomass; sector allocation differs from Table17 in2019","MY_NEB2016","https://www.st.gov.my/sites/default/files/2026-02/ST-NEB_2016_Booklet.pdf","../phase3a5/data/raw/buildings/malaysia-neb2016.pdf","64c1fb95c13b8767a320364a046f832e6072a7f1520fe77a1fd661572272e914","PDF74-75 national energy balance","National Energy Balance2016; released2018","2026-10-02","VERIFIED_SOURCE_TRANSCRIPTION","UNVERIFIED","PENDING"
"MYL049","2016","National","Residential","LPG","unclassified","602","ktoe","final input; NCV for combustible fuels","ALTERNATIVE_FUEL_TOTAL","pending mapping","identity; no national scaling or year bridge","NEB balance family; excludes non-commercial biomass; sector allocation differs from Table17 in2019","MY_NEB2016","https://www.st.gov.my/sites/default/files/2026-02/ST-NEB_2016_Booklet.pdf","../phase3a5/data/raw/buildings/malaysia-neb2016.pdf","64c1fb95c13b8767a320364a046f832e6072a7f1520fe77a1fd661572272e914","PDF74-75 national energy balance","National Energy Balance2016; released2018","2026-10-02","VERIFIED_SOURCE_TRANSCRIPTION","UNVERIFIED","PENDING"
"MYL050","2016","National","Residential","kerosene","unclassified","3","ktoe","final input; NCV for combustible fuels","ALTERNATIVE_FUEL_TOTAL","pending mapping","identity; no national scaling or year bridge","NEB balance family; excludes non-commercial biomass; sector allocation differs from Table17 in2019","MY_NEB2016","https://www.st.gov.my/sites/default/files/2026-02/ST-NEB_2016_Booklet.pdf","../phase3a5/data/raw/buildings/malaysia-neb2016.pdf","64c1fb95c13b8767a320364a046f832e6072a7f1520fe77a1fd661572272e914","PDF74-75 national energy balance","National Energy Balance2016; released2018","2026-10-02","VERIFIED_SOURCE_TRANSCRIPTION","UNVERIFIED","PENDING"
"MYL051","2016","National","Residential","ALL","unclassified","3284","ktoe","final input; NCV for combustible fuels","ALTERNATIVE_FUEL_TOTAL","pending mapping","identity; no national scaling or year bridge","NEB balance family; excludes non-commercial biomass; sector allocation differs from Table17 in2019","MY_NEB2016","https://www.st.gov.my/sites/default/files/2026-02/ST-NEB_2016_Booklet.pdf","../phase3a5/data/raw/buildings/malaysia-neb2016.pdf","64c1fb95c13b8767a320364a046f832e6072a7f1520fe77a1fd661572272e914","PDF74-75 national energy balance","National Energy Balance2016; released2018","2026-10-02","VERIFIED_SOURCE_TRANSCRIPTION","UNVERIFIED","PENDING"
"MYL052","2016","National","Commercial","electricity","unclassified","3816","ktoe","final input; NCV for combustible fuels","ALTERNATIVE_FUEL_TOTAL","pending mapping","identity; no national scaling or year bridge","NEB balance family; excludes non-commercial biomass; sector allocation differs from Table17 in2019","MY_NEB2016","https://www.st.gov.my/sites/default/files/2026-02/ST-NEB_2016_Booklet.pdf","../phase3a5/data/raw/buildings/malaysia-neb2016.pdf","64c1fb95c13b8767a320364a046f832e6072a7f1520fe77a1fd661572272e914","PDF74-75 national energy balance","National Energy Balance2016; released2018","2026-10-02","VERIFIED_SOURCE_TRANSCRIPTION","UNVERIFIED","PENDING"
"MYL053","2016","National","Commercial","natural gas","unclassified","24","ktoe","final input; NCV for combustible fuels","ALTERNATIVE_FUEL_TOTAL","pending mapping","identity; no national scaling or year bridge","NEB balance family; excludes non-commercial biomass; sector allocation differs from Table17 in2019","MY_NEB2016","https://www.st.gov.my/sites/default/files/2026-02/ST-NEB_2016_Booklet.pdf","../phase3a5/data/raw/buildings/malaysia-neb2016.pdf","64c1fb95c13b8767a320364a046f832e6072a7f1520fe77a1fd661572272e914","PDF74-75 national energy balance","National Energy Balance2016; released2018","2026-10-02","VERIFIED_SOURCE_TRANSCRIPTION","UNVERIFIED","PENDING"
"MYL054","2016","National","Commercial","diesel","unclassified","151","ktoe","final input; NCV for combustible fuels","ALTERNATIVE_FUEL_TOTAL","pending mapping","identity; no national scaling or year bridge","NEB balance family; excludes non-commercial biomass; sector allocation differs from Table17 in2019","MY_NEB2016","https://www.st.gov.my/sites/default/files/2026-02/ST-NEB_2016_Booklet.pdf","../phase3a5/data/raw/buildings/malaysia-neb2016.pdf","64c1fb95c13b8767a320364a046f832e6072a7f1520fe77a1fd661572272e914","PDF74-75 national energy balance","National Energy Balance2016; released2018","2026-10-02","VERIFIED_SOURCE_TRANSCRIPTION","UNVERIFIED","PENDING"
"MYL055","2016","National","Commercial","fuel oil","unclassified","14","ktoe","final input; NCV for combustible fuels","ALTERNATIVE_FUEL_TOTAL","pending mapping","identity; no national scaling or year bridge","NEB balance family; excludes non-commercial biomass; sector allocation differs from Table17 in2019","MY_NEB2016","https://www.st.gov.my/sites/default/files/2026-02/ST-NEB_2016_Booklet.pdf","../phase3a5/data/raw/buildings/malaysia-neb2016.pdf","64c1fb95c13b8767a320364a046f832e6072a7f1520fe77a1fd661572272e914","PDF74-75 national energy balance","National Energy Balance2016; released2018","2026-10-02","VERIFIED_SOURCE_TRANSCRIPTION","UNVERIFIED","PENDING"
"MYL056","2016","National","Commercial","LPG","unclassified","760","ktoe","final input; NCV for combustible fuels","ALTERNATIVE_FUEL_TOTAL","pending mapping","identity; no national scaling or year bridge","NEB balance family; excludes non-commercial biomass; sector allocation differs from Table17 in2019","MY_NEB2016","https://www.st.gov.my/sites/default/files/2026-02/ST-NEB_2016_Booklet.pdf","../phase3a5/data/raw/buildings/malaysia-neb2016.pdf","64c1fb95c13b8767a320364a046f832e6072a7f1520fe77a1fd661572272e914","PDF74-75 national energy balance","National Energy Balance2016; released2018","2026-10-02","VERIFIED_SOURCE_TRANSCRIPTION","UNVERIFIED","PENDING"
"MYL057","2016","National","Commercial","ALL","unclassified","4765","ktoe","final input; NCV for combustible fuels","ALTERNATIVE_FUEL_TOTAL","pending mapping","identity; no national scaling or year bridge","NEB balance family; excludes non-commercial biomass; sector allocation differs from Table17 in2019","MY_NEB2016","https://www.st.gov.my/sites/default/files/2026-02/ST-NEB_2016_Booklet.pdf","../phase3a5/data/raw/buildings/malaysia-neb2016.pdf","64c1fb95c13b8767a320364a046f832e6072a7f1520fe77a1fd661572272e914","PDF74-75 national energy balance","National Energy Balance2016; released2018","2026-10-02","VERIFIED_SOURCE_TRANSCRIPTION","UNVERIFIED","PENDING"
"MYL058","2019","National","Residential","electricity","unclassified","2715","ktoe","final input; NCV for combustible fuels","ALTERNATIVE_FUEL_TOTAL","pending mapping","identity; no national scaling or year bridge","NEB balance family; excludes non-commercial biomass; sector allocation differs from Table17 in2019","MY_NEB2019","https://www.st.gov.my/sites/default/files/2026-02/NEB_2019.pdf","data/raw/malaysia-neb2019.pdf","141f20588ead46a942526a1e6c0a7f730a67cd586f071868f68294492aad3009","PDF72-73 Table29","National Energy Balance2019; ST(P)02/02/2022","2026-10-02","VERIFIED_SOURCE_TRANSCRIPTION","UNVERIFIED","PENDING"
"MYL059","2019","National","Residential","natural gas","unclassified","1","ktoe","final input; NCV for combustible fuels","ALTERNATIVE_FUEL_TOTAL","pending mapping","identity; no national scaling or year bridge","NEB balance family; excludes non-commercial biomass; sector allocation differs from Table17 in2019","MY_NEB2019","https://www.st.gov.my/sites/default/files/2026-02/NEB_2019.pdf","data/raw/malaysia-neb2019.pdf","141f20588ead46a942526a1e6c0a7f730a67cd586f071868f68294492aad3009","PDF72-73 Table29","National Energy Balance2019; ST(P)02/02/2022","2026-10-02","VERIFIED_SOURCE_TRANSCRIPTION","UNVERIFIED","PENDING"
"MYL060","2019","National","Residential","LPG","unclassified","615","ktoe","final input; NCV for combustible fuels","ALTERNATIVE_FUEL_TOTAL","pending mapping","identity; no national scaling or year bridge","NEB balance family; excludes non-commercial biomass; sector allocation differs from Table17 in2019","MY_NEB2019","https://www.st.gov.my/sites/default/files/2026-02/NEB_2019.pdf","data/raw/malaysia-neb2019.pdf","141f20588ead46a942526a1e6c0a7f730a67cd586f071868f68294492aad3009","PDF72-73 Table29","National Energy Balance2019; ST(P)02/02/2022","2026-10-02","VERIFIED_SOURCE_TRANSCRIPTION","UNVERIFIED","PENDING"
"MYL061","2019","National","Residential","kerosene","unclassified","8","ktoe","final input; NCV for combustible fuels","ALTERNATIVE_FUEL_TOTAL","pending mapping","identity; no national scaling or year bridge","NEB balance family; excludes non-commercial biomass; sector allocation differs from Table17 in2019","MY_NEB2019","https://www.st.gov.my/sites/default/files/2026-02/NEB_2019.pdf","data/raw/malaysia-neb2019.pdf","141f20588ead46a942526a1e6c0a7f730a67cd586f071868f68294492aad3009","PDF72-73 Table29","National Energy Balance2019; ST(P)02/02/2022","2026-10-02","VERIFIED_SOURCE_TRANSCRIPTION","UNVERIFIED","PENDING"
"MYL062","2019","National","Residential","ALL","unclassified","3339","ktoe","final input; NCV for combustible fuels","ALTERNATIVE_FUEL_TOTAL","pending mapping","identity; no national scaling or year bridge","NEB balance family; excludes non-commercial biomass; sector allocation differs from Table17 in2019","MY_NEB2019","https://www.st.gov.my/sites/default/files/2026-02/NEB_2019.pdf","data/raw/malaysia-neb2019.pdf","141f20588ead46a942526a1e6c0a7f730a67cd586f071868f68294492aad3009","PDF72-73 Table29","National Energy Balance2019; ST(P)02/02/2022","2026-10-02","VERIFIED_SOURCE_TRANSCRIPTION","UNVERIFIED","PENDING"
"MYL063","2019","National","Commercial","electricity","unclassified","4086","ktoe","final input; NCV for combustible fuels","ALTERNATIVE_FUEL_TOTAL","pending mapping","identity; no national scaling or year bridge","NEB balance family; excludes non-commercial biomass; sector allocation differs from Table17 in2019","MY_NEB2019","https://www.st.gov.my/sites/default/files/2026-02/NEB_2019.pdf","data/raw/malaysia-neb2019.pdf","141f20588ead46a942526a1e6c0a7f730a67cd586f071868f68294492aad3009","PDF72-73 Table29","National Energy Balance2019; ST(P)02/02/2022","2026-10-02","VERIFIED_SOURCE_TRANSCRIPTION","UNVERIFIED","PENDING"
"MYL064","2019","National","Commercial","natural gas","unclassified","23","ktoe","final input; NCV for combustible fuels","ALTERNATIVE_FUEL_TOTAL","pending mapping","identity; no national scaling or year bridge","NEB balance family; excludes non-commercial biomass; sector allocation differs from Table17 in2019","MY_NEB2019","https://www.st.gov.my/sites/default/files/2026-02/NEB_2019.pdf","data/raw/malaysia-neb2019.pdf","141f20588ead46a942526a1e6c0a7f730a67cd586f071868f68294492aad3009","PDF72-73 Table29","National Energy Balance2019; ST(P)02/02/2022","2026-10-02","VERIFIED_SOURCE_TRANSCRIPTION","UNVERIFIED","PENDING"
"MYL065","2019","National","Commercial","diesel","unclassified","340","ktoe","final input; NCV for combustible fuels","ALTERNATIVE_FUEL_TOTAL","pending mapping","identity; no national scaling or year bridge","NEB balance family; excludes non-commercial biomass; sector allocation differs from Table17 in2019","MY_NEB2019","https://www.st.gov.my/sites/default/files/2026-02/NEB_2019.pdf","data/raw/malaysia-neb2019.pdf","141f20588ead46a942526a1e6c0a7f730a67cd586f071868f68294492aad3009","PDF72-73 Table29","National Energy Balance2019; ST(P)02/02/2022","2026-10-02","VERIFIED_SOURCE_TRANSCRIPTION","UNVERIFIED","PENDING"
"MYL066","2019","National","Commercial","fuel oil","unclassified","50","ktoe","final input; NCV for combustible fuels","ALTERNATIVE_FUEL_TOTAL","pending mapping","identity; no national scaling or year bridge","NEB balance family; excludes non-commercial biomass; sector allocation differs from Table17 in2019","MY_NEB2019","https://www.st.gov.my/sites/default/files/2026-02/NEB_2019.pdf","data/raw/malaysia-neb2019.pdf","141f20588ead46a942526a1e6c0a7f730a67cd586f071868f68294492aad3009","PDF72-73 Table29","National Energy Balance2019; ST(P)02/02/2022","2026-10-02","VERIFIED_SOURCE_TRANSCRIPTION","UNVERIFIED","PENDING"
"MYL067","2019","National","Commercial","LPG","unclassified","163","ktoe","final input; NCV for combustible fuels","ALTERNATIVE_FUEL_TOTAL","pending mapping","identity; no national scaling or year bridge","NEB balance family; excludes non-commercial biomass; sector allocation differs from Table17 in2019","MY_NEB2019","https://www.st.gov.my/sites/default/files/2026-02/NEB_2019.pdf","data/raw/malaysia-neb2019.pdf","141f20588ead46a942526a1e6c0a7f730a67cd586f071868f68294492aad3009","PDF72-73 Table29","National Energy Balance2019; ST(P)02/02/2022","2026-10-02","VERIFIED_SOURCE_TRANSCRIPTION","UNVERIFIED","PENDING"
"MYL068","2019","National","Commercial","ALL","unclassified","4662","ktoe","final input; NCV for combustible fuels","ALTERNATIVE_FUEL_TOTAL","pending mapping","identity; no national scaling or year bridge","NEB balance family; excludes non-commercial biomass; sector allocation differs from Table17 in2019","MY_NEB2019","https://www.st.gov.my/sites/default/files/2026-02/NEB_2019.pdf","data/raw/malaysia-neb2019.pdf","141f20588ead46a942526a1e6c0a7f730a67cd586f071868f68294492aad3009","PDF72-73 Table29","National Energy Balance2019; ST(P)02/02/2022","2026-10-02","VERIFIED_SOURCE_TRANSCRIPTION","UNVERIFIED","PENDING"
"MYL069","2019","National","Residential","Charcoal","unclassified","0.882","Metric tons,  thousand","reported raw source basis","ALTERNATIVE_FUEL_TOTAL","pending mapping","identity; no national scaling or year bridge","Reused exact raw2019 UNdata row from2025-05-02 export; does not establish same population/partition as NEB","UNSD_UNdata_Export_20250502_110403305","","../phase3a5/data/raw/buildings/unsd/UNdata_Export_20250502_110403305.txt","da54b258ffb4927f30834c01f4e9aff7c267dd70c5ef5760292dd21ef5802345","CSV record 22265 (header=1), physical end line 22265; Charcoal - Consumption by households","UNdata export2025-05-02; original query URL not retained","2026-10-02","VERIFIED_SOURCE_TRANSCRIPTION","UNVERIFIED","PENDING"
"MYL070","2019","National","Services","Fuel oil","unclassified","50.423","Metric tons,  thousand","reported raw source basis","ALTERNATIVE_FUEL_TOTAL","pending mapping","identity; no national scaling or year bridge","Reused exact raw2019 UNdata row from2025-05-02 export; does not establish same population/partition as NEB","UNSD_UNdata_Export_20250502_110515832","","../phase3a5/data/raw/buildings/unsd/UNdata_Export_20250502_110515832.txt","b5ec374fcb60a4567468b3279fe6fa584ed0506d32f42a80e0760becce6c5cdb","CSV record 58187 (header=1), physical end line 58187; Fuel oil - Consumption by commerce and public services","UNdata export2025-05-02; original query URL not retained","2026-10-02","VERIFIED_SOURCE_TRANSCRIPTION","UNVERIFIED","PENDING"
"MYL071","2019","National","Residential","Fuelwood","unclassified","2275.332","Cubic metres, thousand","reported raw source basis","ALTERNATIVE_FUEL_TOTAL","pending mapping","identity; no national scaling or year bridge","Reused exact raw2019 UNdata row from2025-05-02 export; does not establish same population/partition as NEB","UNSD_UNdata_Export_20250502_110532316","","../phase3a5/data/raw/buildings/unsd/UNdata_Export_20250502_110532316.txt","26a364db4d763d9d5a69eff04aa717af5db5d2736c5c1f4e47223a12eae7db66","CSV record 44601 (header=1), physical end line 44601; Fuelwood - Consumption by households","UNdata export2025-05-02; original query URL not retained","2026-10-02","VERIFIED_SOURCE_TRANSCRIPTION","UNVERIFIED","PENDING"
"MYL072","2019","National","Services","Gas Oil/ Diesel Oil","unclassified","334.542","Metric tons,  thousand","reported raw source basis","ALTERNATIVE_FUEL_TOTAL","pending mapping","identity; no national scaling or year bridge","Reused exact raw2019 UNdata row from2025-05-02 export; does not establish same population/partition as NEB","UNSD_UNdata_Export_20250502_110559984","","../phase3a5/data/raw/buildings/unsd/UNdata_Export_20250502_110559984.txt","1c2952a5f87bfcdb0eef1af6b6c774e741a99e5b72c5ced91a585d6efe9be50a","CSV record 57698 (header=1), physical end line 57698; Gas Oil/ Diesel Oil - Consumption by commerce and public services","UNdata export2025-05-02; original query URL not retained","2026-10-02","VERIFIED_SOURCE_TRANSCRIPTION","UNVERIFIED","PENDING"
"MYL073","2019","National","Residential","Liquefied petroleum gas (LPG)","unclassified","731.547","Metric tons,  thousand","reported raw source basis","ALTERNATIVE_FUEL_TOTAL","pending mapping","identity; no national scaling or year bridge","Reused exact raw2019 UNdata row from2025-05-02 export; does not establish same population/partition as NEB","UNSD_UNdata_Export_20250502_110656973","","../phase3a5/data/raw/buildings/unsd/UNdata_Export_20250502_110656973.txt","b02371f39dec320e227fd3223fcf8ad545595b5b53b48d2834bf9a838191076e","CSV record 52713 (header=1), physical end line 52713; Liquefied petroleum gas (LPG) - Consumption by households","UNdata export2025-05-02; original query URL not retained","2026-10-02","VERIFIED_SOURCE_TRANSCRIPTION","UNVERIFIED","PENDING"
"MYL074","2019","National","Services","Liquified Petroleum Gas (LPG)","unclassified","329.071","Metric tons,  thousand","reported raw source basis","ALTERNATIVE_FUEL_TOTAL","pending mapping","identity; no national scaling or year bridge","Reused exact raw2019 UNdata row from2025-05-02 export; does not establish same population/partition as NEB","UNSD_UNdata_Export_20250502_110656973","","../phase3a5/data/raw/buildings/unsd/UNdata_Export_20250502_110656973.txt","b02371f39dec320e227fd3223fcf8ad545595b5b53b48d2834bf9a838191076e","CSV record 52757 (header=1), physical end line 52757; Liquified Petroleum Gas (LPG) - Consumption by commerce and public services","UNdata export2025-05-02; original query URL not retained","2026-10-02","VERIFIED_SOURCE_TRANSCRIPTION","UNVERIFIED","PENDING"
"MYL075","2019","National","Residential","Natural gas (including LNG)","unclassified","27.96","Terajoules","reported raw source basis","ALTERNATIVE_FUEL_TOTAL","pending mapping","identity; no national scaling or year bridge","Reused exact raw2019 UNdata row from2025-05-02 export; does not establish same population/partition as NEB","UNSD_UNdata_Export_20250502_110721508","","../phase3a5/data/raw/buildings/unsd/UNdata_Export_20250502_110721508.txt","fa8613ee3560bfc2f73f60f4c0995c995b0bec8fd75a59190fe4ad6c63a9e988","CSV record 54866 (header=1), physical end line 54866; Natural gas (including LNG) - consumption by households","UNdata export2025-05-02; original query URL not retained","2026-10-02","VERIFIED_SOURCE_TRANSCRIPTION","UNVERIFIED","PENDING"
"MYL076","2019","National","Services","Natural Gas (including LNG)","unclassified","1081.691","Terajoules","reported raw source basis","ALTERNATIVE_FUEL_TOTAL","pending mapping","identity; no national scaling or year bridge","Reused exact raw2019 UNdata row from2025-05-02 export; does not establish same population/partition as NEB","UNSD_UNdata_Export_20250502_110721508","","../phase3a5/data/raw/buildings/unsd/UNdata_Export_20250502_110721508.txt","fa8613ee3560bfc2f73f60f4c0995c995b0bec8fd75a59190fe4ad6c63a9e988","CSV record 54916 (header=1), physical end line 54916; Natural Gas (including LNG) - consumption by commerce and public services","UNdata export2025-05-02; original query URL not retained","2026-10-02","VERIFIED_SOURCE_TRANSCRIPTION","UNVERIFIED","PENDING"
"MYL077","2019","National","Residential","Electricity","unclassified","31570.164","Kilowatt-hours, million","reported raw source basis","ALTERNATIVE_FUEL_TOTAL","pending mapping","identity; no national scaling or year bridge","Reused exact raw2019 UNdata row from2025-05-02 export; does not establish same population/partition as NEB","UNSD_UNdata_Export_20250502_110820872","","../phase3a5/data/raw/buildings/unsd/UNdata_Export_20250502_110820872.txt","12c99b3c40927449d9a4d0402f255a8b84b24917ff58e54efd4ec43b2125fe6b","CSV record 55429 (header=1), physical end line 55429; Electricity - Consumption by households","UNdata export2025-05-02; original query URL not retained","2026-10-02","VERIFIED_SOURCE_TRANSCRIPTION","UNVERIFIED","PENDING"
"MYL078","2019","National","Services","Electricity","unclassified","47517.709","Kilowatt-hours, million","reported raw source basis","ALTERNATIVE_FUEL_TOTAL","pending mapping","identity; no national scaling or year bridge","Reused exact raw2019 UNdata row from2025-05-02 export; does not establish same population/partition as NEB","UNSD_UNdata_Export_20250502_110820872","","../phase3a5/data/raw/buildings/unsd/UNdata_Export_20250502_110820872.txt","12c99b3c40927449d9a4d0402f255a8b84b24917ff58e54efd4ec43b2125fe6b","CSV record 55459 (header=1), physical end line 55459; Electricity - Consumption by commercial and public services","UNdata export2025-05-02; original query URL not retained","2026-10-02","VERIFIED_SOURCE_TRANSCRIPTION","UNVERIFIED","PENDING"
"MYL079","2016","National","Residential + Commercial","ALL","ALL","8051","ktoe","final input; NCV for combustible fuels","TIME_SERIES_PARENT","pending mapping","identity; no national scaling or year bridge","2019 edition; not independent end-use-share evidence","MY_NEB2019","https://www.st.gov.my/sites/default/files/2026-02/NEB_2019.pdf","data/raw/malaysia-neb2019.pdf","141f20588ead46a942526a1e6c0a7f730a67cd586f071868f68294492aad3009","PDF67 Table25","National Energy Balance2019; ST(P)02/02/2022","2026-10-02","VERIFIED_SOURCE_TRANSCRIPTION","UNVERIFIED","PENDING"
"MYL080","2016","National","ALL","electricity","ALL","12394","ktoe","final input; NCV for combustible fuels","TIME_SERIES_PARENT","pending mapping","identity; no national scaling or year bridge","2019 edition historical series;2016 edition finalelectric12392 differs slightly","MY_NEB2019","https://www.st.gov.my/sites/default/files/2026-02/NEB_2019.pdf","data/raw/malaysia-neb2019.pdf","141f20588ead46a942526a1e6c0a7f730a67cd586f071868f68294492aad3009","PDF68 Table26","National Energy Balance2019; ST(P)02/02/2022","2026-10-02","VERIFIED_SOURCE_TRANSCRIPTION","UNVERIFIED","PENDING"
"MYL081","2017","National","Residential + Commercial","ALL","ALL","7796","ktoe","final input; NCV for combustible fuels","TIME_SERIES_PARENT","pending mapping","identity; no national scaling or year bridge","2019 edition; not independent end-use-share evidence","MY_NEB2019","https://www.st.gov.my/sites/default/files/2026-02/NEB_2019.pdf","data/raw/malaysia-neb2019.pdf","141f20588ead46a942526a1e6c0a7f730a67cd586f071868f68294492aad3009","PDF67 Table25","National Energy Balance2019; ST(P)02/02/2022","2026-10-02","VERIFIED_SOURCE_TRANSCRIPTION","UNVERIFIED","PENDING"
"MYL082","2017","National","ALL","electricity","ALL","12607","ktoe","final input; NCV for combustible fuels","TIME_SERIES_PARENT","pending mapping","identity; no national scaling or year bridge","2019 edition historical series;2016 edition finalelectric12392 differs slightly","MY_NEB2019","https://www.st.gov.my/sites/default/files/2026-02/NEB_2019.pdf","data/raw/malaysia-neb2019.pdf","141f20588ead46a942526a1e6c0a7f730a67cd586f071868f68294492aad3009","PDF68 Table26","National Energy Balance2019; ST(P)02/02/2022","2026-10-02","VERIFIED_SOURCE_TRANSCRIPTION","UNVERIFIED","PENDING"
"MYL083","2018","National","Residential + Commercial","ALL","ALL","7773","ktoe","final input; NCV for combustible fuels","TIME_SERIES_PARENT","pending mapping","identity; no national scaling or year bridge","2019 edition; not independent end-use-share evidence","MY_NEB2019","https://www.st.gov.my/sites/default/files/2026-02/NEB_2019.pdf","data/raw/malaysia-neb2019.pdf","141f20588ead46a942526a1e6c0a7f730a67cd586f071868f68294492aad3009","PDF67 Table25","National Energy Balance2019; ST(P)02/02/2022","2026-10-02","VERIFIED_SOURCE_TRANSCRIPTION","UNVERIFIED","PENDING"
"MYL084","2018","National","ALL","electricity","ALL","13153","ktoe","final input; NCV for combustible fuels","TIME_SERIES_PARENT","pending mapping","identity; no national scaling or year bridge","2019 edition historical series;2016 edition finalelectric12392 differs slightly","MY_NEB2019","https://www.st.gov.my/sites/default/files/2026-02/NEB_2019.pdf","data/raw/malaysia-neb2019.pdf","141f20588ead46a942526a1e6c0a7f730a67cd586f071868f68294492aad3009","PDF68 Table26","National Energy Balance2019; ST(P)02/02/2022","2026-10-02","VERIFIED_SOURCE_TRANSCRIPTION","UNVERIFIED","PENDING"
"MYL085","2019","National","Residential + Commercial","ALL","ALL","8000","ktoe","final input; NCV for combustible fuels","TIME_SERIES_PARENT","pending mapping","identity; no national scaling or year bridge","2019 edition; not independent end-use-share evidence","MY_NEB2019","https://www.st.gov.my/sites/default/files/2026-02/NEB_2019.pdf","data/raw/malaysia-neb2019.pdf","141f20588ead46a942526a1e6c0a7f730a67cd586f071868f68294492aad3009","PDF67 Table25","National Energy Balance2019; ST(P)02/02/2022","2026-10-02","VERIFIED_SOURCE_TRANSCRIPTION","UNVERIFIED","PENDING"
"MYL086","2019","National","ALL","electricity","ALL","13647","ktoe","final input; NCV for combustible fuels","TIME_SERIES_PARENT","pending mapping","identity; no national scaling or year bridge","2019 edition historical series;2016 edition finalelectric12392 differs slightly","MY_NEB2019","https://www.st.gov.my/sites/default/files/2026-02/NEB_2019.pdf","data/raw/malaysia-neb2019.pdf","141f20588ead46a942526a1e6c0a7f730a67cd586f071868f68294492aad3009","PDF68 Table26","National Energy Balance2019; ST(P)02/02/2022","2026-10-02","VERIFIED_SOURCE_TRANSCRIPTION","UNVERIFIED","PENDING"
